snapshot_id,snapshot_file,input_rows,probability_games,exact_score_games,mpg_games,total_expected_points,avg_expected_points,min_expected_points,max_expected_points,strategies_changed_by_exact_bonus
20260521T212649Z,data/odds_snapshots/2026/05/world_cup_first_round_odds_20260521T212649Z.csv,2643,72,72,24,836.942036075647,34.872584836485295,19.88982207402928,39.9708515385404,3
20260522T225045Z,data/odds_snapshots/2026/05/world_cup_first_round_odds_20260522T225045Z.csv,4280,72,72,24,839.0950991579098,34.96229579824624,19.37174179028108,40.074812707248974,3
20260523T203530Z,data/odds_snapshots/2026/05/world_cup_first_round_odds_20260523T203530Z.csv,4289,72,72,24,838.4500883262889,34.9354203469287,19.234667670576712,40.0517328264643,3
20260526T094844Z,data/odds_snapshots/2026/05/world_cup_first_round_odds_20260526T094844Z.csv,4680,72,72,24,837.8305304207905,34.909605434199605,19.15528464203744,40.01412106542169,3
20260602T205014Z,data/odds_snapshots/2026/06/world_cup_first_round_odds_20260602T205014Z.csv,5903,72,72,24,842.1854528371997,35.09106053488332,19.108654217585688,40.11555878222455,2
20260603T115319Z,data/odds_snapshots/2026/06/world_cup_first_round_odds_20260603T115319Z.csv,5906,72,72,24,843.9905121413386,35.16627133922244,19.095567011224464,40.843483316117,2
20260605T235512Z,data/odds_snapshots/2026/06/world_cup_first_round_odds_20260605T235512Z.csv,6048,72,72,24,842.0773459198949,35.086556079995624,19.133257124070667,40.90466248733004,3
20260610T095721Z,data/odds_snapshots/2026/06/world_cup_first_round_odds_20260610T095721Z.csv,6686,72,72,24,844.6930144730294,35.195542269709556,19.249397314727766,42.412381034207556,4
20260611T141320Z,data/odds_snapshots/2026/06/world_cup_first_round_odds_20260611T141320Z.csv,6627,72,72,24,846.1363636707069,35.25568181961279,19.097771579056438,42.684546659464644,1
