event_id,commence_time,home_team,away_team,game_stage,bookmaker_key,bookmaker,bookmaker_last_update,market,market_last_update,outcome,price,point
a518ac20df8f5c732b881e213ae0c230,2026-07-02T19:00:00Z,Spain,Austria,elimination,pmu_fr,PMU (FR),2026-07-02T12:39:25Z,h2h,2026-07-02T12:39:25Z,Austria,10.0,
a518ac20df8f5c732b881e213ae0c230,2026-07-02T19:00:00Z,Spain,Austria,elimination,pmu_fr,PMU (FR),2026-07-02T12:39:25Z,h2h,2026-07-02T12:39:25Z,Spain,1.3,
a518ac20df8f5c732b881e213ae0c230,2026-07-02T19:00:00Z,Spain,Austria,elimination,pmu_fr,PMU (FR),2026-07-02T12:39:25Z,h2h,2026-07-02T12:39:25Z,Draw,5.5,
a518ac20df8f5c732b881e213ae0c230,2026-07-02T19:00:00Z,Spain,Austria,elimination,pmu_fr,PMU (FR),2026-07-02T12:39:25Z,totals,2026-07-02T12:39:25Z,Over,1.63,2.5
a518ac20df8f5c732b881e213ae0c230,2026-07-02T19:00:00Z,Spain,Austria,elimination,pmu_fr,PMU (FR),2026-07-02T12:39:25Z,totals,2026-07-02T12:39:25Z,Under,2.1,2.5
a518ac20df8f5c732b881e213ae0c230,2026-07-02T19:00:00Z,Spain,Austria,elimination,unibet_se,Unibet (SE),2026-07-02T12:39:01Z,h2h,2026-07-02T12:39:01Z,Austria,11.5,
a518ac20df8f5c732b881e213ae0c230,2026-07-02T19:00:00Z,Spain,Austria,elimination,unibet_se,Unibet (SE),2026-07-02T12:39:01Z,h2h,2026-07-02T12:39:01Z,Spain,1.33,
a518ac20df8f5c732b881e213ae0c230,2026-07-02T19:00:00Z,Spain,Austria,elimination,unibet_se,Unibet (SE),2026-07-02T12:39:01Z,h2h,2026-07-02T12:39:01Z,Draw,5.5,
a518ac20df8f5c732b881e213ae0c230,2026-07-02T19:00:00Z,Spain,Austria,elimination,unibet_se,Unibet (SE),2026-07-02T12:39:01Z,totals,2026-07-02T12:39:01Z,Over,1.7,2.5
a518ac20df8f5c732b881e213ae0c230,2026-07-02T19:00:00Z,Spain,Austria,elimination,unibet_se,Unibet (SE),2026-07-02T12:39:01Z,totals,2026-07-02T12:39:01Z,Under,2.2,2.5
a518ac20df8f5c732b881e213ae0c230,2026-07-02T19:00:00Z,Spain,Austria,elimination,unibet_fr,Unibet (FR),2026-07-02T12:39:24Z,h2h,2026-07-02T12:39:24Z,Austria,12.0,
a518ac20df8f5c732b881e213ae0c230,2026-07-02T19:00:00Z,Spain,Austria,elimination,unibet_fr,Unibet (FR),2026-07-02T12:39:24Z,h2h,2026-07-02T12:39:24Z,Spain,1.29,
a518ac20df8f5c732b881e213ae0c230,2026-07-02T19:00:00Z,Spain,Austria,elimination,unibet_fr,Unibet (FR),2026-07-02T12:39:24Z,h2h,2026-07-02T12:39:24Z,Draw,5.7,
a518ac20df8f5c732b881e213ae0c230,2026-07-02T19:00:00Z,Spain,Austria,elimination,leovegas_se,LeoVegas (SE),2026-07-02T12:39:25Z,h2h,2026-07-02T12:39:25Z,Austria,10.5,
a518ac20df8f5c732b881e213ae0c230,2026-07-02T19:00:00Z,Spain,Austria,elimination,leovegas_se,LeoVegas (SE),2026-07-02T12:39:25Z,h2h,2026-07-02T12:39:25Z,Spain,1.3,
a518ac20df8f5c732b881e213ae0c230,2026-07-02T19:00:00Z,Spain,Austria,elimination,leovegas_se,LeoVegas (SE),2026-07-02T12:39:25Z,h2h,2026-07-02T12:39:25Z,Draw,5.2,
a518ac20df8f5c732b881e213ae0c230,2026-07-02T19:00:00Z,Spain,Austria,elimination,unibet_nl,Unibet (NL),2026-07-02T12:38:26Z,h2h,2026-07-02T12:38:26Z,Austria,11.5,
a518ac20df8f5c732b881e213ae0c230,2026-07-02T19:00:00Z,Spain,Austria,elimination,unibet_nl,Unibet (NL),2026-07-02T12:38:26Z,h2h,2026-07-02T12:38:26Z,Spain,1.33,
a518ac20df8f5c732b881e213ae0c230,2026-07-02T19:00:00Z,Spain,Austria,elimination,unibet_nl,Unibet (NL),2026-07-02T12:38:26Z,h2h,2026-07-02T12:38:26Z,Draw,5.5,
a518ac20df8f5c732b881e213ae0c230,2026-07-02T19:00:00Z,Spain,Austria,elimination,unibet_nl,Unibet (NL),2026-07-02T12:38:26Z,totals,2026-07-02T12:38:26Z,Over,1.67,2.5
a518ac20df8f5c732b881e213ae0c230,2026-07-02T19:00:00Z,Spain,Austria,elimination,unibet_nl,Unibet (NL),2026-07-02T12:38:26Z,totals,2026-07-02T12:38:26Z,Under,2.15,2.5
a518ac20df8f5c732b881e213ae0c230,2026-07-02T19:00:00Z,Spain,Austria,elimination,codere_it,Codere (IT),2026-07-02T12:39:13Z,h2h,2026-07-02T12:39:13Z,Austria,10.0,
a518ac20df8f5c732b881e213ae0c230,2026-07-02T19:00:00Z,Spain,Austria,elimination,codere_it,Codere (IT),2026-07-02T12:39:13Z,h2h,2026-07-02T12:39:13Z,Spain,1.3,
a518ac20df8f5c732b881e213ae0c230,2026-07-02T19:00:00Z,Spain,Austria,elimination,codere_it,Codere (IT),2026-07-02T12:39:13Z,h2h,2026-07-02T12:39:13Z,Draw,5.6,
a518ac20df8f5c732b881e213ae0c230,2026-07-02T19:00:00Z,Spain,Austria,elimination,codere_it,Codere (IT),2026-07-02T12:39:13Z,totals,2026-07-02T12:39:13Z,Over,1.64,2.5
a518ac20df8f5c732b881e213ae0c230,2026-07-02T19:00:00Z,Spain,Austria,elimination,codere_it,Codere (IT),2026-07-02T12:39:13Z,totals,2026-07-02T12:39:13Z,Under,2.09,2.5
a518ac20df8f5c732b881e213ae0c230,2026-07-02T19:00:00Z,Spain,Austria,elimination,betclic_fr,Betclic (FR),2026-07-02T12:36:09Z,h2h,2026-07-02T12:36:09Z,Austria,11.5,
a518ac20df8f5c732b881e213ae0c230,2026-07-02T19:00:00Z,Spain,Austria,elimination,betclic_fr,Betclic (FR),2026-07-02T12:36:09Z,h2h,2026-07-02T12:36:09Z,Spain,1.3,
a518ac20df8f5c732b881e213ae0c230,2026-07-02T19:00:00Z,Spain,Austria,elimination,betclic_fr,Betclic (FR),2026-07-02T12:36:09Z,h2h,2026-07-02T12:36:09Z,Draw,5.6,
a518ac20df8f5c732b881e213ae0c230,2026-07-02T19:00:00Z,Spain,Austria,elimination,tipico_de,Tipico,2026-07-02T12:39:12Z,h2h,2026-07-02T12:39:12Z,Austria,10.5,
a518ac20df8f5c732b881e213ae0c230,2026-07-02T19:00:00Z,Spain,Austria,elimination,tipico_de,Tipico,2026-07-02T12:39:12Z,h2h,2026-07-02T12:39:12Z,Spain,1.28,
a518ac20df8f5c732b881e213ae0c230,2026-07-02T19:00:00Z,Spain,Austria,elimination,tipico_de,Tipico,2026-07-02T12:39:12Z,h2h,2026-07-02T12:39:12Z,Draw,5.7,
a518ac20df8f5c732b881e213ae0c230,2026-07-02T19:00:00Z,Spain,Austria,elimination,mybookieag,MyBookie.ag,2026-07-02T12:37:31Z,h2h,2026-07-02T12:37:31Z,Austria,10.0,
a518ac20df8f5c732b881e213ae0c230,2026-07-02T19:00:00Z,Spain,Austria,elimination,mybookieag,MyBookie.ag,2026-07-02T12:37:31Z,h2h,2026-07-02T12:37:31Z,Spain,1.29,
a518ac20df8f5c732b881e213ae0c230,2026-07-02T19:00:00Z,Spain,Austria,elimination,mybookieag,MyBookie.ag,2026-07-02T12:37:31Z,h2h,2026-07-02T12:37:31Z,Draw,5.3,
a518ac20df8f5c732b881e213ae0c230,2026-07-02T19:00:00Z,Spain,Austria,elimination,mybookieag,MyBookie.ag,2026-07-02T12:37:31Z,spreads,2026-07-02T12:37:31Z,Austria,1.94,1.5
a518ac20df8f5c732b881e213ae0c230,2026-07-02T19:00:00Z,Spain,Austria,elimination,mybookieag,MyBookie.ag,2026-07-02T12:37:31Z,spreads,2026-07-02T12:37:31Z,Spain,1.87,-1.5
a518ac20df8f5c732b881e213ae0c230,2026-07-02T19:00:00Z,Spain,Austria,elimination,mybookieag,MyBookie.ag,2026-07-02T12:37:31Z,totals,2026-07-02T12:37:31Z,Over,2.14,3.0
a518ac20df8f5c732b881e213ae0c230,2026-07-02T19:00:00Z,Spain,Austria,elimination,mybookieag,MyBookie.ag,2026-07-02T12:37:31Z,totals,2026-07-02T12:37:31Z,Under,1.71,3.0
a518ac20df8f5c732b881e213ae0c230,2026-07-02T19:00:00Z,Spain,Austria,elimination,marathonbet,Marathon Bet,2026-07-02T12:39:01Z,h2h,2026-07-02T12:39:01Z,Austria,10.5,
a518ac20df8f5c732b881e213ae0c230,2026-07-02T19:00:00Z,Spain,Austria,elimination,marathonbet,Marathon Bet,2026-07-02T12:39:01Z,h2h,2026-07-02T12:39:01Z,Spain,4.4,
a518ac20df8f5c732b881e213ae0c230,2026-07-02T19:00:00Z,Spain,Austria,elimination,marathonbet,Marathon Bet,2026-07-02T12:39:01Z,h2h,2026-07-02T12:39:01Z,Draw,1.27,
a518ac20df8f5c732b881e213ae0c230,2026-07-02T19:00:00Z,Spain,Austria,elimination,gtbets,GTbets,2026-07-02T12:39:26Z,h2h,2026-07-02T12:39:25Z,Austria,10.56,
a518ac20df8f5c732b881e213ae0c230,2026-07-02T19:00:00Z,Spain,Austria,elimination,gtbets,GTbets,2026-07-02T12:39:26Z,h2h,2026-07-02T12:39:25Z,Spain,1.3,
a518ac20df8f5c732b881e213ae0c230,2026-07-02T19:00:00Z,Spain,Austria,elimination,gtbets,GTbets,2026-07-02T12:39:26Z,h2h,2026-07-02T12:39:25Z,Draw,5.31,
a518ac20df8f5c732b881e213ae0c230,2026-07-02T19:00:00Z,Spain,Austria,elimination,gtbets,GTbets,2026-07-02T12:39:26Z,spreads,2026-07-02T12:39:25Z,Austria,1.88,1.5
a518ac20df8f5c732b881e213ae0c230,2026-07-02T19:00:00Z,Spain,Austria,elimination,gtbets,GTbets,2026-07-02T12:39:26Z,spreads,2026-07-02T12:39:25Z,Spain,1.93,-1.5
a518ac20df8f5c732b881e213ae0c230,2026-07-02T19:00:00Z,Spain,Austria,elimination,gtbets,GTbets,2026-07-02T12:39:26Z,totals,2026-07-02T12:39:25Z,Over,1.71,2.5
a518ac20df8f5c732b881e213ae0c230,2026-07-02T19:00:00Z,Spain,Austria,elimination,gtbets,GTbets,2026-07-02T12:39:26Z,totals,2026-07-02T12:39:25Z,Under,2.12,2.5
a518ac20df8f5c732b881e213ae0c230,2026-07-02T19:00:00Z,Spain,Austria,elimination,coolbet,Coolbet,2026-07-02T12:39:00Z,h2h,2026-07-02T12:39:00Z,Austria,11.5,
a518ac20df8f5c732b881e213ae0c230,2026-07-02T19:00:00Z,Spain,Austria,elimination,coolbet,Coolbet,2026-07-02T12:39:00Z,h2h,2026-07-02T12:39:00Z,Spain,1.33,
a518ac20df8f5c732b881e213ae0c230,2026-07-02T19:00:00Z,Spain,Austria,elimination,coolbet,Coolbet,2026-07-02T12:39:00Z,h2h,2026-07-02T12:39:00Z,Draw,5.41,
a518ac20df8f5c732b881e213ae0c230,2026-07-02T19:00:00Z,Spain,Austria,elimination,coolbet,Coolbet,2026-07-02T12:39:00Z,totals,2026-07-02T12:39:00Z,Over,1.73,2.5
a518ac20df8f5c732b881e213ae0c230,2026-07-02T19:00:00Z,Spain,Austria,elimination,coolbet,Coolbet,2026-07-02T12:39:00Z,totals,2026-07-02T12:39:00Z,Under,2.18,2.5
a518ac20df8f5c732b881e213ae0c230,2026-07-02T19:00:00Z,Spain,Austria,elimination,onexbet,1xBet,2026-07-02T12:39:00Z,h2h,2026-07-02T12:39:00Z,Austria,11.3,
a518ac20df8f5c732b881e213ae0c230,2026-07-02T19:00:00Z,Spain,Austria,elimination,onexbet,1xBet,2026-07-02T12:39:00Z,h2h,2026-07-02T12:39:00Z,Spain,1.32,
a518ac20df8f5c732b881e213ae0c230,2026-07-02T19:00:00Z,Spain,Austria,elimination,onexbet,1xBet,2026-07-02T12:39:00Z,h2h,2026-07-02T12:39:00Z,Draw,5.81,
a518ac20df8f5c732b881e213ae0c230,2026-07-02T19:00:00Z,Spain,Austria,elimination,onexbet,1xBet,2026-07-02T12:39:00Z,spreads,2026-07-02T12:39:00Z,Austria,1.97,1.5
a518ac20df8f5c732b881e213ae0c230,2026-07-02T19:00:00Z,Spain,Austria,elimination,onexbet,1xBet,2026-07-02T12:39:00Z,spreads,2026-07-02T12:39:00Z,Spain,1.89,-1.5
a518ac20df8f5c732b881e213ae0c230,2026-07-02T19:00:00Z,Spain,Austria,elimination,onexbet,1xBet,2026-07-02T12:39:00Z,totals,2026-07-02T12:39:00Z,Over,1.7,2.5
a518ac20df8f5c732b881e213ae0c230,2026-07-02T19:00:00Z,Spain,Austria,elimination,onexbet,1xBet,2026-07-02T12:39:00Z,totals,2026-07-02T12:39:00Z,Under,2.23,2.5
a518ac20df8f5c732b881e213ae0c230,2026-07-02T19:00:00Z,Spain,Austria,elimination,winamax_de,Winamax (DE),2026-07-02T12:39:01Z,h2h,2026-07-02T12:39:01Z,Austria,9.5,
a518ac20df8f5c732b881e213ae0c230,2026-07-02T19:00:00Z,Spain,Austria,elimination,winamax_de,Winamax (DE),2026-07-02T12:39:01Z,h2h,2026-07-02T12:39:01Z,Spain,1.3,
a518ac20df8f5c732b881e213ae0c230,2026-07-02T19:00:00Z,Spain,Austria,elimination,winamax_de,Winamax (DE),2026-07-02T12:39:01Z,h2h,2026-07-02T12:39:01Z,Draw,5.7,
a518ac20df8f5c732b881e213ae0c230,2026-07-02T19:00:00Z,Spain,Austria,elimination,winamax_fr,Winamax (FR),2026-07-02T12:38:51Z,h2h,2026-07-02T12:38:51Z,Austria,9.5,
a518ac20df8f5c732b881e213ae0c230,2026-07-02T19:00:00Z,Spain,Austria,elimination,winamax_fr,Winamax (FR),2026-07-02T12:38:51Z,h2h,2026-07-02T12:38:51Z,Spain,1.29,
a518ac20df8f5c732b881e213ae0c230,2026-07-02T19:00:00Z,Spain,Austria,elimination,winamax_fr,Winamax (FR),2026-07-02T12:38:51Z,h2h,2026-07-02T12:38:51Z,Draw,5.6,
a518ac20df8f5c732b881e213ae0c230,2026-07-02T19:00:00Z,Spain,Austria,elimination,betsson,Betsson,2026-07-02T12:39:12Z,h2h,2026-07-02T12:39:12Z,Austria,12.0,
a518ac20df8f5c732b881e213ae0c230,2026-07-02T19:00:00Z,Spain,Austria,elimination,betsson,Betsson,2026-07-02T12:39:12Z,h2h,2026-07-02T12:39:12Z,Spain,1.31,
a518ac20df8f5c732b881e213ae0c230,2026-07-02T19:00:00Z,Spain,Austria,elimination,betsson,Betsson,2026-07-02T12:39:12Z,h2h,2026-07-02T12:39:12Z,Draw,5.25,
a518ac20df8f5c732b881e213ae0c230,2026-07-02T19:00:00Z,Spain,Austria,elimination,betsson,Betsson,2026-07-02T12:39:12Z,totals,2026-07-02T12:39:12Z,Over,1.7,2.5
a518ac20df8f5c732b881e213ae0c230,2026-07-02T19:00:00Z,Spain,Austria,elimination,betsson,Betsson,2026-07-02T12:39:12Z,totals,2026-07-02T12:39:12Z,Under,2.2,2.5
a518ac20df8f5c732b881e213ae0c230,2026-07-02T19:00:00Z,Spain,Austria,elimination,nordicbet,Nordic Bet,2026-07-02T12:39:12Z,h2h,2026-07-02T12:39:12Z,Austria,12.0,
a518ac20df8f5c732b881e213ae0c230,2026-07-02T19:00:00Z,Spain,Austria,elimination,nordicbet,Nordic Bet,2026-07-02T12:39:12Z,h2h,2026-07-02T12:39:12Z,Spain,1.31,
a518ac20df8f5c732b881e213ae0c230,2026-07-02T19:00:00Z,Spain,Austria,elimination,nordicbet,Nordic Bet,2026-07-02T12:39:12Z,h2h,2026-07-02T12:39:12Z,Draw,5.25,
a518ac20df8f5c732b881e213ae0c230,2026-07-02T19:00:00Z,Spain,Austria,elimination,nordicbet,Nordic Bet,2026-07-02T12:39:12Z,totals,2026-07-02T12:39:12Z,Over,1.7,2.5
a518ac20df8f5c732b881e213ae0c230,2026-07-02T19:00:00Z,Spain,Austria,elimination,nordicbet,Nordic Bet,2026-07-02T12:39:12Z,totals,2026-07-02T12:39:12Z,Under,2.2,2.5
a518ac20df8f5c732b881e213ae0c230,2026-07-02T19:00:00Z,Spain,Austria,elimination,everygame,Everygame,2026-07-02T12:38:52Z,h2h,2026-07-02T12:38:52Z,Austria,10.0,
a518ac20df8f5c732b881e213ae0c230,2026-07-02T19:00:00Z,Spain,Austria,elimination,everygame,Everygame,2026-07-02T12:38:52Z,h2h,2026-07-02T12:38:52Z,Spain,1.33,
a518ac20df8f5c732b881e213ae0c230,2026-07-02T19:00:00Z,Spain,Austria,elimination,everygame,Everygame,2026-07-02T12:38:52Z,h2h,2026-07-02T12:38:52Z,Draw,5.0,
a518ac20df8f5c732b881e213ae0c230,2026-07-02T19:00:00Z,Spain,Austria,elimination,betfair_ex_eu,Betfair,2026-07-02T12:39:24Z,h2h,2026-07-02T12:39:24Z,Austria,13.0,
a518ac20df8f5c732b881e213ae0c230,2026-07-02T19:00:00Z,Spain,Austria,elimination,betfair_ex_eu,Betfair,2026-07-02T12:39:24Z,h2h,2026-07-02T12:39:24Z,Spain,1.33,
a518ac20df8f5c732b881e213ae0c230,2026-07-02T19:00:00Z,Spain,Austria,elimination,betfair_ex_eu,Betfair,2026-07-02T12:39:24Z,h2h,2026-07-02T12:39:24Z,Draw,5.7,
a518ac20df8f5c732b881e213ae0c230,2026-07-02T19:00:00Z,Spain,Austria,elimination,matchbook,Matchbook,2026-07-02T12:39:25Z,h2h,2026-07-02T12:39:25Z,Austria,13.0,
a518ac20df8f5c732b881e213ae0c230,2026-07-02T19:00:00Z,Spain,Austria,elimination,matchbook,Matchbook,2026-07-02T12:39:25Z,h2h,2026-07-02T12:39:25Z,Spain,1.32,
a518ac20df8f5c732b881e213ae0c230,2026-07-02T19:00:00Z,Spain,Austria,elimination,matchbook,Matchbook,2026-07-02T12:39:25Z,h2h,2026-07-02T12:39:25Z,Draw,5.7,
a518ac20df8f5c732b881e213ae0c230,2026-07-02T19:00:00Z,Spain,Austria,elimination,matchbook,Matchbook,2026-07-02T12:39:25Z,spreads,2026-07-02T12:39:25Z,Austria,2.04,1.5
a518ac20df8f5c732b881e213ae0c230,2026-07-02T19:00:00Z,Spain,Austria,elimination,matchbook,Matchbook,2026-07-02T12:39:25Z,spreads,2026-07-02T12:39:25Z,Spain,1.93,-1.5
a518ac20df8f5c732b881e213ae0c230,2026-07-02T19:00:00Z,Spain,Austria,elimination,betonlineag,BetOnline.ag,2026-07-02T12:39:25Z,h2h,2026-07-02T12:39:25Z,Austria,12.3,
a518ac20df8f5c732b881e213ae0c230,2026-07-02T19:00:00Z,Spain,Austria,elimination,betonlineag,BetOnline.ag,2026-07-02T12:39:25Z,h2h,2026-07-02T12:39:25Z,Spain,1.3,
a518ac20df8f5c732b881e213ae0c230,2026-07-02T19:00:00Z,Spain,Austria,elimination,betonlineag,BetOnline.ag,2026-07-02T12:39:25Z,h2h,2026-07-02T12:39:25Z,Draw,5.55,
a518ac20df8f5c732b881e213ae0c230,2026-07-02T19:00:00Z,Spain,Austria,elimination,betonlineag,BetOnline.ag,2026-07-02T12:39:25Z,spreads,2026-07-02T12:39:25Z,Austria,1.96,1.5
a518ac20df8f5c732b881e213ae0c230,2026-07-02T19:00:00Z,Spain,Austria,elimination,betonlineag,BetOnline.ag,2026-07-02T12:39:25Z,spreads,2026-07-02T12:39:25Z,Spain,1.89,-1.5
a518ac20df8f5c732b881e213ae0c230,2026-07-02T19:00:00Z,Spain,Austria,elimination,betonlineag,BetOnline.ag,2026-07-02T12:39:25Z,totals,2026-07-02T12:39:25Z,Over,1.69,2.5
a518ac20df8f5c732b881e213ae0c230,2026-07-02T19:00:00Z,Spain,Austria,elimination,betonlineag,BetOnline.ag,2026-07-02T12:39:25Z,totals,2026-07-02T12:39:25Z,Under,2.27,2.5
a518ac20df8f5c732b881e213ae0c230,2026-07-02T19:00:00Z,Spain,Austria,elimination,sport888,888sport,2026-07-02T12:39:01Z,h2h,2026-07-02T12:39:01Z,Austria,10.0,
a518ac20df8f5c732b881e213ae0c230,2026-07-02T19:00:00Z,Spain,Austria,elimination,sport888,888sport,2026-07-02T12:39:01Z,h2h,2026-07-02T12:39:01Z,Spain,1.29,
a518ac20df8f5c732b881e213ae0c230,2026-07-02T19:00:00Z,Spain,Austria,elimination,sport888,888sport,2026-07-02T12:39:01Z,h2h,2026-07-02T12:39:01Z,Draw,5.0,
a518ac20df8f5c732b881e213ae0c230,2026-07-02T19:00:00Z,Spain,Austria,elimination,williamhill,William Hill,2026-07-02T12:39:26Z,h2h,2026-07-02T12:39:26Z,Austria,10.0,
a518ac20df8f5c732b881e213ae0c230,2026-07-02T19:00:00Z,Spain,Austria,elimination,williamhill,William Hill,2026-07-02T12:39:26Z,h2h,2026-07-02T12:39:26Z,Spain,1.29,
a518ac20df8f5c732b881e213ae0c230,2026-07-02T19:00:00Z,Spain,Austria,elimination,williamhill,William Hill,2026-07-02T12:39:26Z,h2h,2026-07-02T12:39:26Z,Draw,5.0,
a518ac20df8f5c732b881e213ae0c230,2026-07-02T19:00:00Z,Spain,Austria,elimination,williamhill,William Hill,2026-07-02T12:39:26Z,totals,2026-07-02T12:39:26Z,Over,1.7,2.5
a518ac20df8f5c732b881e213ae0c230,2026-07-02T19:00:00Z,Spain,Austria,elimination,williamhill,William Hill,2026-07-02T12:39:26Z,totals,2026-07-02T12:39:26Z,Under,2.05,2.5
a518ac20df8f5c732b881e213ae0c230,2026-07-02T19:00:00Z,Spain,Austria,elimination,pinnacle,Pinnacle,2026-07-02T12:39:24Z,h2h,2026-07-02T12:39:24Z,Austria,12.0,
a518ac20df8f5c732b881e213ae0c230,2026-07-02T19:00:00Z,Spain,Austria,elimination,pinnacle,Pinnacle,2026-07-02T12:39:24Z,h2h,2026-07-02T12:39:24Z,Spain,1.31,
a518ac20df8f5c732b881e213ae0c230,2026-07-02T19:00:00Z,Spain,Austria,elimination,pinnacle,Pinnacle,2026-07-02T12:39:24Z,h2h,2026-07-02T12:39:24Z,Draw,5.55,
a518ac20df8f5c732b881e213ae0c230,2026-07-02T19:00:00Z,Spain,Austria,elimination,pinnacle,Pinnacle,2026-07-02T12:39:24Z,spreads,2026-07-02T12:39:24Z,Austria,2.01,1.5
a518ac20df8f5c732b881e213ae0c230,2026-07-02T19:00:00Z,Spain,Austria,elimination,pinnacle,Pinnacle,2026-07-02T12:39:24Z,spreads,2026-07-02T12:39:24Z,Spain,1.92,-1.5
a518ac20df8f5c732b881e213ae0c230,2026-07-02T19:00:00Z,Spain,Austria,elimination,pinnacle,Pinnacle,2026-07-02T12:39:24Z,totals,2026-07-02T12:39:24Z,Over,1.89,2.75
a518ac20df8f5c732b881e213ae0c230,2026-07-02T19:00:00Z,Spain,Austria,elimination,pinnacle,Pinnacle,2026-07-02T12:39:24Z,totals,2026-07-02T12:39:24Z,Under,2.02,2.75
a518ac20df8f5c732b881e213ae0c230,2026-07-02T19:00:00Z,Spain,Austria,elimination,betanysports,BetAnything,2026-07-02T12:39:00Z,h2h,2026-07-02T12:39:00Z,Austria,10.0,
a518ac20df8f5c732b881e213ae0c230,2026-07-02T19:00:00Z,Spain,Austria,elimination,betanysports,BetAnything,2026-07-02T12:39:00Z,h2h,2026-07-02T12:39:00Z,Spain,1.31,
a518ac20df8f5c732b881e213ae0c230,2026-07-02T19:00:00Z,Spain,Austria,elimination,betanysports,BetAnything,2026-07-02T12:39:00Z,h2h,2026-07-02T12:39:00Z,Draw,5.4,
a518ac20df8f5c732b881e213ae0c230,2026-07-02T19:00:00Z,Spain,Austria,elimination,betanysports,BetAnything,2026-07-02T12:39:00Z,spreads,2026-07-02T12:39:00Z,Austria,1.93,1.5
a518ac20df8f5c732b881e213ae0c230,2026-07-02T19:00:00Z,Spain,Austria,elimination,betanysports,BetAnything,2026-07-02T12:39:00Z,spreads,2026-07-02T12:39:00Z,Spain,1.89,-1.5
a518ac20df8f5c732b881e213ae0c230,2026-07-02T19:00:00Z,Spain,Austria,elimination,betanysports,BetAnything,2026-07-02T12:39:00Z,totals,2026-07-02T12:39:00Z,Over,1.33,2.0
a518ac20df8f5c732b881e213ae0c230,2026-07-02T19:00:00Z,Spain,Austria,elimination,betanysports,BetAnything,2026-07-02T12:39:00Z,totals,2026-07-02T12:39:00Z,Under,3.4,2.0
852b4baf0be4b9eef2a30596a8d39249,2026-07-02T23:00:00Z,Portugal,Croatia,elimination,winamax_de,Winamax (DE),2026-07-02T12:39:01Z,h2h,2026-07-02T12:39:01Z,Croatia,4.9,
852b4baf0be4b9eef2a30596a8d39249,2026-07-02T23:00:00Z,Portugal,Croatia,elimination,winamax_de,Winamax (DE),2026-07-02T12:39:01Z,h2h,2026-07-02T12:39:01Z,Portugal,1.72,
852b4baf0be4b9eef2a30596a8d39249,2026-07-02T23:00:00Z,Portugal,Croatia,elimination,winamax_de,Winamax (DE),2026-07-02T12:39:01Z,h2h,2026-07-02T12:39:01Z,Draw,3.8,
852b4baf0be4b9eef2a30596a8d39249,2026-07-02T23:00:00Z,Portugal,Croatia,elimination,leovegas_se,LeoVegas (SE),2026-07-02T12:39:25Z,h2h,2026-07-02T12:39:25Z,Croatia,5.1,
852b4baf0be4b9eef2a30596a8d39249,2026-07-02T23:00:00Z,Portugal,Croatia,elimination,leovegas_se,LeoVegas (SE),2026-07-02T12:39:25Z,h2h,2026-07-02T12:39:25Z,Portugal,1.72,
852b4baf0be4b9eef2a30596a8d39249,2026-07-02T23:00:00Z,Portugal,Croatia,elimination,leovegas_se,LeoVegas (SE),2026-07-02T12:39:25Z,h2h,2026-07-02T12:39:25Z,Draw,3.65,
852b4baf0be4b9eef2a30596a8d39249,2026-07-02T23:00:00Z,Portugal,Croatia,elimination,unibet_nl,Unibet (NL),2026-07-02T12:38:26Z,h2h,2026-07-02T12:38:26Z,Croatia,5.25,
852b4baf0be4b9eef2a30596a8d39249,2026-07-02T23:00:00Z,Portugal,Croatia,elimination,unibet_nl,Unibet (NL),2026-07-02T12:38:26Z,h2h,2026-07-02T12:38:26Z,Portugal,1.74,
852b4baf0be4b9eef2a30596a8d39249,2026-07-02T23:00:00Z,Portugal,Croatia,elimination,unibet_nl,Unibet (NL),2026-07-02T12:38:26Z,h2h,2026-07-02T12:38:26Z,Draw,3.7,
852b4baf0be4b9eef2a30596a8d39249,2026-07-02T23:00:00Z,Portugal,Croatia,elimination,unibet_nl,Unibet (NL),2026-07-02T12:38:26Z,totals,2026-07-02T12:38:26Z,Over,1.74,2.5
852b4baf0be4b9eef2a30596a8d39249,2026-07-02T23:00:00Z,Portugal,Croatia,elimination,unibet_nl,Unibet (NL),2026-07-02T12:38:26Z,totals,2026-07-02T12:38:26Z,Under,2.05,2.5
852b4baf0be4b9eef2a30596a8d39249,2026-07-02T23:00:00Z,Portugal,Croatia,elimination,mybookieag,MyBookie.ag,2026-07-02T12:37:31Z,h2h,2026-07-02T12:37:31Z,Croatia,5.0,
852b4baf0be4b9eef2a30596a8d39249,2026-07-02T23:00:00Z,Portugal,Croatia,elimination,mybookieag,MyBookie.ag,2026-07-02T12:37:31Z,h2h,2026-07-02T12:37:31Z,Portugal,1.68,
852b4baf0be4b9eef2a30596a8d39249,2026-07-02T23:00:00Z,Portugal,Croatia,elimination,mybookieag,MyBookie.ag,2026-07-02T12:37:31Z,h2h,2026-07-02T12:37:31Z,Draw,3.8,
852b4baf0be4b9eef2a30596a8d39249,2026-07-02T23:00:00Z,Portugal,Croatia,elimination,mybookieag,MyBookie.ag,2026-07-02T12:37:31Z,spreads,2026-07-02T12:37:31Z,Croatia,1.71,1.0
852b4baf0be4b9eef2a30596a8d39249,2026-07-02T23:00:00Z,Portugal,Croatia,elimination,mybookieag,MyBookie.ag,2026-07-02T12:37:31Z,spreads,2026-07-02T12:37:31Z,Portugal,2.14,-1.0
852b4baf0be4b9eef2a30596a8d39249,2026-07-02T23:00:00Z,Portugal,Croatia,elimination,mybookieag,MyBookie.ag,2026-07-02T12:37:31Z,totals,2026-07-02T12:37:31Z,Over,1.72,2.5
852b4baf0be4b9eef2a30596a8d39249,2026-07-02T23:00:00Z,Portugal,Croatia,elimination,mybookieag,MyBookie.ag,2026-07-02T12:37:31Z,totals,2026-07-02T12:37:31Z,Under,2.14,2.5
852b4baf0be4b9eef2a30596a8d39249,2026-07-02T23:00:00Z,Portugal,Croatia,elimination,winamax_fr,Winamax (FR),2026-07-02T12:38:51Z,h2h,2026-07-02T12:38:51Z,Croatia,4.8,
852b4baf0be4b9eef2a30596a8d39249,2026-07-02T23:00:00Z,Portugal,Croatia,elimination,winamax_fr,Winamax (FR),2026-07-02T12:38:51Z,h2h,2026-07-02T12:38:51Z,Portugal,1.7,
852b4baf0be4b9eef2a30596a8d39249,2026-07-02T23:00:00Z,Portugal,Croatia,elimination,winamax_fr,Winamax (FR),2026-07-02T12:38:51Z,h2h,2026-07-02T12:38:51Z,Draw,3.75,
852b4baf0be4b9eef2a30596a8d39249,2026-07-02T23:00:00Z,Portugal,Croatia,elimination,pmu_fr,PMU (FR),2026-07-02T12:39:25Z,h2h,2026-07-02T12:39:25Z,Croatia,5.0,
852b4baf0be4b9eef2a30596a8d39249,2026-07-02T23:00:00Z,Portugal,Croatia,elimination,pmu_fr,PMU (FR),2026-07-02T12:39:25Z,h2h,2026-07-02T12:39:25Z,Portugal,1.7,
852b4baf0be4b9eef2a30596a8d39249,2026-07-02T23:00:00Z,Portugal,Croatia,elimination,pmu_fr,PMU (FR),2026-07-02T12:39:25Z,h2h,2026-07-02T12:39:25Z,Draw,3.55,
852b4baf0be4b9eef2a30596a8d39249,2026-07-02T23:00:00Z,Portugal,Croatia,elimination,pmu_fr,PMU (FR),2026-07-02T12:39:25Z,totals,2026-07-02T12:39:25Z,Over,1.7,2.5
852b4baf0be4b9eef2a30596a8d39249,2026-07-02T23:00:00Z,Portugal,Croatia,elimination,pmu_fr,PMU (FR),2026-07-02T12:39:25Z,totals,2026-07-02T12:39:25Z,Under,2.0,2.5
852b4baf0be4b9eef2a30596a8d39249,2026-07-02T23:00:00Z,Portugal,Croatia,elimination,unibet_se,Unibet (SE),2026-07-02T12:39:01Z,h2h,2026-07-02T12:39:01Z,Croatia,5.25,
852b4baf0be4b9eef2a30596a8d39249,2026-07-02T23:00:00Z,Portugal,Croatia,elimination,unibet_se,Unibet (SE),2026-07-02T12:39:01Z,h2h,2026-07-02T12:39:01Z,Portugal,1.74,
852b4baf0be4b9eef2a30596a8d39249,2026-07-02T23:00:00Z,Portugal,Croatia,elimination,unibet_se,Unibet (SE),2026-07-02T12:39:01Z,h2h,2026-07-02T12:39:01Z,Draw,3.7,
852b4baf0be4b9eef2a30596a8d39249,2026-07-02T23:00:00Z,Portugal,Croatia,elimination,unibet_se,Unibet (SE),2026-07-02T12:39:01Z,totals,2026-07-02T12:39:01Z,Over,1.77,2.5
852b4baf0be4b9eef2a30596a8d39249,2026-07-02T23:00:00Z,Portugal,Croatia,elimination,unibet_se,Unibet (SE),2026-07-02T12:39:01Z,totals,2026-07-02T12:39:01Z,Under,2.08,2.5
852b4baf0be4b9eef2a30596a8d39249,2026-07-02T23:00:00Z,Portugal,Croatia,elimination,unibet_fr,Unibet (FR),2026-07-02T12:39:24Z,h2h,2026-07-02T12:39:24Z,Croatia,5.5,
852b4baf0be4b9eef2a30596a8d39249,2026-07-02T23:00:00Z,Portugal,Croatia,elimination,unibet_fr,Unibet (FR),2026-07-02T12:39:24Z,h2h,2026-07-02T12:39:24Z,Portugal,1.68,
852b4baf0be4b9eef2a30596a8d39249,2026-07-02T23:00:00Z,Portugal,Croatia,elimination,unibet_fr,Unibet (FR),2026-07-02T12:39:24Z,h2h,2026-07-02T12:39:24Z,Draw,3.8,
852b4baf0be4b9eef2a30596a8d39249,2026-07-02T23:00:00Z,Portugal,Croatia,elimination,betclic_fr,Betclic (FR),2026-07-02T12:36:09Z,h2h,2026-07-02T12:36:09Z,Croatia,5.25,
852b4baf0be4b9eef2a30596a8d39249,2026-07-02T23:00:00Z,Portugal,Croatia,elimination,betclic_fr,Betclic (FR),2026-07-02T12:36:09Z,h2h,2026-07-02T12:36:09Z,Portugal,1.71,
852b4baf0be4b9eef2a30596a8d39249,2026-07-02T23:00:00Z,Portugal,Croatia,elimination,betclic_fr,Betclic (FR),2026-07-02T12:36:09Z,h2h,2026-07-02T12:36:09Z,Draw,3.75,
852b4baf0be4b9eef2a30596a8d39249,2026-07-02T23:00:00Z,Portugal,Croatia,elimination,tipico_de,Tipico,2026-07-02T12:39:12Z,h2h,2026-07-02T12:39:12Z,Croatia,5.3,
852b4baf0be4b9eef2a30596a8d39249,2026-07-02T23:00:00Z,Portugal,Croatia,elimination,tipico_de,Tipico,2026-07-02T12:39:12Z,h2h,2026-07-02T12:39:12Z,Portugal,1.67,
852b4baf0be4b9eef2a30596a8d39249,2026-07-02T23:00:00Z,Portugal,Croatia,elimination,tipico_de,Tipico,2026-07-02T12:39:12Z,h2h,2026-07-02T12:39:12Z,Draw,3.8,
852b4baf0be4b9eef2a30596a8d39249,2026-07-02T23:00:00Z,Portugal,Croatia,elimination,coolbet,Coolbet,2026-07-02T12:39:00Z,h2h,2026-07-02T12:39:00Z,Croatia,5.32,
852b4baf0be4b9eef2a30596a8d39249,2026-07-02T23:00:00Z,Portugal,Croatia,elimination,coolbet,Coolbet,2026-07-02T12:39:00Z,h2h,2026-07-02T12:39:00Z,Portugal,1.76,
852b4baf0be4b9eef2a30596a8d39249,2026-07-02T23:00:00Z,Portugal,Croatia,elimination,coolbet,Coolbet,2026-07-02T12:39:00Z,h2h,2026-07-02T12:39:00Z,Draw,3.73,
852b4baf0be4b9eef2a30596a8d39249,2026-07-02T23:00:00Z,Portugal,Croatia,elimination,coolbet,Coolbet,2026-07-02T12:39:00Z,totals,2026-07-02T12:39:00Z,Over,1.8,2.5
852b4baf0be4b9eef2a30596a8d39249,2026-07-02T23:00:00Z,Portugal,Croatia,elimination,coolbet,Coolbet,2026-07-02T12:39:00Z,totals,2026-07-02T12:39:00Z,Under,2.09,2.5
852b4baf0be4b9eef2a30596a8d39249,2026-07-02T23:00:00Z,Portugal,Croatia,elimination,gtbets,GTbets,2026-07-02T12:39:26Z,h2h,2026-07-02T12:39:25Z,Croatia,4.87,
852b4baf0be4b9eef2a30596a8d39249,2026-07-02T23:00:00Z,Portugal,Croatia,elimination,gtbets,GTbets,2026-07-02T12:39:26Z,h2h,2026-07-02T12:39:25Z,Portugal,1.78,
852b4baf0be4b9eef2a30596a8d39249,2026-07-02T23:00:00Z,Portugal,Croatia,elimination,gtbets,GTbets,2026-07-02T12:39:26Z,h2h,2026-07-02T12:39:25Z,Draw,3.72,
852b4baf0be4b9eef2a30596a8d39249,2026-07-02T23:00:00Z,Portugal,Croatia,elimination,gtbets,GTbets,2026-07-02T12:39:26Z,spreads,2026-07-02T12:39:25Z,Croatia,2.09,0.5
852b4baf0be4b9eef2a30596a8d39249,2026-07-02T23:00:00Z,Portugal,Croatia,elimination,gtbets,GTbets,2026-07-02T12:39:26Z,spreads,2026-07-02T12:39:25Z,Portugal,1.75,-0.5
852b4baf0be4b9eef2a30596a8d39249,2026-07-02T23:00:00Z,Portugal,Croatia,elimination,gtbets,GTbets,2026-07-02T12:39:26Z,totals,2026-07-02T12:39:25Z,Over,1.77,2.5
852b4baf0be4b9eef2a30596a8d39249,2026-07-02T23:00:00Z,Portugal,Croatia,elimination,gtbets,GTbets,2026-07-02T12:39:26Z,totals,2026-07-02T12:39:25Z,Under,2.06,2.5
852b4baf0be4b9eef2a30596a8d39249,2026-07-02T23:00:00Z,Portugal,Croatia,elimination,marathonbet,Marathon Bet,2026-07-02T12:39:01Z,h2h,2026-07-02T12:39:01Z,Croatia,5.25,
852b4baf0be4b9eef2a30596a8d39249,2026-07-02T23:00:00Z,Portugal,Croatia,elimination,marathonbet,Marathon Bet,2026-07-02T12:39:01Z,h2h,2026-07-02T12:39:01Z,Portugal,1.72,
852b4baf0be4b9eef2a30596a8d39249,2026-07-02T23:00:00Z,Portugal,Croatia,elimination,marathonbet,Marathon Bet,2026-07-02T12:39:01Z,h2h,2026-07-02T12:39:01Z,Draw,3.94,
852b4baf0be4b9eef2a30596a8d39249,2026-07-02T23:00:00Z,Portugal,Croatia,elimination,onexbet,1xBet,2026-07-02T12:39:00Z,h2h,2026-07-02T12:39:00Z,Croatia,5.3,
852b4baf0be4b9eef2a30596a8d39249,2026-07-02T23:00:00Z,Portugal,Croatia,elimination,onexbet,1xBet,2026-07-02T12:39:00Z,h2h,2026-07-02T12:39:00Z,Portugal,1.74,
852b4baf0be4b9eef2a30596a8d39249,2026-07-02T23:00:00Z,Portugal,Croatia,elimination,onexbet,1xBet,2026-07-02T12:39:00Z,h2h,2026-07-02T12:39:00Z,Draw,3.98,
852b4baf0be4b9eef2a30596a8d39249,2026-07-02T23:00:00Z,Portugal,Croatia,elimination,onexbet,1xBet,2026-07-02T12:39:00Z,spreads,2026-07-02T12:39:00Z,Croatia,1.42,1.5
852b4baf0be4b9eef2a30596a8d39249,2026-07-02T23:00:00Z,Portugal,Croatia,elimination,onexbet,1xBet,2026-07-02T12:39:00Z,spreads,2026-07-02T12:39:00Z,Portugal,3.0,-1.5
852b4baf0be4b9eef2a30596a8d39249,2026-07-02T23:00:00Z,Portugal,Croatia,elimination,onexbet,1xBet,2026-07-02T12:39:00Z,totals,2026-07-02T12:39:00Z,Over,1.77,2.5
852b4baf0be4b9eef2a30596a8d39249,2026-07-02T23:00:00Z,Portugal,Croatia,elimination,onexbet,1xBet,2026-07-02T12:39:00Z,totals,2026-07-02T12:39:00Z,Under,2.12,2.5
852b4baf0be4b9eef2a30596a8d39249,2026-07-02T23:00:00Z,Portugal,Croatia,elimination,sport888,888sport,2026-07-02T12:39:01Z,h2h,2026-07-02T12:39:01Z,Croatia,4.75,
852b4baf0be4b9eef2a30596a8d39249,2026-07-02T23:00:00Z,Portugal,Croatia,elimination,sport888,888sport,2026-07-02T12:39:01Z,h2h,2026-07-02T12:39:01Z,Portugal,1.67,
852b4baf0be4b9eef2a30596a8d39249,2026-07-02T23:00:00Z,Portugal,Croatia,elimination,sport888,888sport,2026-07-02T12:39:01Z,h2h,2026-07-02T12:39:01Z,Draw,3.5,
852b4baf0be4b9eef2a30596a8d39249,2026-07-02T23:00:00Z,Portugal,Croatia,elimination,williamhill,William Hill,2026-07-02T12:39:26Z,h2h,2026-07-02T12:39:26Z,Croatia,4.8,
852b4baf0be4b9eef2a30596a8d39249,2026-07-02T23:00:00Z,Portugal,Croatia,elimination,williamhill,William Hill,2026-07-02T12:39:26Z,h2h,2026-07-02T12:39:26Z,Portugal,1.7,
852b4baf0be4b9eef2a30596a8d39249,2026-07-02T23:00:00Z,Portugal,Croatia,elimination,williamhill,William Hill,2026-07-02T12:39:26Z,h2h,2026-07-02T12:39:26Z,Draw,3.6,
852b4baf0be4b9eef2a30596a8d39249,2026-07-02T23:00:00Z,Portugal,Croatia,elimination,williamhill,William Hill,2026-07-02T12:39:26Z,totals,2026-07-02T12:39:26Z,Over,1.73,2.5
852b4baf0be4b9eef2a30596a8d39249,2026-07-02T23:00:00Z,Portugal,Croatia,elimination,williamhill,William Hill,2026-07-02T12:39:26Z,totals,2026-07-02T12:39:26Z,Under,2.0,2.5
852b4baf0be4b9eef2a30596a8d39249,2026-07-02T23:00:00Z,Portugal,Croatia,elimination,betsson,Betsson,2026-07-02T12:39:12Z,h2h,2026-07-02T12:39:12Z,Croatia,4.9,
852b4baf0be4b9eef2a30596a8d39249,2026-07-02T23:00:00Z,Portugal,Croatia,elimination,betsson,Betsson,2026-07-02T12:39:12Z,h2h,2026-07-02T12:39:12Z,Portugal,1.78,
852b4baf0be4b9eef2a30596a8d39249,2026-07-02T23:00:00Z,Portugal,Croatia,elimination,betsson,Betsson,2026-07-02T12:39:12Z,h2h,2026-07-02T12:39:12Z,Draw,3.75,
852b4baf0be4b9eef2a30596a8d39249,2026-07-02T23:00:00Z,Portugal,Croatia,elimination,betsson,Betsson,2026-07-02T12:39:12Z,totals,2026-07-02T12:39:12Z,Over,1.78,2.5
852b4baf0be4b9eef2a30596a8d39249,2026-07-02T23:00:00Z,Portugal,Croatia,elimination,betsson,Betsson,2026-07-02T12:39:12Z,totals,2026-07-02T12:39:12Z,Under,2.05,2.5
852b4baf0be4b9eef2a30596a8d39249,2026-07-02T23:00:00Z,Portugal,Croatia,elimination,nordicbet,Nordic Bet,2026-07-02T12:39:12Z,h2h,2026-07-02T12:39:12Z,Croatia,4.9,
852b4baf0be4b9eef2a30596a8d39249,2026-07-02T23:00:00Z,Portugal,Croatia,elimination,nordicbet,Nordic Bet,2026-07-02T12:39:12Z,h2h,2026-07-02T12:39:12Z,Portugal,1.78,
852b4baf0be4b9eef2a30596a8d39249,2026-07-02T23:00:00Z,Portugal,Croatia,elimination,nordicbet,Nordic Bet,2026-07-02T12:39:12Z,h2h,2026-07-02T12:39:12Z,Draw,3.75,
852b4baf0be4b9eef2a30596a8d39249,2026-07-02T23:00:00Z,Portugal,Croatia,elimination,nordicbet,Nordic Bet,2026-07-02T12:39:12Z,totals,2026-07-02T12:39:12Z,Over,1.78,2.5
852b4baf0be4b9eef2a30596a8d39249,2026-07-02T23:00:00Z,Portugal,Croatia,elimination,nordicbet,Nordic Bet,2026-07-02T12:39:12Z,totals,2026-07-02T12:39:12Z,Under,2.05,2.5
852b4baf0be4b9eef2a30596a8d39249,2026-07-02T23:00:00Z,Portugal,Croatia,elimination,matchbook,Matchbook,2026-07-02T12:39:25Z,h2h,2026-07-02T12:39:25Z,Croatia,5.6,
852b4baf0be4b9eef2a30596a8d39249,2026-07-02T23:00:00Z,Portugal,Croatia,elimination,matchbook,Matchbook,2026-07-02T12:39:25Z,h2h,2026-07-02T12:39:25Z,Portugal,1.77,
852b4baf0be4b9eef2a30596a8d39249,2026-07-02T23:00:00Z,Portugal,Croatia,elimination,matchbook,Matchbook,2026-07-02T12:39:25Z,h2h,2026-07-02T12:39:25Z,Draw,3.8,
852b4baf0be4b9eef2a30596a8d39249,2026-07-02T23:00:00Z,Portugal,Croatia,elimination,matchbook,Matchbook,2026-07-02T12:39:25Z,spreads,2026-07-02T12:39:25Z,Croatia,2.0,0.75
852b4baf0be4b9eef2a30596a8d39249,2026-07-02T23:00:00Z,Portugal,Croatia,elimination,matchbook,Matchbook,2026-07-02T12:39:25Z,spreads,2026-07-02T12:39:25Z,Portugal,1.98,-0.75
852b4baf0be4b9eef2a30596a8d39249,2026-07-02T23:00:00Z,Portugal,Croatia,elimination,matchbook,Matchbook,2026-07-02T12:39:25Z,totals,2026-07-02T12:39:25Z,Over,1.82,2.5
852b4baf0be4b9eef2a30596a8d39249,2026-07-02T23:00:00Z,Portugal,Croatia,elimination,matchbook,Matchbook,2026-07-02T12:39:25Z,totals,2026-07-02T12:39:25Z,Under,2.2,2.5
852b4baf0be4b9eef2a30596a8d39249,2026-07-02T23:00:00Z,Portugal,Croatia,elimination,betfair_ex_eu,Betfair,2026-07-02T12:39:24Z,h2h,2026-07-02T12:39:24Z,Croatia,5.6,
852b4baf0be4b9eef2a30596a8d39249,2026-07-02T23:00:00Z,Portugal,Croatia,elimination,betfair_ex_eu,Betfair,2026-07-02T12:39:24Z,h2h,2026-07-02T12:39:24Z,Portugal,1.78,
852b4baf0be4b9eef2a30596a8d39249,2026-07-02T23:00:00Z,Portugal,Croatia,elimination,betfair_ex_eu,Betfair,2026-07-02T12:39:24Z,h2h,2026-07-02T12:39:24Z,Draw,3.8,
852b4baf0be4b9eef2a30596a8d39249,2026-07-02T23:00:00Z,Portugal,Croatia,elimination,betonlineag,BetOnline.ag,2026-07-02T12:39:25Z,h2h,2026-07-02T12:39:25Z,Croatia,5.35,
852b4baf0be4b9eef2a30596a8d39249,2026-07-02T23:00:00Z,Portugal,Croatia,elimination,betonlineag,BetOnline.ag,2026-07-02T12:39:25Z,h2h,2026-07-02T12:39:25Z,Portugal,1.74,
852b4baf0be4b9eef2a30596a8d39249,2026-07-02T23:00:00Z,Portugal,Croatia,elimination,betonlineag,BetOnline.ag,2026-07-02T12:39:25Z,h2h,2026-07-02T12:39:25Z,Draw,3.75,
852b4baf0be4b9eef2a30596a8d39249,2026-07-02T23:00:00Z,Portugal,Croatia,elimination,betonlineag,BetOnline.ag,2026-07-02T12:39:25Z,spreads,2026-07-02T12:39:25Z,Croatia,2.2,0.5
852b4baf0be4b9eef2a30596a8d39249,2026-07-02T23:00:00Z,Portugal,Croatia,elimination,betonlineag,BetOnline.ag,2026-07-02T12:39:25Z,spreads,2026-07-02T12:39:25Z,Portugal,1.74,-0.5
852b4baf0be4b9eef2a30596a8d39249,2026-07-02T23:00:00Z,Portugal,Croatia,elimination,betonlineag,BetOnline.ag,2026-07-02T12:39:25Z,totals,2026-07-02T12:39:25Z,Over,1.77,2.5
852b4baf0be4b9eef2a30596a8d39249,2026-07-02T23:00:00Z,Portugal,Croatia,elimination,betonlineag,BetOnline.ag,2026-07-02T12:39:25Z,totals,2026-07-02T12:39:25Z,Under,2.14,2.5
852b4baf0be4b9eef2a30596a8d39249,2026-07-02T23:00:00Z,Portugal,Croatia,elimination,everygame,Everygame,2026-07-02T12:38:52Z,h2h,2026-07-02T12:38:52Z,Croatia,5.25,
852b4baf0be4b9eef2a30596a8d39249,2026-07-02T23:00:00Z,Portugal,Croatia,elimination,everygame,Everygame,2026-07-02T12:38:52Z,h2h,2026-07-02T12:38:52Z,Portugal,1.73,
852b4baf0be4b9eef2a30596a8d39249,2026-07-02T23:00:00Z,Portugal,Croatia,elimination,everygame,Everygame,2026-07-02T12:38:52Z,h2h,2026-07-02T12:38:52Z,Draw,3.6,
852b4baf0be4b9eef2a30596a8d39249,2026-07-02T23:00:00Z,Portugal,Croatia,elimination,codere_it,Codere (IT),2026-07-02T12:39:13Z,h2h,2026-07-02T12:39:13Z,Croatia,4.9,
852b4baf0be4b9eef2a30596a8d39249,2026-07-02T23:00:00Z,Portugal,Croatia,elimination,codere_it,Codere (IT),2026-07-02T12:39:13Z,h2h,2026-07-02T12:39:13Z,Portugal,1.73,
852b4baf0be4b9eef2a30596a8d39249,2026-07-02T23:00:00Z,Portugal,Croatia,elimination,codere_it,Codere (IT),2026-07-02T12:39:13Z,h2h,2026-07-02T12:39:13Z,Draw,3.75,
852b4baf0be4b9eef2a30596a8d39249,2026-07-02T23:00:00Z,Portugal,Croatia,elimination,codere_it,Codere (IT),2026-07-02T12:39:13Z,totals,2026-07-02T12:39:13Z,Over,1.7,2.5
852b4baf0be4b9eef2a30596a8d39249,2026-07-02T23:00:00Z,Portugal,Croatia,elimination,codere_it,Codere (IT),2026-07-02T12:39:13Z,totals,2026-07-02T12:39:13Z,Under,1.99,2.5
852b4baf0be4b9eef2a30596a8d39249,2026-07-02T23:00:00Z,Portugal,Croatia,elimination,betanysports,BetAnything,2026-07-02T12:39:00Z,h2h,2026-07-02T12:39:00Z,Croatia,5.35,
852b4baf0be4b9eef2a30596a8d39249,2026-07-02T23:00:00Z,Portugal,Croatia,elimination,betanysports,BetAnything,2026-07-02T12:39:00Z,h2h,2026-07-02T12:39:00Z,Portugal,1.74,
852b4baf0be4b9eef2a30596a8d39249,2026-07-02T23:00:00Z,Portugal,Croatia,elimination,betanysports,BetAnything,2026-07-02T12:39:00Z,h2h,2026-07-02T12:39:00Z,Draw,3.75,
852b4baf0be4b9eef2a30596a8d39249,2026-07-02T23:00:00Z,Portugal,Croatia,elimination,betanysports,BetAnything,2026-07-02T12:39:00Z,spreads,2026-07-02T12:39:00Z,Croatia,2.16,0.5
852b4baf0be4b9eef2a30596a8d39249,2026-07-02T23:00:00Z,Portugal,Croatia,elimination,betanysports,BetAnything,2026-07-02T12:39:00Z,spreads,2026-07-02T12:39:00Z,Portugal,1.74,-0.5
852b4baf0be4b9eef2a30596a8d39249,2026-07-02T23:00:00Z,Portugal,Croatia,elimination,betanysports,BetAnything,2026-07-02T12:39:00Z,totals,2026-07-02T12:39:00Z,Over,1.33,2.0
852b4baf0be4b9eef2a30596a8d39249,2026-07-02T23:00:00Z,Portugal,Croatia,elimination,betanysports,BetAnything,2026-07-02T12:39:00Z,totals,2026-07-02T12:39:00Z,Under,3.3,2.0
852b4baf0be4b9eef2a30596a8d39249,2026-07-02T23:00:00Z,Portugal,Croatia,elimination,pinnacle,Pinnacle,2026-07-02T12:39:24Z,h2h,2026-07-02T12:39:24Z,Croatia,5.39,
852b4baf0be4b9eef2a30596a8d39249,2026-07-02T23:00:00Z,Portugal,Croatia,elimination,pinnacle,Pinnacle,2026-07-02T12:39:24Z,h2h,2026-07-02T12:39:24Z,Portugal,1.74,
852b4baf0be4b9eef2a30596a8d39249,2026-07-02T23:00:00Z,Portugal,Croatia,elimination,pinnacle,Pinnacle,2026-07-02T12:39:24Z,h2h,2026-07-02T12:39:24Z,Draw,3.78,
852b4baf0be4b9eef2a30596a8d39249,2026-07-02T23:00:00Z,Portugal,Croatia,elimination,pinnacle,Pinnacle,2026-07-02T12:39:24Z,spreads,2026-07-02T12:39:24Z,Croatia,1.98,0.75
852b4baf0be4b9eef2a30596a8d39249,2026-07-02T23:00:00Z,Portugal,Croatia,elimination,pinnacle,Pinnacle,2026-07-02T12:39:24Z,spreads,2026-07-02T12:39:24Z,Portugal,1.94,-0.75
852b4baf0be4b9eef2a30596a8d39249,2026-07-02T23:00:00Z,Portugal,Croatia,elimination,pinnacle,Pinnacle,2026-07-02T12:39:24Z,totals,2026-07-02T12:39:24Z,Over,1.98,2.75
852b4baf0be4b9eef2a30596a8d39249,2026-07-02T23:00:00Z,Portugal,Croatia,elimination,pinnacle,Pinnacle,2026-07-02T12:39:24Z,totals,2026-07-02T12:39:24Z,Under,1.93,2.75
c17fe2e46190d7ab6af01504ff240e82,2026-07-03T03:00:00Z,Switzerland,Algeria,elimination,leovegas_se,LeoVegas (SE),2026-07-02T12:39:25Z,h2h,2026-07-02T12:39:25Z,Algeria,4.35,
c17fe2e46190d7ab6af01504ff240e82,2026-07-03T03:00:00Z,Switzerland,Algeria,elimination,leovegas_se,LeoVegas (SE),2026-07-02T12:39:25Z,h2h,2026-07-02T12:39:25Z,Switzerland,1.97,
c17fe2e46190d7ab6af01504ff240e82,2026-07-03T03:00:00Z,Switzerland,Algeria,elimination,leovegas_se,LeoVegas (SE),2026-07-02T12:39:25Z,h2h,2026-07-02T12:39:25Z,Draw,3.15,
c17fe2e46190d7ab6af01504ff240e82,2026-07-03T03:00:00Z,Switzerland,Algeria,elimination,unibet_nl,Unibet (NL),2026-07-02T12:38:26Z,h2h,2026-07-02T12:38:26Z,Algeria,4.5,
c17fe2e46190d7ab6af01504ff240e82,2026-07-03T03:00:00Z,Switzerland,Algeria,elimination,unibet_nl,Unibet (NL),2026-07-02T12:38:26Z,h2h,2026-07-02T12:38:26Z,Switzerland,2.02,
c17fe2e46190d7ab6af01504ff240e82,2026-07-03T03:00:00Z,Switzerland,Algeria,elimination,unibet_nl,Unibet (NL),2026-07-02T12:38:26Z,h2h,2026-07-02T12:38:26Z,Draw,3.25,
c17fe2e46190d7ab6af01504ff240e82,2026-07-03T03:00:00Z,Switzerland,Algeria,elimination,unibet_nl,Unibet (NL),2026-07-02T12:38:26Z,totals,2026-07-02T12:38:26Z,Over,2.12,2.5
c17fe2e46190d7ab6af01504ff240e82,2026-07-03T03:00:00Z,Switzerland,Algeria,elimination,unibet_nl,Unibet (NL),2026-07-02T12:38:26Z,totals,2026-07-02T12:38:26Z,Under,1.68,2.5
c17fe2e46190d7ab6af01504ff240e82,2026-07-03T03:00:00Z,Switzerland,Algeria,elimination,pmu_fr,PMU (FR),2026-07-02T12:39:25Z,h2h,2026-07-02T12:39:25Z,Algeria,4.25,
c17fe2e46190d7ab6af01504ff240e82,2026-07-03T03:00:00Z,Switzerland,Algeria,elimination,pmu_fr,PMU (FR),2026-07-02T12:39:25Z,h2h,2026-07-02T12:39:25Z,Switzerland,1.94,
c17fe2e46190d7ab6af01504ff240e82,2026-07-03T03:00:00Z,Switzerland,Algeria,elimination,pmu_fr,PMU (FR),2026-07-02T12:39:25Z,h2h,2026-07-02T12:39:25Z,Draw,3.1,
c17fe2e46190d7ab6af01504ff240e82,2026-07-03T03:00:00Z,Switzerland,Algeria,elimination,pmu_fr,PMU (FR),2026-07-02T12:39:25Z,totals,2026-07-02T12:39:25Z,Over,2.08,2.5
c17fe2e46190d7ab6af01504ff240e82,2026-07-03T03:00:00Z,Switzerland,Algeria,elimination,pmu_fr,PMU (FR),2026-07-02T12:39:25Z,totals,2026-07-02T12:39:25Z,Under,1.65,2.5
c17fe2e46190d7ab6af01504ff240e82,2026-07-03T03:00:00Z,Switzerland,Algeria,elimination,unibet_se,Unibet (SE),2026-07-02T12:39:01Z,h2h,2026-07-02T12:39:01Z,Algeria,4.5,
c17fe2e46190d7ab6af01504ff240e82,2026-07-03T03:00:00Z,Switzerland,Algeria,elimination,unibet_se,Unibet (SE),2026-07-02T12:39:01Z,h2h,2026-07-02T12:39:01Z,Switzerland,2.02,
c17fe2e46190d7ab6af01504ff240e82,2026-07-03T03:00:00Z,Switzerland,Algeria,elimination,unibet_se,Unibet (SE),2026-07-02T12:39:01Z,h2h,2026-07-02T12:39:01Z,Draw,3.25,
c17fe2e46190d7ab6af01504ff240e82,2026-07-03T03:00:00Z,Switzerland,Algeria,elimination,unibet_se,Unibet (SE),2026-07-02T12:39:01Z,totals,2026-07-02T12:39:01Z,Over,2.16,2.5
c17fe2e46190d7ab6af01504ff240e82,2026-07-03T03:00:00Z,Switzerland,Algeria,elimination,unibet_se,Unibet (SE),2026-07-02T12:39:01Z,totals,2026-07-02T12:39:01Z,Under,1.71,2.5
c17fe2e46190d7ab6af01504ff240e82,2026-07-03T03:00:00Z,Switzerland,Algeria,elimination,marathonbet,Marathon Bet,2026-07-02T12:39:01Z,h2h,2026-07-02T12:39:01Z,Algeria,4.25,
c17fe2e46190d7ab6af01504ff240e82,2026-07-03T03:00:00Z,Switzerland,Algeria,elimination,marathonbet,Marathon Bet,2026-07-02T12:39:01Z,h2h,2026-07-02T12:39:01Z,Switzerland,2.04,
c17fe2e46190d7ab6af01504ff240e82,2026-07-03T03:00:00Z,Switzerland,Algeria,elimination,marathonbet,Marathon Bet,2026-07-02T12:39:01Z,h2h,2026-07-02T12:39:01Z,Draw,3.34,
c17fe2e46190d7ab6af01504ff240e82,2026-07-03T03:00:00Z,Switzerland,Algeria,elimination,unibet_fr,Unibet (FR),2026-07-02T12:39:24Z,h2h,2026-07-02T12:39:24Z,Algeria,4.4,
c17fe2e46190d7ab6af01504ff240e82,2026-07-03T03:00:00Z,Switzerland,Algeria,elimination,unibet_fr,Unibet (FR),2026-07-02T12:39:24Z,h2h,2026-07-02T12:39:24Z,Switzerland,1.98,
c17fe2e46190d7ab6af01504ff240e82,2026-07-03T03:00:00Z,Switzerland,Algeria,elimination,unibet_fr,Unibet (FR),2026-07-02T12:39:24Z,h2h,2026-07-02T12:39:24Z,Draw,3.3,
c17fe2e46190d7ab6af01504ff240e82,2026-07-03T03:00:00Z,Switzerland,Algeria,elimination,mybookieag,MyBookie.ag,2026-07-02T12:37:31Z,h2h,2026-07-02T12:37:31Z,Algeria,3.95,
c17fe2e46190d7ab6af01504ff240e82,2026-07-03T03:00:00Z,Switzerland,Algeria,elimination,mybookieag,MyBookie.ag,2026-07-02T12:37:31Z,h2h,2026-07-02T12:37:31Z,Switzerland,2.06,
c17fe2e46190d7ab6af01504ff240e82,2026-07-03T03:00:00Z,Switzerland,Algeria,elimination,mybookieag,MyBookie.ag,2026-07-02T12:37:31Z,h2h,2026-07-02T12:37:31Z,Draw,3.12,
c17fe2e46190d7ab6af01504ff240e82,2026-07-03T03:00:00Z,Switzerland,Algeria,elimination,mybookieag,MyBookie.ag,2026-07-02T12:37:31Z,spreads,2026-07-02T12:37:31Z,Algeria,1.77,0.5
c17fe2e46190d7ab6af01504ff240e82,2026-07-03T03:00:00Z,Switzerland,Algeria,elimination,mybookieag,MyBookie.ag,2026-07-02T12:37:31Z,spreads,2026-07-02T12:37:31Z,Switzerland,2.06,-0.5
c17fe2e46190d7ab6af01504ff240e82,2026-07-03T03:00:00Z,Switzerland,Algeria,elimination,mybookieag,MyBookie.ag,2026-07-02T12:37:31Z,totals,2026-07-02T12:37:31Z,Over,2.16,2.5
c17fe2e46190d7ab6af01504ff240e82,2026-07-03T03:00:00Z,Switzerland,Algeria,elimination,mybookieag,MyBookie.ag,2026-07-02T12:37:31Z,totals,2026-07-02T12:37:31Z,Under,1.7,2.5
c17fe2e46190d7ab6af01504ff240e82,2026-07-03T03:00:00Z,Switzerland,Algeria,elimination,betclic_fr,Betclic (FR),2026-07-02T12:36:09Z,h2h,2026-07-02T12:36:09Z,Algeria,4.3,
c17fe2e46190d7ab6af01504ff240e82,2026-07-03T03:00:00Z,Switzerland,Algeria,elimination,betclic_fr,Betclic (FR),2026-07-02T12:36:09Z,h2h,2026-07-02T12:36:09Z,Switzerland,1.98,
c17fe2e46190d7ab6af01504ff240e82,2026-07-03T03:00:00Z,Switzerland,Algeria,elimination,betclic_fr,Betclic (FR),2026-07-02T12:36:09Z,h2h,2026-07-02T12:36:09Z,Draw,3.3,
c17fe2e46190d7ab6af01504ff240e82,2026-07-03T03:00:00Z,Switzerland,Algeria,elimination,codere_it,Codere (IT),2026-07-02T12:39:13Z,h2h,2026-07-02T12:39:12Z,Algeria,4.1,
c17fe2e46190d7ab6af01504ff240e82,2026-07-03T03:00:00Z,Switzerland,Algeria,elimination,codere_it,Codere (IT),2026-07-02T12:39:13Z,h2h,2026-07-02T12:39:12Z,Switzerland,2.0,
c17fe2e46190d7ab6af01504ff240e82,2026-07-03T03:00:00Z,Switzerland,Algeria,elimination,codere_it,Codere (IT),2026-07-02T12:39:13Z,h2h,2026-07-02T12:39:12Z,Draw,3.25,
c17fe2e46190d7ab6af01504ff240e82,2026-07-03T03:00:00Z,Switzerland,Algeria,elimination,codere_it,Codere (IT),2026-07-02T12:39:13Z,totals,2026-07-02T12:39:12Z,Over,2.07,2.5
c17fe2e46190d7ab6af01504ff240e82,2026-07-03T03:00:00Z,Switzerland,Algeria,elimination,codere_it,Codere (IT),2026-07-02T12:39:13Z,totals,2026-07-02T12:39:12Z,Under,1.65,2.5
c17fe2e46190d7ab6af01504ff240e82,2026-07-03T03:00:00Z,Switzerland,Algeria,elimination,coolbet,Coolbet,2026-07-02T12:39:00Z,h2h,2026-07-02T12:39:00Z,Algeria,4.35,
c17fe2e46190d7ab6af01504ff240e82,2026-07-03T03:00:00Z,Switzerland,Algeria,elimination,coolbet,Coolbet,2026-07-02T12:39:00Z,h2h,2026-07-02T12:39:00Z,Switzerland,2.04,
c17fe2e46190d7ab6af01504ff240e82,2026-07-03T03:00:00Z,Switzerland,Algeria,elimination,coolbet,Coolbet,2026-07-02T12:39:00Z,h2h,2026-07-02T12:39:00Z,Draw,3.3,
c17fe2e46190d7ab6af01504ff240e82,2026-07-03T03:00:00Z,Switzerland,Algeria,elimination,coolbet,Coolbet,2026-07-02T12:39:00Z,totals,2026-07-02T12:39:00Z,Over,2.2,2.5
c17fe2e46190d7ab6af01504ff240e82,2026-07-03T03:00:00Z,Switzerland,Algeria,elimination,coolbet,Coolbet,2026-07-02T12:39:00Z,totals,2026-07-02T12:39:00Z,Under,1.72,2.5
c17fe2e46190d7ab6af01504ff240e82,2026-07-03T03:00:00Z,Switzerland,Algeria,elimination,onexbet,1xBet,2026-07-02T12:39:00Z,h2h,2026-07-02T12:39:00Z,Algeria,4.29,
c17fe2e46190d7ab6af01504ff240e82,2026-07-03T03:00:00Z,Switzerland,Algeria,elimination,onexbet,1xBet,2026-07-02T12:39:00Z,h2h,2026-07-02T12:39:00Z,Switzerland,2.06,
c17fe2e46190d7ab6af01504ff240e82,2026-07-03T03:00:00Z,Switzerland,Algeria,elimination,onexbet,1xBet,2026-07-02T12:39:00Z,h2h,2026-07-02T12:39:00Z,Draw,3.37,
c17fe2e46190d7ab6af01504ff240e82,2026-07-03T03:00:00Z,Switzerland,Algeria,elimination,onexbet,1xBet,2026-07-02T12:39:00Z,spreads,2026-07-02T12:39:00Z,Algeria,2.89,0.0
c17fe2e46190d7ab6af01504ff240e82,2026-07-03T03:00:00Z,Switzerland,Algeria,elimination,onexbet,1xBet,2026-07-02T12:39:00Z,spreads,2026-07-02T12:39:00Z,Switzerland,1.45,0.0
c17fe2e46190d7ab6af01504ff240e82,2026-07-03T03:00:00Z,Switzerland,Algeria,elimination,onexbet,1xBet,2026-07-02T12:39:00Z,totals,2026-07-02T12:39:00Z,Over,2.21,2.5
c17fe2e46190d7ab6af01504ff240e82,2026-07-03T03:00:00Z,Switzerland,Algeria,elimination,onexbet,1xBet,2026-07-02T12:39:00Z,totals,2026-07-02T12:39:00Z,Under,1.71,2.5
c17fe2e46190d7ab6af01504ff240e82,2026-07-03T03:00:00Z,Switzerland,Algeria,elimination,gtbets,GTbets,2026-07-02T12:39:26Z,h2h,2026-07-02T12:39:26Z,Algeria,3.94,
c17fe2e46190d7ab6af01504ff240e82,2026-07-03T03:00:00Z,Switzerland,Algeria,elimination,gtbets,GTbets,2026-07-02T12:39:26Z,h2h,2026-07-02T12:39:26Z,Switzerland,2.01,
c17fe2e46190d7ab6af01504ff240e82,2026-07-03T03:00:00Z,Switzerland,Algeria,elimination,gtbets,GTbets,2026-07-02T12:39:26Z,h2h,2026-07-02T12:39:26Z,Draw,3.35,
c17fe2e46190d7ab6af01504ff240e82,2026-07-03T03:00:00Z,Switzerland,Algeria,elimination,gtbets,GTbets,2026-07-02T12:39:26Z,spreads,2026-07-02T12:39:26Z,Algeria,1.83,0.5
c17fe2e46190d7ab6af01504ff240e82,2026-07-03T03:00:00Z,Switzerland,Algeria,elimination,gtbets,GTbets,2026-07-02T12:39:26Z,spreads,2026-07-02T12:39:26Z,Switzerland,1.98,-0.5
c17fe2e46190d7ab6af01504ff240e82,2026-07-03T03:00:00Z,Switzerland,Algeria,elimination,gtbets,GTbets,2026-07-02T12:39:26Z,totals,2026-07-02T12:39:26Z,Over,2.13,2.5
c17fe2e46190d7ab6af01504ff240e82,2026-07-03T03:00:00Z,Switzerland,Algeria,elimination,gtbets,GTbets,2026-07-02T12:39:26Z,totals,2026-07-02T12:39:26Z,Under,1.72,2.5
c17fe2e46190d7ab6af01504ff240e82,2026-07-03T03:00:00Z,Switzerland,Algeria,elimination,tipico_de,Tipico,2026-07-02T12:39:12Z,h2h,2026-07-02T12:39:12Z,Algeria,4.3,
c17fe2e46190d7ab6af01504ff240e82,2026-07-03T03:00:00Z,Switzerland,Algeria,elimination,tipico_de,Tipico,2026-07-02T12:39:12Z,h2h,2026-07-02T12:39:12Z,Switzerland,1.95,
c17fe2e46190d7ab6af01504ff240e82,2026-07-03T03:00:00Z,Switzerland,Algeria,elimination,tipico_de,Tipico,2026-07-02T12:39:12Z,h2h,2026-07-02T12:39:12Z,Draw,3.3,
c17fe2e46190d7ab6af01504ff240e82,2026-07-03T03:00:00Z,Switzerland,Algeria,elimination,winamax_de,Winamax (DE),2026-07-02T12:39:01Z,h2h,2026-07-02T12:39:01Z,Algeria,4.1,
c17fe2e46190d7ab6af01504ff240e82,2026-07-03T03:00:00Z,Switzerland,Algeria,elimination,winamax_de,Winamax (DE),2026-07-02T12:39:01Z,h2h,2026-07-02T12:39:01Z,Switzerland,2.0,
c17fe2e46190d7ab6af01504ff240e82,2026-07-03T03:00:00Z,Switzerland,Algeria,elimination,winamax_de,Winamax (DE),2026-07-02T12:39:01Z,h2h,2026-07-02T12:39:01Z,Draw,3.3,
c17fe2e46190d7ab6af01504ff240e82,2026-07-03T03:00:00Z,Switzerland,Algeria,elimination,winamax_fr,Winamax (FR),2026-07-02T12:38:51Z,h2h,2026-07-02T12:38:51Z,Algeria,4.1,
c17fe2e46190d7ab6af01504ff240e82,2026-07-03T03:00:00Z,Switzerland,Algeria,elimination,winamax_fr,Winamax (FR),2026-07-02T12:38:51Z,h2h,2026-07-02T12:38:51Z,Switzerland,1.98,
c17fe2e46190d7ab6af01504ff240e82,2026-07-03T03:00:00Z,Switzerland,Algeria,elimination,winamax_fr,Winamax (FR),2026-07-02T12:38:51Z,h2h,2026-07-02T12:38:51Z,Draw,3.25,
c17fe2e46190d7ab6af01504ff240e82,2026-07-03T03:00:00Z,Switzerland,Algeria,elimination,betsson,Betsson,2026-07-02T12:39:12Z,h2h,2026-07-02T12:39:12Z,Algeria,4.2,
c17fe2e46190d7ab6af01504ff240e82,2026-07-03T03:00:00Z,Switzerland,Algeria,elimination,betsson,Betsson,2026-07-02T12:39:12Z,h2h,2026-07-02T12:39:12Z,Switzerland,2.0,
c17fe2e46190d7ab6af01504ff240e82,2026-07-03T03:00:00Z,Switzerland,Algeria,elimination,betsson,Betsson,2026-07-02T12:39:12Z,h2h,2026-07-02T12:39:12Z,Draw,3.3,
c17fe2e46190d7ab6af01504ff240e82,2026-07-03T03:00:00Z,Switzerland,Algeria,elimination,betsson,Betsson,2026-07-02T12:39:12Z,totals,2026-07-02T12:39:12Z,Over,2.22,2.5
c17fe2e46190d7ab6af01504ff240e82,2026-07-03T03:00:00Z,Switzerland,Algeria,elimination,betsson,Betsson,2026-07-02T12:39:12Z,totals,2026-07-02T12:39:12Z,Under,1.68,2.5
c17fe2e46190d7ab6af01504ff240e82,2026-07-03T03:00:00Z,Switzerland,Algeria,elimination,nordicbet,Nordic Bet,2026-07-02T12:39:12Z,h2h,2026-07-02T12:39:12Z,Algeria,4.2,
c17fe2e46190d7ab6af01504ff240e82,2026-07-03T03:00:00Z,Switzerland,Algeria,elimination,nordicbet,Nordic Bet,2026-07-02T12:39:12Z,h2h,2026-07-02T12:39:12Z,Switzerland,2.0,
c17fe2e46190d7ab6af01504ff240e82,2026-07-03T03:00:00Z,Switzerland,Algeria,elimination,nordicbet,Nordic Bet,2026-07-02T12:39:12Z,h2h,2026-07-02T12:39:12Z,Draw,3.3,
c17fe2e46190d7ab6af01504ff240e82,2026-07-03T03:00:00Z,Switzerland,Algeria,elimination,nordicbet,Nordic Bet,2026-07-02T12:39:12Z,totals,2026-07-02T12:39:12Z,Over,2.22,2.5
c17fe2e46190d7ab6af01504ff240e82,2026-07-03T03:00:00Z,Switzerland,Algeria,elimination,nordicbet,Nordic Bet,2026-07-02T12:39:12Z,totals,2026-07-02T12:39:12Z,Under,1.68,2.5
c17fe2e46190d7ab6af01504ff240e82,2026-07-03T03:00:00Z,Switzerland,Algeria,elimination,everygame,Everygame,2026-07-02T12:38:52Z,h2h,2026-07-02T12:38:52Z,Algeria,4.33,
c17fe2e46190d7ab6af01504ff240e82,2026-07-03T03:00:00Z,Switzerland,Algeria,elimination,everygame,Everygame,2026-07-02T12:38:52Z,h2h,2026-07-02T12:38:52Z,Switzerland,1.95,
c17fe2e46190d7ab6af01504ff240e82,2026-07-03T03:00:00Z,Switzerland,Algeria,elimination,everygame,Everygame,2026-07-02T12:38:52Z,h2h,2026-07-02T12:38:52Z,Draw,3.2,
c17fe2e46190d7ab6af01504ff240e82,2026-07-03T03:00:00Z,Switzerland,Algeria,elimination,matchbook,Matchbook,2026-07-02T12:39:25Z,h2h,2026-07-02T12:39:25Z,Algeria,4.4,
c17fe2e46190d7ab6af01504ff240e82,2026-07-03T03:00:00Z,Switzerland,Algeria,elimination,matchbook,Matchbook,2026-07-02T12:39:25Z,h2h,2026-07-02T12:39:25Z,Switzerland,2.08,
c17fe2e46190d7ab6af01504ff240e82,2026-07-03T03:00:00Z,Switzerland,Algeria,elimination,matchbook,Matchbook,2026-07-02T12:39:25Z,h2h,2026-07-02T12:39:25Z,Draw,3.3,
c17fe2e46190d7ab6af01504ff240e82,2026-07-03T03:00:00Z,Switzerland,Algeria,elimination,matchbook,Matchbook,2026-07-02T12:39:25Z,spreads,2026-07-02T12:39:25Z,Algeria,1.89,0.5
c17fe2e46190d7ab6af01504ff240e82,2026-07-03T03:00:00Z,Switzerland,Algeria,elimination,matchbook,Matchbook,2026-07-02T12:39:25Z,spreads,2026-07-02T12:39:25Z,Switzerland,2.08,-0.5
c17fe2e46190d7ab6af01504ff240e82,2026-07-03T03:00:00Z,Switzerland,Algeria,elimination,betfair_ex_eu,Betfair,2026-07-02T12:39:24Z,h2h,2026-07-02T12:39:24Z,Algeria,4.4,
c17fe2e46190d7ab6af01504ff240e82,2026-07-03T03:00:00Z,Switzerland,Algeria,elimination,betfair_ex_eu,Betfair,2026-07-02T12:39:24Z,h2h,2026-07-02T12:39:24Z,Switzerland,2.08,
c17fe2e46190d7ab6af01504ff240e82,2026-07-03T03:00:00Z,Switzerland,Algeria,elimination,betfair_ex_eu,Betfair,2026-07-02T12:39:24Z,h2h,2026-07-02T12:39:24Z,Draw,3.3,
c17fe2e46190d7ab6af01504ff240e82,2026-07-03T03:00:00Z,Switzerland,Algeria,elimination,sport888,888sport,2026-07-02T12:39:01Z,h2h,2026-07-02T12:39:01Z,Algeria,3.9,
c17fe2e46190d7ab6af01504ff240e82,2026-07-03T03:00:00Z,Switzerland,Algeria,elimination,sport888,888sport,2026-07-02T12:39:01Z,h2h,2026-07-02T12:39:01Z,Switzerland,1.95,
c17fe2e46190d7ab6af01504ff240e82,2026-07-03T03:00:00Z,Switzerland,Algeria,elimination,sport888,888sport,2026-07-02T12:39:01Z,h2h,2026-07-02T12:39:01Z,Draw,3.0,
c17fe2e46190d7ab6af01504ff240e82,2026-07-03T03:00:00Z,Switzerland,Algeria,elimination,williamhill,William Hill,2026-07-02T12:39:26Z,h2h,2026-07-02T12:39:26Z,Algeria,4.0,
c17fe2e46190d7ab6af01504ff240e82,2026-07-03T03:00:00Z,Switzerland,Algeria,elimination,williamhill,William Hill,2026-07-02T12:39:26Z,h2h,2026-07-02T12:39:26Z,Switzerland,1.95,
c17fe2e46190d7ab6af01504ff240e82,2026-07-03T03:00:00Z,Switzerland,Algeria,elimination,williamhill,William Hill,2026-07-02T12:39:26Z,h2h,2026-07-02T12:39:26Z,Draw,3.1,
c17fe2e46190d7ab6af01504ff240e82,2026-07-03T03:00:00Z,Switzerland,Algeria,elimination,williamhill,William Hill,2026-07-02T12:39:26Z,totals,2026-07-02T12:39:26Z,Over,2.05,2.5
c17fe2e46190d7ab6af01504ff240e82,2026-07-03T03:00:00Z,Switzerland,Algeria,elimination,williamhill,William Hill,2026-07-02T12:39:26Z,totals,2026-07-02T12:39:26Z,Under,1.7,2.5
c17fe2e46190d7ab6af01504ff240e82,2026-07-03T03:00:00Z,Switzerland,Algeria,elimination,betonlineag,BetOnline.ag,2026-07-02T12:39:25Z,h2h,2026-07-02T12:39:25Z,Algeria,4.3,
c17fe2e46190d7ab6af01504ff240e82,2026-07-03T03:00:00Z,Switzerland,Algeria,elimination,betonlineag,BetOnline.ag,2026-07-02T12:39:25Z,h2h,2026-07-02T12:39:25Z,Switzerland,2.04,
c17fe2e46190d7ab6af01504ff240e82,2026-07-03T03:00:00Z,Switzerland,Algeria,elimination,betonlineag,BetOnline.ag,2026-07-02T12:39:25Z,h2h,2026-07-02T12:39:25Z,Draw,3.26,
c17fe2e46190d7ab6af01504ff240e82,2026-07-03T03:00:00Z,Switzerland,Algeria,elimination,betonlineag,BetOnline.ag,2026-07-02T12:39:25Z,spreads,2026-07-02T12:39:25Z,Algeria,1.83,0.5
c17fe2e46190d7ab6af01504ff240e82,2026-07-03T03:00:00Z,Switzerland,Algeria,elimination,betonlineag,BetOnline.ag,2026-07-02T12:39:25Z,spreads,2026-07-02T12:39:25Z,Switzerland,2.04,-0.5
c17fe2e46190d7ab6af01504ff240e82,2026-07-03T03:00:00Z,Switzerland,Algeria,elimination,betonlineag,BetOnline.ag,2026-07-02T12:39:25Z,totals,2026-07-02T12:39:25Z,Over,2.22,2.5
c17fe2e46190d7ab6af01504ff240e82,2026-07-03T03:00:00Z,Switzerland,Algeria,elimination,betonlineag,BetOnline.ag,2026-07-02T12:39:25Z,totals,2026-07-02T12:39:25Z,Under,1.72,2.5
c17fe2e46190d7ab6af01504ff240e82,2026-07-03T03:00:00Z,Switzerland,Algeria,elimination,pinnacle,Pinnacle,2026-07-02T12:39:24Z,h2h,2026-07-02T12:39:24Z,Algeria,4.44,
c17fe2e46190d7ab6af01504ff240e82,2026-07-03T03:00:00Z,Switzerland,Algeria,elimination,pinnacle,Pinnacle,2026-07-02T12:39:24Z,h2h,2026-07-02T12:39:24Z,Switzerland,2.02,
c17fe2e46190d7ab6af01504ff240e82,2026-07-03T03:00:00Z,Switzerland,Algeria,elimination,pinnacle,Pinnacle,2026-07-02T12:39:24Z,h2h,2026-07-02T12:39:24Z,Draw,3.31,
c17fe2e46190d7ab6af01504ff240e82,2026-07-03T03:00:00Z,Switzerland,Algeria,elimination,pinnacle,Pinnacle,2026-07-02T12:39:24Z,spreads,2026-07-02T12:39:24Z,Algeria,1.91,0.5
c17fe2e46190d7ab6af01504ff240e82,2026-07-03T03:00:00Z,Switzerland,Algeria,elimination,pinnacle,Pinnacle,2026-07-02T12:39:24Z,spreads,2026-07-02T12:39:24Z,Switzerland,2.02,-0.5
c17fe2e46190d7ab6af01504ff240e82,2026-07-03T03:00:00Z,Switzerland,Algeria,elimination,pinnacle,Pinnacle,2026-07-02T12:39:24Z,totals,2026-07-02T12:39:24Z,Over,1.95,2.25
c17fe2e46190d7ab6af01504ff240e82,2026-07-03T03:00:00Z,Switzerland,Algeria,elimination,pinnacle,Pinnacle,2026-07-02T12:39:24Z,totals,2026-07-02T12:39:24Z,Under,1.95,2.25
c17fe2e46190d7ab6af01504ff240e82,2026-07-03T03:00:00Z,Switzerland,Algeria,elimination,betanysports,BetAnything,2026-07-02T12:39:00Z,h2h,2026-07-02T12:39:00Z,Algeria,4.3,
c17fe2e46190d7ab6af01504ff240e82,2026-07-03T03:00:00Z,Switzerland,Algeria,elimination,betanysports,BetAnything,2026-07-02T12:39:00Z,h2h,2026-07-02T12:39:00Z,Switzerland,2.04,
c17fe2e46190d7ab6af01504ff240e82,2026-07-03T03:00:00Z,Switzerland,Algeria,elimination,betanysports,BetAnything,2026-07-02T12:39:00Z,h2h,2026-07-02T12:39:00Z,Draw,3.26,
c17fe2e46190d7ab6af01504ff240e82,2026-07-03T03:00:00Z,Switzerland,Algeria,elimination,betanysports,BetAnything,2026-07-02T12:39:00Z,spreads,2026-07-02T12:39:00Z,Algeria,1.83,0.5
c17fe2e46190d7ab6af01504ff240e82,2026-07-03T03:00:00Z,Switzerland,Algeria,elimination,betanysports,BetAnything,2026-07-02T12:39:00Z,spreads,2026-07-02T12:39:00Z,Switzerland,2.0,-0.5
c17fe2e46190d7ab6af01504ff240e82,2026-07-03T03:00:00Z,Switzerland,Algeria,elimination,betanysports,BetAnything,2026-07-02T12:39:00Z,totals,2026-07-02T12:39:00Z,Over,3.15,3.0
c17fe2e46190d7ab6af01504ff240e82,2026-07-03T03:00:00Z,Switzerland,Algeria,elimination,betanysports,BetAnything,2026-07-02T12:39:00Z,totals,2026-07-02T12:39:00Z,Under,1.35,3.0
fb270a3dac2b682c861bd674a5ff4a04,2026-07-03T18:00:00Z,Australia,Egypt,elimination,unibet_nl,Unibet (NL),2026-07-02T12:38:26Z,h2h,2026-07-02T12:38:26Z,Australia,3.5,
fb270a3dac2b682c861bd674a5ff4a04,2026-07-03T18:00:00Z,Australia,Egypt,elimination,unibet_nl,Unibet (NL),2026-07-02T12:38:26Z,h2h,2026-07-02T12:38:26Z,Egypt,2.5,
fb270a3dac2b682c861bd674a5ff4a04,2026-07-03T18:00:00Z,Australia,Egypt,elimination,unibet_nl,Unibet (NL),2026-07-02T12:38:26Z,h2h,2026-07-02T12:38:26Z,Draw,2.88,
fb270a3dac2b682c861bd674a5ff4a04,2026-07-03T18:00:00Z,Australia,Egypt,elimination,unibet_nl,Unibet (NL),2026-07-02T12:38:26Z,totals,2026-07-02T12:38:26Z,Over,1.53,1.5
fb270a3dac2b682c861bd674a5ff4a04,2026-07-03T18:00:00Z,Australia,Egypt,elimination,unibet_nl,Unibet (NL),2026-07-02T12:38:26Z,totals,2026-07-02T12:38:26Z,Under,2.43,1.5
fb270a3dac2b682c861bd674a5ff4a04,2026-07-03T18:00:00Z,Australia,Egypt,elimination,leovegas_se,LeoVegas (SE),2026-07-02T12:39:25Z,h2h,2026-07-02T12:39:25Z,Australia,3.4,
fb270a3dac2b682c861bd674a5ff4a04,2026-07-03T18:00:00Z,Australia,Egypt,elimination,leovegas_se,LeoVegas (SE),2026-07-02T12:39:25Z,h2h,2026-07-02T12:39:25Z,Egypt,2.48,
fb270a3dac2b682c861bd674a5ff4a04,2026-07-03T18:00:00Z,Australia,Egypt,elimination,leovegas_se,LeoVegas (SE),2026-07-02T12:39:25Z,h2h,2026-07-02T12:39:25Z,Draw,2.85,
fb270a3dac2b682c861bd674a5ff4a04,2026-07-03T18:00:00Z,Australia,Egypt,elimination,pmu_fr,PMU (FR),2026-07-02T12:39:25Z,h2h,2026-07-02T12:39:25Z,Australia,3.35,
fb270a3dac2b682c861bd674a5ff4a04,2026-07-03T18:00:00Z,Australia,Egypt,elimination,pmu_fr,PMU (FR),2026-07-02T12:39:25Z,h2h,2026-07-02T12:39:25Z,Egypt,2.43,
fb270a3dac2b682c861bd674a5ff4a04,2026-07-03T18:00:00Z,Australia,Egypt,elimination,pmu_fr,PMU (FR),2026-07-02T12:39:25Z,h2h,2026-07-02T12:39:25Z,Draw,2.8,
fb270a3dac2b682c861bd674a5ff4a04,2026-07-03T18:00:00Z,Australia,Egypt,elimination,pmu_fr,PMU (FR),2026-07-02T12:39:25Z,totals,2026-07-02T12:39:25Z,Over,1.5,1.5
fb270a3dac2b682c861bd674a5ff4a04,2026-07-03T18:00:00Z,Australia,Egypt,elimination,pmu_fr,PMU (FR),2026-07-02T12:39:25Z,totals,2026-07-02T12:39:25Z,Under,2.38,1.5
fb270a3dac2b682c861bd674a5ff4a04,2026-07-03T18:00:00Z,Australia,Egypt,elimination,unibet_se,Unibet (SE),2026-07-02T12:39:01Z,h2h,2026-07-02T12:39:01Z,Australia,3.5,
fb270a3dac2b682c861bd674a5ff4a04,2026-07-03T18:00:00Z,Australia,Egypt,elimination,unibet_se,Unibet (SE),2026-07-02T12:39:01Z,h2h,2026-07-02T12:39:01Z,Egypt,2.5,
fb270a3dac2b682c861bd674a5ff4a04,2026-07-03T18:00:00Z,Australia,Egypt,elimination,unibet_se,Unibet (SE),2026-07-02T12:39:01Z,h2h,2026-07-02T12:39:01Z,Draw,2.88,
fb270a3dac2b682c861bd674a5ff4a04,2026-07-03T18:00:00Z,Australia,Egypt,elimination,unibet_se,Unibet (SE),2026-07-02T12:39:01Z,totals,2026-07-02T12:39:01Z,Over,1.55,1.5
fb270a3dac2b682c861bd674a5ff4a04,2026-07-03T18:00:00Z,Australia,Egypt,elimination,unibet_se,Unibet (SE),2026-07-02T12:39:01Z,totals,2026-07-02T12:39:01Z,Under,2.48,1.5
fb270a3dac2b682c861bd674a5ff4a04,2026-07-03T18:00:00Z,Australia,Egypt,elimination,unibet_fr,Unibet (FR),2026-07-02T12:39:24Z,h2h,2026-07-02T12:39:24Z,Australia,3.55,
fb270a3dac2b682c861bd674a5ff4a04,2026-07-03T18:00:00Z,Australia,Egypt,elimination,unibet_fr,Unibet (FR),2026-07-02T12:39:24Z,h2h,2026-07-02T12:39:24Z,Egypt,2.35,
fb270a3dac2b682c861bd674a5ff4a04,2026-07-03T18:00:00Z,Australia,Egypt,elimination,unibet_fr,Unibet (FR),2026-07-02T12:39:24Z,h2h,2026-07-02T12:39:24Z,Draw,2.95,
fb270a3dac2b682c861bd674a5ff4a04,2026-07-03T18:00:00Z,Australia,Egypt,elimination,coolbet,Coolbet,2026-07-02T12:39:00Z,h2h,2026-07-02T12:39:00Z,Australia,3.5,
fb270a3dac2b682c861bd674a5ff4a04,2026-07-03T18:00:00Z,Australia,Egypt,elimination,coolbet,Coolbet,2026-07-02T12:39:00Z,h2h,2026-07-02T12:39:00Z,Egypt,2.53,
fb270a3dac2b682c861bd674a5ff4a04,2026-07-03T18:00:00Z,Australia,Egypt,elimination,coolbet,Coolbet,2026-07-02T12:39:00Z,h2h,2026-07-02T12:39:00Z,Draw,2.93,
fb270a3dac2b682c861bd674a5ff4a04,2026-07-03T18:00:00Z,Australia,Egypt,elimination,coolbet,Coolbet,2026-07-02T12:39:00Z,totals,2026-07-02T12:39:00Z,Over,2.08,2.0
fb270a3dac2b682c861bd674a5ff4a04,2026-07-03T18:00:00Z,Australia,Egypt,elimination,coolbet,Coolbet,2026-07-02T12:39:00Z,totals,2026-07-02T12:39:00Z,Under,1.81,2.0
fb270a3dac2b682c861bd674a5ff4a04,2026-07-03T18:00:00Z,Australia,Egypt,elimination,betclic_fr,Betclic (FR),2026-07-02T12:36:09Z,h2h,2026-07-02T12:36:09Z,Australia,3.35,
fb270a3dac2b682c861bd674a5ff4a04,2026-07-03T18:00:00Z,Australia,Egypt,elimination,betclic_fr,Betclic (FR),2026-07-02T12:36:09Z,h2h,2026-07-02T12:36:09Z,Egypt,2.47,
fb270a3dac2b682c861bd674a5ff4a04,2026-07-03T18:00:00Z,Australia,Egypt,elimination,betclic_fr,Betclic (FR),2026-07-02T12:36:09Z,h2h,2026-07-02T12:36:09Z,Draw,2.9,
fb270a3dac2b682c861bd674a5ff4a04,2026-07-03T18:00:00Z,Australia,Egypt,elimination,codere_it,Codere (IT),2026-07-02T12:39:13Z,h2h,2026-07-02T12:39:12Z,Australia,3.35,
fb270a3dac2b682c861bd674a5ff4a04,2026-07-03T18:00:00Z,Australia,Egypt,elimination,codere_it,Codere (IT),2026-07-02T12:39:13Z,h2h,2026-07-02T12:39:12Z,Egypt,2.49,
fb270a3dac2b682c861bd674a5ff4a04,2026-07-03T18:00:00Z,Australia,Egypt,elimination,codere_it,Codere (IT),2026-07-02T12:39:13Z,h2h,2026-07-02T12:39:12Z,Draw,2.9,
fb270a3dac2b682c861bd674a5ff4a04,2026-07-03T18:00:00Z,Australia,Egypt,elimination,codere_it,Codere (IT),2026-07-02T12:39:13Z,totals,2026-07-02T12:39:12Z,Over,1.54,1.5
fb270a3dac2b682c861bd674a5ff4a04,2026-07-03T18:00:00Z,Australia,Egypt,elimination,codere_it,Codere (IT),2026-07-02T12:39:13Z,totals,2026-07-02T12:39:12Z,Under,2.27,1.5
fb270a3dac2b682c861bd674a5ff4a04,2026-07-03T18:00:00Z,Australia,Egypt,elimination,mybookieag,MyBookie.ag,2026-07-02T12:37:31Z,h2h,2026-07-02T12:37:31Z,Australia,3.3,
fb270a3dac2b682c861bd674a5ff4a04,2026-07-03T18:00:00Z,Australia,Egypt,elimination,mybookieag,MyBookie.ag,2026-07-02T12:37:31Z,h2h,2026-07-02T12:37:31Z,Egypt,2.46,
fb270a3dac2b682c861bd674a5ff4a04,2026-07-03T18:00:00Z,Australia,Egypt,elimination,mybookieag,MyBookie.ag,2026-07-02T12:37:31Z,h2h,2026-07-02T12:37:31Z,Draw,2.85,
fb270a3dac2b682c861bd674a5ff4a04,2026-07-03T18:00:00Z,Australia,Egypt,elimination,mybookieag,MyBookie.ag,2026-07-02T12:37:31Z,spreads,2026-07-02T12:37:31Z,Australia,2.14,0.0
fb270a3dac2b682c861bd674a5ff4a04,2026-07-03T18:00:00Z,Australia,Egypt,elimination,mybookieag,MyBookie.ag,2026-07-02T12:37:31Z,spreads,2026-07-02T12:37:31Z,Egypt,1.63,0.0
fb270a3dac2b682c861bd674a5ff4a04,2026-07-03T18:00:00Z,Australia,Egypt,elimination,mybookieag,MyBookie.ag,2026-07-02T12:37:31Z,totals,2026-07-02T12:37:31Z,Over,2.03,2.0
fb270a3dac2b682c861bd674a5ff4a04,2026-07-03T18:00:00Z,Australia,Egypt,elimination,mybookieag,MyBookie.ag,2026-07-02T12:37:31Z,totals,2026-07-02T12:37:31Z,Under,1.7,2.0
fb270a3dac2b682c861bd674a5ff4a04,2026-07-03T18:00:00Z,Australia,Egypt,elimination,tipico_de,Tipico,2026-07-02T12:39:12Z,h2h,2026-07-02T12:39:12Z,Australia,3.5,
fb270a3dac2b682c861bd674a5ff4a04,2026-07-03T18:00:00Z,Australia,Egypt,elimination,tipico_de,Tipico,2026-07-02T12:39:12Z,h2h,2026-07-02T12:39:12Z,Egypt,2.4,
fb270a3dac2b682c861bd674a5ff4a04,2026-07-03T18:00:00Z,Australia,Egypt,elimination,tipico_de,Tipico,2026-07-02T12:39:12Z,h2h,2026-07-02T12:39:12Z,Draw,2.9,
fb270a3dac2b682c861bd674a5ff4a04,2026-07-03T18:00:00Z,Australia,Egypt,elimination,winamax_fr,Winamax (FR),2026-07-02T12:38:51Z,h2h,2026-07-02T12:38:51Z,Australia,3.2,
fb270a3dac2b682c861bd674a5ff4a04,2026-07-03T18:00:00Z,Australia,Egypt,elimination,winamax_fr,Winamax (FR),2026-07-02T12:38:51Z,h2h,2026-07-02T12:38:51Z,Egypt,2.4,
fb270a3dac2b682c861bd674a5ff4a04,2026-07-03T18:00:00Z,Australia,Egypt,elimination,winamax_fr,Winamax (FR),2026-07-02T12:38:51Z,h2h,2026-07-02T12:38:51Z,Draw,2.9,
fb270a3dac2b682c861bd674a5ff4a04,2026-07-03T18:00:00Z,Australia,Egypt,elimination,winamax_de,Winamax (DE),2026-07-02T12:39:01Z,h2h,2026-07-02T12:39:01Z,Australia,3.25,
fb270a3dac2b682c861bd674a5ff4a04,2026-07-03T18:00:00Z,Australia,Egypt,elimination,winamax_de,Winamax (DE),2026-07-02T12:39:01Z,h2h,2026-07-02T12:39:01Z,Egypt,2.45,
fb270a3dac2b682c861bd674a5ff4a04,2026-07-03T18:00:00Z,Australia,Egypt,elimination,winamax_de,Winamax (DE),2026-07-02T12:39:01Z,h2h,2026-07-02T12:39:01Z,Draw,2.95,
fb270a3dac2b682c861bd674a5ff4a04,2026-07-03T18:00:00Z,Australia,Egypt,elimination,marathonbet,Marathon Bet,2026-07-02T12:39:01Z,h2h,2026-07-02T12:39:01Z,Australia,3.35,
fb270a3dac2b682c861bd674a5ff4a04,2026-07-03T18:00:00Z,Australia,Egypt,elimination,marathonbet,Marathon Bet,2026-07-02T12:39:01Z,h2h,2026-07-02T12:39:01Z,Egypt,2.49,
fb270a3dac2b682c861bd674a5ff4a04,2026-07-03T18:00:00Z,Australia,Egypt,elimination,marathonbet,Marathon Bet,2026-07-02T12:39:01Z,h2h,2026-07-02T12:39:01Z,Draw,2.99,
fb270a3dac2b682c861bd674a5ff4a04,2026-07-03T18:00:00Z,Australia,Egypt,elimination,gtbets,GTbets,2026-07-02T12:39:26Z,h2h,2026-07-02T12:39:26Z,Australia,3.33,
fb270a3dac2b682c861bd674a5ff4a04,2026-07-03T18:00:00Z,Australia,Egypt,elimination,gtbets,GTbets,2026-07-02T12:39:26Z,h2h,2026-07-02T12:39:26Z,Egypt,2.45,
fb270a3dac2b682c861bd674a5ff4a04,2026-07-03T18:00:00Z,Australia,Egypt,elimination,gtbets,GTbets,2026-07-02T12:39:26Z,h2h,2026-07-02T12:39:26Z,Draw,2.92,
fb270a3dac2b682c861bd674a5ff4a04,2026-07-03T18:00:00Z,Australia,Egypt,elimination,gtbets,GTbets,2026-07-02T12:39:26Z,spreads,2026-07-02T12:39:26Z,Australia,1.56,0.5
fb270a3dac2b682c861bd674a5ff4a04,2026-07-03T18:00:00Z,Australia,Egypt,elimination,gtbets,GTbets,2026-07-02T12:39:26Z,spreads,2026-07-02T12:39:26Z,Egypt,2.44,-0.5
fb270a3dac2b682c861bd674a5ff4a04,2026-07-03T18:00:00Z,Australia,Egypt,elimination,gtbets,GTbets,2026-07-02T12:39:26Z,totals,2026-07-02T12:39:26Z,Over,1.58,1.5
fb270a3dac2b682c861bd674a5ff4a04,2026-07-03T18:00:00Z,Australia,Egypt,elimination,gtbets,GTbets,2026-07-02T12:39:26Z,totals,2026-07-02T12:39:26Z,Under,2.4,1.5
fb270a3dac2b682c861bd674a5ff4a04,2026-07-03T18:00:00Z,Australia,Egypt,elimination,matchbook,Matchbook,2026-07-02T12:39:25Z,h2h,2026-07-02T12:39:25Z,Australia,3.65,
fb270a3dac2b682c861bd674a5ff4a04,2026-07-03T18:00:00Z,Australia,Egypt,elimination,matchbook,Matchbook,2026-07-02T12:39:25Z,h2h,2026-07-02T12:39:25Z,Egypt,2.56,
fb270a3dac2b682c861bd674a5ff4a04,2026-07-03T18:00:00Z,Australia,Egypt,elimination,matchbook,Matchbook,2026-07-02T12:39:25Z,h2h,2026-07-02T12:39:25Z,Draw,2.96,
fb270a3dac2b682c861bd674a5ff4a04,2026-07-03T18:00:00Z,Australia,Egypt,elimination,matchbook,Matchbook,2026-07-02T12:39:25Z,spreads,2026-07-02T12:39:25Z,Australia,1.87,0.25
fb270a3dac2b682c861bd674a5ff4a04,2026-07-03T18:00:00Z,Australia,Egypt,elimination,matchbook,Matchbook,2026-07-02T12:39:25Z,spreads,2026-07-02T12:39:25Z,Egypt,2.12,-0.25
fb270a3dac2b682c861bd674a5ff4a04,2026-07-03T18:00:00Z,Australia,Egypt,elimination,matchbook,Matchbook,2026-07-02T12:39:25Z,totals,2026-07-02T12:39:25Z,Over,1.65,1.5
fb270a3dac2b682c861bd674a5ff4a04,2026-07-03T18:00:00Z,Australia,Egypt,elimination,matchbook,Matchbook,2026-07-02T12:39:25Z,totals,2026-07-02T12:39:25Z,Under,2.5,1.5
fb270a3dac2b682c861bd674a5ff4a04,2026-07-03T18:00:00Z,Australia,Egypt,elimination,betfair_ex_eu,Betfair,2026-07-02T12:39:24Z,h2h,2026-07-02T12:39:24Z,Australia,3.65,
fb270a3dac2b682c861bd674a5ff4a04,2026-07-03T18:00:00Z,Australia,Egypt,elimination,betfair_ex_eu,Betfair,2026-07-02T12:39:24Z,h2h,2026-07-02T12:39:24Z,Egypt,2.56,
fb270a3dac2b682c861bd674a5ff4a04,2026-07-03T18:00:00Z,Australia,Egypt,elimination,betfair_ex_eu,Betfair,2026-07-02T12:39:24Z,h2h,2026-07-02T12:39:24Z,Draw,2.96,
fb270a3dac2b682c861bd674a5ff4a04,2026-07-03T18:00:00Z,Australia,Egypt,elimination,pinnacle,Pinnacle,2026-07-02T12:39:24Z,h2h,2026-07-02T12:39:24Z,Australia,3.42,
fb270a3dac2b682c861bd674a5ff4a04,2026-07-03T18:00:00Z,Australia,Egypt,elimination,pinnacle,Pinnacle,2026-07-02T12:39:24Z,h2h,2026-07-02T12:39:24Z,Egypt,2.53,
fb270a3dac2b682c861bd674a5ff4a04,2026-07-03T18:00:00Z,Australia,Egypt,elimination,pinnacle,Pinnacle,2026-07-02T12:39:24Z,h2h,2026-07-02T12:39:24Z,Draw,2.89,
fb270a3dac2b682c861bd674a5ff4a04,2026-07-03T18:00:00Z,Australia,Egypt,elimination,pinnacle,Pinnacle,2026-07-02T12:39:24Z,spreads,2026-07-02T12:39:24Z,Australia,1.81,0.25
fb270a3dac2b682c861bd674a5ff4a04,2026-07-03T18:00:00Z,Australia,Egypt,elimination,pinnacle,Pinnacle,2026-07-02T12:39:24Z,spreads,2026-07-02T12:39:24Z,Egypt,2.12,-0.25
fb270a3dac2b682c861bd674a5ff4a04,2026-07-03T18:00:00Z,Australia,Egypt,elimination,pinnacle,Pinnacle,2026-07-02T12:39:24Z,totals,2026-07-02T12:39:24Z,Over,1.79,1.75
fb270a3dac2b682c861bd674a5ff4a04,2026-07-03T18:00:00Z,Australia,Egypt,elimination,pinnacle,Pinnacle,2026-07-02T12:39:24Z,totals,2026-07-02T12:39:24Z,Under,2.12,1.75
fb270a3dac2b682c861bd674a5ff4a04,2026-07-03T18:00:00Z,Australia,Egypt,elimination,betsson,Betsson,2026-07-02T12:39:12Z,h2h,2026-07-02T12:39:12Z,Australia,3.3,
fb270a3dac2b682c861bd674a5ff4a04,2026-07-03T18:00:00Z,Australia,Egypt,elimination,betsson,Betsson,2026-07-02T12:39:12Z,h2h,2026-07-02T12:39:12Z,Egypt,2.55,
fb270a3dac2b682c861bd674a5ff4a04,2026-07-03T18:00:00Z,Australia,Egypt,elimination,betsson,Betsson,2026-07-02T12:39:12Z,h2h,2026-07-02T12:39:12Z,Draw,2.92,
fb270a3dac2b682c861bd674a5ff4a04,2026-07-03T18:00:00Z,Australia,Egypt,elimination,betsson,Betsson,2026-07-02T12:39:12Z,totals,2026-07-02T12:39:12Z,Over,2.78,2.5
fb270a3dac2b682c861bd674a5ff4a04,2026-07-03T18:00:00Z,Australia,Egypt,elimination,betsson,Betsson,2026-07-02T12:39:12Z,totals,2026-07-02T12:39:12Z,Under,1.45,2.5
fb270a3dac2b682c861bd674a5ff4a04,2026-07-03T18:00:00Z,Australia,Egypt,elimination,nordicbet,Nordic Bet,2026-07-02T12:39:12Z,h2h,2026-07-02T12:39:12Z,Australia,3.3,
fb270a3dac2b682c861bd674a5ff4a04,2026-07-03T18:00:00Z,Australia,Egypt,elimination,nordicbet,Nordic Bet,2026-07-02T12:39:12Z,h2h,2026-07-02T12:39:12Z,Egypt,2.55,
fb270a3dac2b682c861bd674a5ff4a04,2026-07-03T18:00:00Z,Australia,Egypt,elimination,nordicbet,Nordic Bet,2026-07-02T12:39:12Z,h2h,2026-07-02T12:39:12Z,Draw,2.92,
fb270a3dac2b682c861bd674a5ff4a04,2026-07-03T18:00:00Z,Australia,Egypt,elimination,nordicbet,Nordic Bet,2026-07-02T12:39:12Z,totals,2026-07-02T12:39:12Z,Over,2.78,2.5
fb270a3dac2b682c861bd674a5ff4a04,2026-07-03T18:00:00Z,Australia,Egypt,elimination,nordicbet,Nordic Bet,2026-07-02T12:39:12Z,totals,2026-07-02T12:39:12Z,Under,1.45,2.5
fb270a3dac2b682c861bd674a5ff4a04,2026-07-03T18:00:00Z,Australia,Egypt,elimination,onexbet,1xBet,2026-07-02T12:39:00Z,h2h,2026-07-02T12:39:00Z,Australia,3.41,
fb270a3dac2b682c861bd674a5ff4a04,2026-07-03T18:00:00Z,Australia,Egypt,elimination,onexbet,1xBet,2026-07-02T12:39:00Z,h2h,2026-07-02T12:39:00Z,Egypt,2.54,
fb270a3dac2b682c861bd674a5ff4a04,2026-07-03T18:00:00Z,Australia,Egypt,elimination,onexbet,1xBet,2026-07-02T12:39:00Z,h2h,2026-07-02T12:39:00Z,Draw,3.04,
fb270a3dac2b682c861bd674a5ff4a04,2026-07-03T18:00:00Z,Australia,Egypt,elimination,onexbet,1xBet,2026-07-02T12:39:00Z,spreads,2026-07-02T12:39:00Z,Australia,2.27,0.0
fb270a3dac2b682c861bd674a5ff4a04,2026-07-03T18:00:00Z,Australia,Egypt,elimination,onexbet,1xBet,2026-07-02T12:39:00Z,spreads,2026-07-02T12:39:00Z,Egypt,1.68,0.0
fb270a3dac2b682c861bd674a5ff4a04,2026-07-03T18:00:00Z,Australia,Egypt,elimination,onexbet,1xBet,2026-07-02T12:39:00Z,totals,2026-07-02T12:39:00Z,Over,1.62,1.5
fb270a3dac2b682c861bd674a5ff4a04,2026-07-03T18:00:00Z,Australia,Egypt,elimination,onexbet,1xBet,2026-07-02T12:39:00Z,totals,2026-07-02T12:39:00Z,Under,2.38,1.5
fb270a3dac2b682c861bd674a5ff4a04,2026-07-03T18:00:00Z,Australia,Egypt,elimination,sport888,888sport,2026-07-02T12:39:01Z,h2h,2026-07-02T12:39:01Z,Australia,3.1,
fb270a3dac2b682c861bd674a5ff4a04,2026-07-03T18:00:00Z,Australia,Egypt,elimination,sport888,888sport,2026-07-02T12:39:01Z,h2h,2026-07-02T12:39:01Z,Egypt,2.4,
fb270a3dac2b682c861bd674a5ff4a04,2026-07-03T18:00:00Z,Australia,Egypt,elimination,sport888,888sport,2026-07-02T12:39:01Z,h2h,2026-07-02T12:39:01Z,Draw,2.8,
fb270a3dac2b682c861bd674a5ff4a04,2026-07-03T18:00:00Z,Australia,Egypt,elimination,williamhill,William Hill,2026-07-02T12:39:26Z,h2h,2026-07-02T12:39:26Z,Australia,3.2,
fb270a3dac2b682c861bd674a5ff4a04,2026-07-03T18:00:00Z,Australia,Egypt,elimination,williamhill,William Hill,2026-07-02T12:39:26Z,h2h,2026-07-02T12:39:26Z,Egypt,2.4,
fb270a3dac2b682c861bd674a5ff4a04,2026-07-03T18:00:00Z,Australia,Egypt,elimination,williamhill,William Hill,2026-07-02T12:39:26Z,h2h,2026-07-02T12:39:26Z,Draw,2.8,
fb270a3dac2b682c861bd674a5ff4a04,2026-07-03T18:00:00Z,Australia,Egypt,elimination,williamhill,William Hill,2026-07-02T12:39:26Z,totals,2026-07-02T12:39:26Z,Over,2.62,2.5
fb270a3dac2b682c861bd674a5ff4a04,2026-07-03T18:00:00Z,Australia,Egypt,elimination,williamhill,William Hill,2026-07-02T12:39:26Z,totals,2026-07-02T12:39:26Z,Under,1.44,2.5
fb270a3dac2b682c861bd674a5ff4a04,2026-07-03T18:00:00Z,Australia,Egypt,elimination,everygame,Everygame,2026-07-02T12:38:52Z,h2h,2026-07-02T12:38:52Z,Australia,3.35,
fb270a3dac2b682c861bd674a5ff4a04,2026-07-03T18:00:00Z,Australia,Egypt,elimination,everygame,Everygame,2026-07-02T12:38:52Z,h2h,2026-07-02T12:38:52Z,Egypt,2.5,
fb270a3dac2b682c861bd674a5ff4a04,2026-07-03T18:00:00Z,Australia,Egypt,elimination,everygame,Everygame,2026-07-02T12:38:52Z,h2h,2026-07-02T12:38:52Z,Draw,2.85,
fb270a3dac2b682c861bd674a5ff4a04,2026-07-03T18:00:00Z,Australia,Egypt,elimination,betonlineag,BetOnline.ag,2026-07-02T12:39:25Z,h2h,2026-07-02T12:39:25Z,Australia,3.43,
fb270a3dac2b682c861bd674a5ff4a04,2026-07-03T18:00:00Z,Australia,Egypt,elimination,betonlineag,BetOnline.ag,2026-07-02T12:39:25Z,h2h,2026-07-02T12:39:25Z,Egypt,2.55,
fb270a3dac2b682c861bd674a5ff4a04,2026-07-03T18:00:00Z,Australia,Egypt,elimination,betonlineag,BetOnline.ag,2026-07-02T12:39:25Z,h2h,2026-07-02T12:39:25Z,Draw,2.85,
fb270a3dac2b682c861bd674a5ff4a04,2026-07-03T18:00:00Z,Australia,Egypt,elimination,betonlineag,BetOnline.ag,2026-07-02T12:39:25Z,spreads,2026-07-02T12:39:25Z,Australia,2.28,0.0
fb270a3dac2b682c861bd674a5ff4a04,2026-07-03T18:00:00Z,Australia,Egypt,elimination,betonlineag,BetOnline.ag,2026-07-02T12:39:25Z,spreads,2026-07-02T12:39:25Z,Egypt,1.69,0.0
fb270a3dac2b682c861bd674a5ff4a04,2026-07-03T18:00:00Z,Australia,Egypt,elimination,betonlineag,BetOnline.ag,2026-07-02T12:39:25Z,totals,2026-07-02T12:39:25Z,Over,2.09,2.0
fb270a3dac2b682c861bd674a5ff4a04,2026-07-03T18:00:00Z,Australia,Egypt,elimination,betonlineag,BetOnline.ag,2026-07-02T12:39:25Z,totals,2026-07-02T12:39:25Z,Under,1.8,2.0
fb270a3dac2b682c861bd674a5ff4a04,2026-07-03T18:00:00Z,Australia,Egypt,elimination,betanysports,BetAnything,2026-07-02T12:39:00Z,h2h,2026-07-02T12:39:00Z,Australia,3.43,
fb270a3dac2b682c861bd674a5ff4a04,2026-07-03T18:00:00Z,Australia,Egypt,elimination,betanysports,BetAnything,2026-07-02T12:39:00Z,h2h,2026-07-02T12:39:00Z,Egypt,2.55,
fb270a3dac2b682c861bd674a5ff4a04,2026-07-03T18:00:00Z,Australia,Egypt,elimination,betanysports,BetAnything,2026-07-02T12:39:00Z,h2h,2026-07-02T12:39:00Z,Draw,2.85,
fb270a3dac2b682c861bd674a5ff4a04,2026-07-03T18:00:00Z,Australia,Egypt,elimination,betanysports,BetAnything,2026-07-02T12:39:00Z,spreads,2026-07-02T12:39:00Z,Australia,2.25,0.0
fb270a3dac2b682c861bd674a5ff4a04,2026-07-03T18:00:00Z,Australia,Egypt,elimination,betanysports,BetAnything,2026-07-02T12:39:00Z,spreads,2026-07-02T12:39:00Z,Egypt,1.69,0.0
fb270a3dac2b682c861bd674a5ff4a04,2026-07-03T18:00:00Z,Australia,Egypt,elimination,betanysports,BetAnything,2026-07-02T12:39:00Z,totals,2026-07-02T12:39:00Z,Over,2.8,2.5
fb270a3dac2b682c861bd674a5ff4a04,2026-07-03T18:00:00Z,Australia,Egypt,elimination,betanysports,BetAnything,2026-07-02T12:39:00Z,totals,2026-07-02T12:39:00Z,Under,1.43,2.5
3e161b2448ed76d6b0c0f5bda6fd5bf2,2026-07-03T22:00:00Z,Argentina,Cape Verde,elimination,unibet_se,Unibet (SE),2026-07-02T12:39:01Z,h2h,2026-07-02T12:39:01Z,Argentina,1.17,
3e161b2448ed76d6b0c0f5bda6fd5bf2,2026-07-03T22:00:00Z,Argentina,Cape Verde,elimination,unibet_se,Unibet (SE),2026-07-02T12:39:01Z,h2h,2026-07-02T12:39:01Z,Cape Verde,21.0,
3e161b2448ed76d6b0c0f5bda6fd5bf2,2026-07-03T22:00:00Z,Argentina,Cape Verde,elimination,unibet_se,Unibet (SE),2026-07-02T12:39:01Z,h2h,2026-07-02T12:39:01Z,Draw,8.5,
3e161b2448ed76d6b0c0f5bda6fd5bf2,2026-07-03T22:00:00Z,Argentina,Cape Verde,elimination,unibet_se,Unibet (SE),2026-07-02T12:39:01Z,totals,2026-07-02T12:39:01Z,Over,1.65,2.5
3e161b2448ed76d6b0c0f5bda6fd5bf2,2026-07-03T22:00:00Z,Argentina,Cape Verde,elimination,unibet_se,Unibet (SE),2026-07-02T12:39:01Z,totals,2026-07-02T12:39:01Z,Under,2.25,2.5
3e161b2448ed76d6b0c0f5bda6fd5bf2,2026-07-03T22:00:00Z,Argentina,Cape Verde,elimination,pmu_fr,PMU (FR),2026-07-02T12:39:25Z,h2h,2026-07-02T12:39:25Z,Argentina,1.14,
3e161b2448ed76d6b0c0f5bda6fd5bf2,2026-07-03T22:00:00Z,Argentina,Cape Verde,elimination,pmu_fr,PMU (FR),2026-07-02T12:39:25Z,h2h,2026-07-02T12:39:25Z,Cape Verde,19.0,
3e161b2448ed76d6b0c0f5bda6fd5bf2,2026-07-03T22:00:00Z,Argentina,Cape Verde,elimination,pmu_fr,PMU (FR),2026-07-02T12:39:25Z,h2h,2026-07-02T12:39:25Z,Draw,7.5,
3e161b2448ed76d6b0c0f5bda6fd5bf2,2026-07-03T22:00:00Z,Argentina,Cape Verde,elimination,pmu_fr,PMU (FR),2026-07-02T12:39:25Z,totals,2026-07-02T12:39:25Z,Over,1.6,2.5
3e161b2448ed76d6b0c0f5bda6fd5bf2,2026-07-03T22:00:00Z,Argentina,Cape Verde,elimination,pmu_fr,PMU (FR),2026-07-02T12:39:25Z,totals,2026-07-02T12:39:25Z,Under,2.17,2.5
3e161b2448ed76d6b0c0f5bda6fd5bf2,2026-07-03T22:00:00Z,Argentina,Cape Verde,elimination,unibet_nl,Unibet (NL),2026-07-02T12:38:26Z,h2h,2026-07-02T12:38:26Z,Argentina,1.17,
3e161b2448ed76d6b0c0f5bda6fd5bf2,2026-07-03T22:00:00Z,Argentina,Cape Verde,elimination,unibet_nl,Unibet (NL),2026-07-02T12:38:26Z,h2h,2026-07-02T12:38:26Z,Cape Verde,21.0,
3e161b2448ed76d6b0c0f5bda6fd5bf2,2026-07-03T22:00:00Z,Argentina,Cape Verde,elimination,unibet_nl,Unibet (NL),2026-07-02T12:38:26Z,h2h,2026-07-02T12:38:26Z,Draw,8.5,
3e161b2448ed76d6b0c0f5bda6fd5bf2,2026-07-03T22:00:00Z,Argentina,Cape Verde,elimination,unibet_nl,Unibet (NL),2026-07-02T12:38:26Z,totals,2026-07-02T12:38:26Z,Over,1.63,2.5
3e161b2448ed76d6b0c0f5bda6fd5bf2,2026-07-03T22:00:00Z,Argentina,Cape Verde,elimination,unibet_nl,Unibet (NL),2026-07-02T12:38:26Z,totals,2026-07-02T12:38:26Z,Under,2.23,2.5
3e161b2448ed76d6b0c0f5bda6fd5bf2,2026-07-03T22:00:00Z,Argentina,Cape Verde,elimination,leovegas_se,LeoVegas (SE),2026-07-02T12:39:25Z,h2h,2026-07-02T12:39:25Z,Argentina,1.15,
3e161b2448ed76d6b0c0f5bda6fd5bf2,2026-07-03T22:00:00Z,Argentina,Cape Verde,elimination,leovegas_se,LeoVegas (SE),2026-07-02T12:39:25Z,h2h,2026-07-02T12:39:25Z,Cape Verde,20.0,
3e161b2448ed76d6b0c0f5bda6fd5bf2,2026-07-03T22:00:00Z,Argentina,Cape Verde,elimination,leovegas_se,LeoVegas (SE),2026-07-02T12:39:25Z,h2h,2026-07-02T12:39:25Z,Draw,7.5,
3e161b2448ed76d6b0c0f5bda6fd5bf2,2026-07-03T22:00:00Z,Argentina,Cape Verde,elimination,unibet_fr,Unibet (FR),2026-07-02T12:39:24Z,h2h,2026-07-02T12:39:24Z,Argentina,1.13,
3e161b2448ed76d6b0c0f5bda6fd5bf2,2026-07-03T22:00:00Z,Argentina,Cape Verde,elimination,unibet_fr,Unibet (FR),2026-07-02T12:39:24Z,h2h,2026-07-02T12:39:24Z,Cape Verde,22.0,
3e161b2448ed76d6b0c0f5bda6fd5bf2,2026-07-03T22:00:00Z,Argentina,Cape Verde,elimination,unibet_fr,Unibet (FR),2026-07-02T12:39:24Z,h2h,2026-07-02T12:39:24Z,Draw,8.4,
3e161b2448ed76d6b0c0f5bda6fd5bf2,2026-07-03T22:00:00Z,Argentina,Cape Verde,elimination,tipico_de,Tipico,2026-07-02T12:39:12Z,h2h,2026-07-02T12:39:12Z,Argentina,1.14,
3e161b2448ed76d6b0c0f5bda6fd5bf2,2026-07-03T22:00:00Z,Argentina,Cape Verde,elimination,tipico_de,Tipico,2026-07-02T12:39:12Z,h2h,2026-07-02T12:39:12Z,Cape Verde,18.0,
3e161b2448ed76d6b0c0f5bda6fd5bf2,2026-07-03T22:00:00Z,Argentina,Cape Verde,elimination,tipico_de,Tipico,2026-07-02T12:39:12Z,h2h,2026-07-02T12:39:12Z,Draw,8.5,
3e161b2448ed76d6b0c0f5bda6fd5bf2,2026-07-03T22:00:00Z,Argentina,Cape Verde,elimination,coolbet,Coolbet,2026-07-02T12:39:00Z,h2h,2026-07-02T12:39:00Z,Argentina,1.17,
3e161b2448ed76d6b0c0f5bda6fd5bf2,2026-07-03T22:00:00Z,Argentina,Cape Verde,elimination,coolbet,Coolbet,2026-07-02T12:39:00Z,h2h,2026-07-02T12:39:00Z,Cape Verde,22.0,
3e161b2448ed76d6b0c0f5bda6fd5bf2,2026-07-03T22:00:00Z,Argentina,Cape Verde,elimination,coolbet,Coolbet,2026-07-02T12:39:00Z,h2h,2026-07-02T12:39:00Z,Draw,8.3,
3e161b2448ed76d6b0c0f5bda6fd5bf2,2026-07-03T22:00:00Z,Argentina,Cape Verde,elimination,coolbet,Coolbet,2026-07-02T12:39:00Z,totals,2026-07-02T12:39:00Z,Over,2.11,3.0
3e161b2448ed76d6b0c0f5bda6fd5bf2,2026-07-03T22:00:00Z,Argentina,Cape Verde,elimination,coolbet,Coolbet,2026-07-02T12:39:00Z,totals,2026-07-02T12:39:00Z,Under,1.78,3.0
3e161b2448ed76d6b0c0f5bda6fd5bf2,2026-07-03T22:00:00Z,Argentina,Cape Verde,elimination,mybookieag,MyBookie.ag,2026-07-02T12:37:31Z,h2h,2026-07-02T12:37:31Z,Argentina,1.16,
3e161b2448ed76d6b0c0f5bda6fd5bf2,2026-07-03T22:00:00Z,Argentina,Cape Verde,elimination,mybookieag,MyBookie.ag,2026-07-02T12:37:31Z,h2h,2026-07-02T12:37:31Z,Cape Verde,17.75,
3e161b2448ed76d6b0c0f5bda6fd5bf2,2026-07-03T22:00:00Z,Argentina,Cape Verde,elimination,mybookieag,MyBookie.ag,2026-07-02T12:37:31Z,h2h,2026-07-02T12:37:31Z,Draw,7.1,
3e161b2448ed76d6b0c0f5bda6fd5bf2,2026-07-03T22:00:00Z,Argentina,Cape Verde,elimination,mybookieag,MyBookie.ag,2026-07-02T12:37:31Z,spreads,2026-07-02T12:37:31Z,Argentina,1.85,-2.0
3e161b2448ed76d6b0c0f5bda6fd5bf2,2026-07-03T22:00:00Z,Argentina,Cape Verde,elimination,mybookieag,MyBookie.ag,2026-07-02T12:37:31Z,spreads,2026-07-02T12:37:31Z,Cape Verde,1.85,2.0
3e161b2448ed76d6b0c0f5bda6fd5bf2,2026-07-03T22:00:00Z,Argentina,Cape Verde,elimination,mybookieag,MyBookie.ag,2026-07-02T12:37:31Z,totals,2026-07-02T12:37:31Z,Over,2.03,3.0
3e161b2448ed76d6b0c0f5bda6fd5bf2,2026-07-03T22:00:00Z,Argentina,Cape Verde,elimination,mybookieag,MyBookie.ag,2026-07-02T12:37:31Z,totals,2026-07-02T12:37:31Z,Under,1.7,3.0
3e161b2448ed76d6b0c0f5bda6fd5bf2,2026-07-03T22:00:00Z,Argentina,Cape Verde,elimination,betclic_fr,Betclic (FR),2026-07-02T12:36:09Z,h2h,2026-07-02T12:36:09Z,Argentina,1.14,
3e161b2448ed76d6b0c0f5bda6fd5bf2,2026-07-03T22:00:00Z,Argentina,Cape Verde,elimination,betclic_fr,Betclic (FR),2026-07-02T12:36:09Z,h2h,2026-07-02T12:36:09Z,Cape Verde,21.0,
3e161b2448ed76d6b0c0f5bda6fd5bf2,2026-07-03T22:00:00Z,Argentina,Cape Verde,elimination,betclic_fr,Betclic (FR),2026-07-02T12:36:09Z,h2h,2026-07-02T12:36:09Z,Draw,8.0,
3e161b2448ed76d6b0c0f5bda6fd5bf2,2026-07-03T22:00:00Z,Argentina,Cape Verde,elimination,pinnacle,Pinnacle,2026-07-02T12:39:24Z,h2h,2026-07-02T12:39:24Z,Argentina,1.16,
3e161b2448ed76d6b0c0f5bda6fd5bf2,2026-07-03T22:00:00Z,Argentina,Cape Verde,elimination,pinnacle,Pinnacle,2026-07-02T12:39:24Z,h2h,2026-07-02T12:39:24Z,Cape Verde,19.51,
3e161b2448ed76d6b0c0f5bda6fd5bf2,2026-07-03T22:00:00Z,Argentina,Cape Verde,elimination,pinnacle,Pinnacle,2026-07-02T12:39:24Z,h2h,2026-07-02T12:39:24Z,Draw,8.29,
3e161b2448ed76d6b0c0f5bda6fd5bf2,2026-07-03T22:00:00Z,Argentina,Cape Verde,elimination,pinnacle,Pinnacle,2026-07-02T12:39:24Z,spreads,2026-07-02T12:39:24Z,Argentina,1.95,-2.0
3e161b2448ed76d6b0c0f5bda6fd5bf2,2026-07-03T22:00:00Z,Argentina,Cape Verde,elimination,pinnacle,Pinnacle,2026-07-02T12:39:24Z,spreads,2026-07-02T12:39:24Z,Cape Verde,1.95,2.0
3e161b2448ed76d6b0c0f5bda6fd5bf2,2026-07-03T22:00:00Z,Argentina,Cape Verde,elimination,pinnacle,Pinnacle,2026-07-02T12:39:24Z,totals,2026-07-02T12:39:24Z,Over,1.85,2.75
3e161b2448ed76d6b0c0f5bda6fd5bf2,2026-07-03T22:00:00Z,Argentina,Cape Verde,elimination,pinnacle,Pinnacle,2026-07-02T12:39:24Z,totals,2026-07-02T12:39:24Z,Under,2.04,2.75
3e161b2448ed76d6b0c0f5bda6fd5bf2,2026-07-03T22:00:00Z,Argentina,Cape Verde,elimination,gtbets,GTbets,2026-07-02T12:39:26Z,h2h,2026-07-02T12:39:26Z,Argentina,1.18,
3e161b2448ed76d6b0c0f5bda6fd5bf2,2026-07-03T22:00:00Z,Argentina,Cape Verde,elimination,gtbets,GTbets,2026-07-02T12:39:26Z,h2h,2026-07-02T12:39:26Z,Cape Verde,18.69,
3e161b2448ed76d6b0c0f5bda6fd5bf2,2026-07-03T22:00:00Z,Argentina,Cape Verde,elimination,gtbets,GTbets,2026-07-02T12:39:26Z,h2h,2026-07-02T12:39:26Z,Draw,7.23,
3e161b2448ed76d6b0c0f5bda6fd5bf2,2026-07-03T22:00:00Z,Argentina,Cape Verde,elimination,gtbets,GTbets,2026-07-02T12:39:26Z,spreads,2026-07-02T12:39:26Z,Argentina,1.56,-1.5
3e161b2448ed76d6b0c0f5bda6fd5bf2,2026-07-03T22:00:00Z,Argentina,Cape Verde,elimination,gtbets,GTbets,2026-07-02T12:39:26Z,spreads,2026-07-02T12:39:26Z,Cape Verde,2.43,1.5
3e161b2448ed76d6b0c0f5bda6fd5bf2,2026-07-03T22:00:00Z,Argentina,Cape Verde,elimination,gtbets,GTbets,2026-07-02T12:39:26Z,totals,2026-07-02T12:39:26Z,Over,1.68,2.5
3e161b2448ed76d6b0c0f5bda6fd5bf2,2026-07-03T22:00:00Z,Argentina,Cape Verde,elimination,gtbets,GTbets,2026-07-02T12:39:26Z,totals,2026-07-02T12:39:26Z,Under,2.19,2.5
3e161b2448ed76d6b0c0f5bda6fd5bf2,2026-07-03T22:00:00Z,Argentina,Cape Verde,elimination,winamax_de,Winamax (DE),2026-07-02T12:39:01Z,h2h,2026-07-02T12:39:01Z,Argentina,1.15,
3e161b2448ed76d6b0c0f5bda6fd5bf2,2026-07-03T22:00:00Z,Argentina,Cape Verde,elimination,winamax_de,Winamax (DE),2026-07-02T12:39:01Z,h2h,2026-07-02T12:39:01Z,Cape Verde,15.0,
3e161b2448ed76d6b0c0f5bda6fd5bf2,2026-07-03T22:00:00Z,Argentina,Cape Verde,elimination,winamax_de,Winamax (DE),2026-07-02T12:39:01Z,h2h,2026-07-02T12:39:01Z,Draw,8.5,
3e161b2448ed76d6b0c0f5bda6fd5bf2,2026-07-03T22:00:00Z,Argentina,Cape Verde,elimination,winamax_fr,Winamax (FR),2026-07-02T12:38:51Z,h2h,2026-07-02T12:38:51Z,Argentina,1.14,
3e161b2448ed76d6b0c0f5bda6fd5bf2,2026-07-03T22:00:00Z,Argentina,Cape Verde,elimination,winamax_fr,Winamax (FR),2026-07-02T12:38:51Z,h2h,2026-07-02T12:38:51Z,Cape Verde,15.0,
3e161b2448ed76d6b0c0f5bda6fd5bf2,2026-07-03T22:00:00Z,Argentina,Cape Verde,elimination,winamax_fr,Winamax (FR),2026-07-02T12:38:51Z,h2h,2026-07-02T12:38:51Z,Draw,8.0,
3e161b2448ed76d6b0c0f5bda6fd5bf2,2026-07-03T22:00:00Z,Argentina,Cape Verde,elimination,onexbet,1xBet,2026-07-02T12:39:00Z,h2h,2026-07-02T12:39:00Z,Argentina,1.18,
3e161b2448ed76d6b0c0f5bda6fd5bf2,2026-07-03T22:00:00Z,Argentina,Cape Verde,elimination,onexbet,1xBet,2026-07-02T12:39:00Z,h2h,2026-07-02T12:39:00Z,Cape Verde,21.0,
3e161b2448ed76d6b0c0f5bda6fd5bf2,2026-07-03T22:00:00Z,Argentina,Cape Verde,elimination,onexbet,1xBet,2026-07-02T12:39:00Z,h2h,2026-07-02T12:39:00Z,Draw,8.05,
3e161b2448ed76d6b0c0f5bda6fd5bf2,2026-07-03T22:00:00Z,Argentina,Cape Verde,elimination,onexbet,1xBet,2026-07-02T12:39:00Z,spreads,2026-07-02T12:39:00Z,Argentina,1.59,-1.5
3e161b2448ed76d6b0c0f5bda6fd5bf2,2026-07-03T22:00:00Z,Argentina,Cape Verde,elimination,onexbet,1xBet,2026-07-02T12:39:00Z,spreads,2026-07-02T12:39:00Z,Cape Verde,2.46,1.5
3e161b2448ed76d6b0c0f5bda6fd5bf2,2026-07-03T22:00:00Z,Argentina,Cape Verde,elimination,onexbet,1xBet,2026-07-02T12:39:00Z,totals,2026-07-02T12:39:00Z,Over,1.68,2.5
3e161b2448ed76d6b0c0f5bda6fd5bf2,2026-07-03T22:00:00Z,Argentina,Cape Verde,elimination,onexbet,1xBet,2026-07-02T12:39:00Z,totals,2026-07-02T12:39:00Z,Under,2.27,2.5
3e161b2448ed76d6b0c0f5bda6fd5bf2,2026-07-03T22:00:00Z,Argentina,Cape Verde,elimination,marathonbet,Marathon Bet,2026-07-02T12:39:01Z,h2h,2026-07-02T12:39:01Z,Argentina,1.17,
3e161b2448ed76d6b0c0f5bda6fd5bf2,2026-07-03T22:00:00Z,Argentina,Cape Verde,elimination,marathonbet,Marathon Bet,2026-07-02T12:39:01Z,h2h,2026-07-02T12:39:01Z,Cape Verde,21.0,
3e161b2448ed76d6b0c0f5bda6fd5bf2,2026-07-03T22:00:00Z,Argentina,Cape Verde,elimination,marathonbet,Marathon Bet,2026-07-02T12:39:01Z,h2h,2026-07-02T12:39:01Z,Draw,7.7,
3e161b2448ed76d6b0c0f5bda6fd5bf2,2026-07-03T22:00:00Z,Argentina,Cape Verde,elimination,sport888,888sport,2026-07-02T12:39:01Z,h2h,2026-07-02T12:39:01Z,Argentina,1.15,
3e161b2448ed76d6b0c0f5bda6fd5bf2,2026-07-03T22:00:00Z,Argentina,Cape Verde,elimination,sport888,888sport,2026-07-02T12:39:01Z,h2h,2026-07-02T12:39:01Z,Cape Verde,17.0,
3e161b2448ed76d6b0c0f5bda6fd5bf2,2026-07-03T22:00:00Z,Argentina,Cape Verde,elimination,sport888,888sport,2026-07-02T12:39:01Z,h2h,2026-07-02T12:39:01Z,Draw,7.0,
3e161b2448ed76d6b0c0f5bda6fd5bf2,2026-07-03T22:00:00Z,Argentina,Cape Verde,elimination,williamhill,William Hill,2026-07-02T12:39:26Z,h2h,2026-07-02T12:39:26Z,Argentina,1.17,
3e161b2448ed76d6b0c0f5bda6fd5bf2,2026-07-03T22:00:00Z,Argentina,Cape Verde,elimination,williamhill,William Hill,2026-07-02T12:39:26Z,h2h,2026-07-02T12:39:26Z,Cape Verde,17.0,
3e161b2448ed76d6b0c0f5bda6fd5bf2,2026-07-03T22:00:00Z,Argentina,Cape Verde,elimination,williamhill,William Hill,2026-07-02T12:39:26Z,h2h,2026-07-02T12:39:26Z,Draw,7.0,
3e161b2448ed76d6b0c0f5bda6fd5bf2,2026-07-03T22:00:00Z,Argentina,Cape Verde,elimination,williamhill,William Hill,2026-07-02T12:39:26Z,totals,2026-07-02T12:39:26Z,Over,1.62,2.5
3e161b2448ed76d6b0c0f5bda6fd5bf2,2026-07-03T22:00:00Z,Argentina,Cape Verde,elimination,williamhill,William Hill,2026-07-02T12:39:26Z,totals,2026-07-02T12:39:26Z,Under,2.2,2.5
3e161b2448ed76d6b0c0f5bda6fd5bf2,2026-07-03T22:00:00Z,Argentina,Cape Verde,elimination,matchbook,Matchbook,2026-07-02T12:39:25Z,h2h,2026-07-02T12:39:25Z,Argentina,1.18,
3e161b2448ed76d6b0c0f5bda6fd5bf2,2026-07-03T22:00:00Z,Argentina,Cape Verde,elimination,matchbook,Matchbook,2026-07-02T12:39:25Z,h2h,2026-07-02T12:39:25Z,Cape Verde,25.0,
3e161b2448ed76d6b0c0f5bda6fd5bf2,2026-07-03T22:00:00Z,Argentina,Cape Verde,elimination,matchbook,Matchbook,2026-07-02T12:39:25Z,h2h,2026-07-02T12:39:25Z,Draw,8.6,
3e161b2448ed76d6b0c0f5bda6fd5bf2,2026-07-03T22:00:00Z,Argentina,Cape Verde,elimination,matchbook,Matchbook,2026-07-02T12:39:25Z,spreads,2026-07-02T12:39:25Z,Argentina,1.97,-2.0
3e161b2448ed76d6b0c0f5bda6fd5bf2,2026-07-03T22:00:00Z,Argentina,Cape Verde,elimination,matchbook,Matchbook,2026-07-02T12:39:25Z,spreads,2026-07-02T12:39:25Z,Cape Verde,1.98,2.0
3e161b2448ed76d6b0c0f5bda6fd5bf2,2026-07-03T22:00:00Z,Argentina,Cape Verde,elimination,betfair_ex_eu,Betfair,2026-07-02T12:39:24Z,h2h,2026-07-02T12:39:24Z,Argentina,1.17,
3e161b2448ed76d6b0c0f5bda6fd5bf2,2026-07-03T22:00:00Z,Argentina,Cape Verde,elimination,betfair_ex_eu,Betfair,2026-07-02T12:39:24Z,h2h,2026-07-02T12:39:24Z,Cape Verde,25.0,
3e161b2448ed76d6b0c0f5bda6fd5bf2,2026-07-03T22:00:00Z,Argentina,Cape Verde,elimination,betfair_ex_eu,Betfair,2026-07-02T12:39:24Z,h2h,2026-07-02T12:39:24Z,Draw,8.8,
3e161b2448ed76d6b0c0f5bda6fd5bf2,2026-07-03T22:00:00Z,Argentina,Cape Verde,elimination,betonlineag,BetOnline.ag,2026-07-02T12:39:25Z,h2h,2026-07-02T12:39:25Z,Argentina,1.17,
3e161b2448ed76d6b0c0f5bda6fd5bf2,2026-07-03T22:00:00Z,Argentina,Cape Verde,elimination,betonlineag,BetOnline.ag,2026-07-02T12:39:25Z,h2h,2026-07-02T12:39:25Z,Cape Verde,19.0,
3e161b2448ed76d6b0c0f5bda6fd5bf2,2026-07-03T22:00:00Z,Argentina,Cape Verde,elimination,betonlineag,BetOnline.ag,2026-07-02T12:39:25Z,h2h,2026-07-02T12:39:25Z,Draw,8.0,
3e161b2448ed76d6b0c0f5bda6fd5bf2,2026-07-03T22:00:00Z,Argentina,Cape Verde,elimination,betonlineag,BetOnline.ag,2026-07-02T12:39:25Z,spreads,2026-07-02T12:39:25Z,Argentina,1.98,-2.0
3e161b2448ed76d6b0c0f5bda6fd5bf2,2026-07-03T22:00:00Z,Argentina,Cape Verde,elimination,betonlineag,BetOnline.ag,2026-07-02T12:39:25Z,spreads,2026-07-02T12:39:25Z,Cape Verde,1.88,2.0
3e161b2448ed76d6b0c0f5bda6fd5bf2,2026-07-03T22:00:00Z,Argentina,Cape Verde,elimination,betonlineag,BetOnline.ag,2026-07-02T12:39:25Z,totals,2026-07-02T12:39:25Z,Over,2.19,3.0
3e161b2448ed76d6b0c0f5bda6fd5bf2,2026-07-03T22:00:00Z,Argentina,Cape Verde,elimination,betonlineag,BetOnline.ag,2026-07-02T12:39:25Z,totals,2026-07-02T12:39:25Z,Under,1.74,3.0
3e161b2448ed76d6b0c0f5bda6fd5bf2,2026-07-03T22:00:00Z,Argentina,Cape Verde,elimination,betsson,Betsson,2026-07-02T12:39:12Z,h2h,2026-07-02T12:39:12Z,Argentina,1.15,
3e161b2448ed76d6b0c0f5bda6fd5bf2,2026-07-03T22:00:00Z,Argentina,Cape Verde,elimination,betsson,Betsson,2026-07-02T12:39:12Z,h2h,2026-07-02T12:39:12Z,Cape Verde,20.0,
3e161b2448ed76d6b0c0f5bda6fd5bf2,2026-07-03T22:00:00Z,Argentina,Cape Verde,elimination,betsson,Betsson,2026-07-02T12:39:12Z,h2h,2026-07-02T12:39:12Z,Draw,8.3,
3e161b2448ed76d6b0c0f5bda6fd5bf2,2026-07-03T22:00:00Z,Argentina,Cape Verde,elimination,betsson,Betsson,2026-07-02T12:39:12Z,totals,2026-07-02T12:39:12Z,Over,1.65,2.5
3e161b2448ed76d6b0c0f5bda6fd5bf2,2026-07-03T22:00:00Z,Argentina,Cape Verde,elimination,betsson,Betsson,2026-07-02T12:39:12Z,totals,2026-07-02T12:39:12Z,Under,2.25,2.5
3e161b2448ed76d6b0c0f5bda6fd5bf2,2026-07-03T22:00:00Z,Argentina,Cape Verde,elimination,nordicbet,Nordic Bet,2026-07-02T12:39:12Z,h2h,2026-07-02T12:39:12Z,Argentina,1.15,
3e161b2448ed76d6b0c0f5bda6fd5bf2,2026-07-03T22:00:00Z,Argentina,Cape Verde,elimination,nordicbet,Nordic Bet,2026-07-02T12:39:12Z,h2h,2026-07-02T12:39:12Z,Cape Verde,20.0,
3e161b2448ed76d6b0c0f5bda6fd5bf2,2026-07-03T22:00:00Z,Argentina,Cape Verde,elimination,nordicbet,Nordic Bet,2026-07-02T12:39:12Z,h2h,2026-07-02T12:39:12Z,Draw,8.3,
3e161b2448ed76d6b0c0f5bda6fd5bf2,2026-07-03T22:00:00Z,Argentina,Cape Verde,elimination,nordicbet,Nordic Bet,2026-07-02T12:39:12Z,totals,2026-07-02T12:39:12Z,Over,1.65,2.5
3e161b2448ed76d6b0c0f5bda6fd5bf2,2026-07-03T22:00:00Z,Argentina,Cape Verde,elimination,nordicbet,Nordic Bet,2026-07-02T12:39:12Z,totals,2026-07-02T12:39:12Z,Under,2.25,2.5
3e161b2448ed76d6b0c0f5bda6fd5bf2,2026-07-03T22:00:00Z,Argentina,Cape Verde,elimination,everygame,Everygame,2026-07-02T12:38:52Z,h2h,2026-07-02T12:38:52Z,Argentina,1.15,
3e161b2448ed76d6b0c0f5bda6fd5bf2,2026-07-03T22:00:00Z,Argentina,Cape Verde,elimination,everygame,Everygame,2026-07-02T12:38:52Z,h2h,2026-07-02T12:38:52Z,Cape Verde,19.0,
3e161b2448ed76d6b0c0f5bda6fd5bf2,2026-07-03T22:00:00Z,Argentina,Cape Verde,elimination,everygame,Everygame,2026-07-02T12:38:52Z,h2h,2026-07-02T12:38:52Z,Draw,8.0,
3e161b2448ed76d6b0c0f5bda6fd5bf2,2026-07-03T22:00:00Z,Argentina,Cape Verde,elimination,codere_it,Codere (IT),2026-07-02T12:39:13Z,h2h,2026-07-02T12:39:13Z,Argentina,1.16,
3e161b2448ed76d6b0c0f5bda6fd5bf2,2026-07-03T22:00:00Z,Argentina,Cape Verde,elimination,codere_it,Codere (IT),2026-07-02T12:39:13Z,h2h,2026-07-02T12:39:13Z,Cape Verde,18.0,
3e161b2448ed76d6b0c0f5bda6fd5bf2,2026-07-03T22:00:00Z,Argentina,Cape Verde,elimination,codere_it,Codere (IT),2026-07-02T12:39:13Z,h2h,2026-07-02T12:39:13Z,Draw,7.4,
3e161b2448ed76d6b0c0f5bda6fd5bf2,2026-07-03T22:00:00Z,Argentina,Cape Verde,elimination,codere_it,Codere (IT),2026-07-02T12:39:13Z,totals,2026-07-02T12:39:13Z,Over,1.61,2.5
3e161b2448ed76d6b0c0f5bda6fd5bf2,2026-07-03T22:00:00Z,Argentina,Cape Verde,elimination,codere_it,Codere (IT),2026-07-02T12:39:13Z,totals,2026-07-02T12:39:13Z,Under,2.13,2.5
3e161b2448ed76d6b0c0f5bda6fd5bf2,2026-07-03T22:00:00Z,Argentina,Cape Verde,elimination,betanysports,BetAnything,2026-07-02T12:39:00Z,h2h,2026-07-02T12:39:00Z,Argentina,1.17,
3e161b2448ed76d6b0c0f5bda6fd5bf2,2026-07-03T22:00:00Z,Argentina,Cape Verde,elimination,betanysports,BetAnything,2026-07-02T12:39:00Z,h2h,2026-07-02T12:39:00Z,Cape Verde,19.0,
3e161b2448ed76d6b0c0f5bda6fd5bf2,2026-07-03T22:00:00Z,Argentina,Cape Verde,elimination,betanysports,BetAnything,2026-07-02T12:39:00Z,h2h,2026-07-02T12:39:00Z,Draw,8.0,
3e161b2448ed76d6b0c0f5bda6fd5bf2,2026-07-03T22:00:00Z,Argentina,Cape Verde,elimination,betanysports,BetAnything,2026-07-02T12:39:00Z,spreads,2026-07-02T12:39:00Z,Argentina,1.94,-2.0
3e161b2448ed76d6b0c0f5bda6fd5bf2,2026-07-03T22:00:00Z,Argentina,Cape Verde,elimination,betanysports,BetAnything,2026-07-02T12:39:00Z,spreads,2026-07-02T12:39:00Z,Cape Verde,1.88,2.0
3e161b2448ed76d6b0c0f5bda6fd5bf2,2026-07-03T22:00:00Z,Argentina,Cape Verde,elimination,betanysports,BetAnything,2026-07-02T12:39:00Z,totals,2026-07-02T12:39:00Z,Over,2.7,3.5
3e161b2448ed76d6b0c0f5bda6fd5bf2,2026-07-03T22:00:00Z,Argentina,Cape Verde,elimination,betanysports,BetAnything,2026-07-02T12:39:00Z,totals,2026-07-02T12:39:00Z,Under,1.45,3.5
88e032a2b2e5042d26db3f0da1df924a,2026-07-04T01:30:00Z,Colombia,Ghana,elimination,leovegas_se,LeoVegas (SE),2026-07-02T12:39:25Z,h2h,2026-07-02T12:39:25Z,Colombia,1.5,
88e032a2b2e5042d26db3f0da1df924a,2026-07-04T01:30:00Z,Colombia,Ghana,elimination,leovegas_se,LeoVegas (SE),2026-07-02T12:39:25Z,h2h,2026-07-02T12:39:25Z,Ghana,8.0,
88e032a2b2e5042d26db3f0da1df924a,2026-07-04T01:30:00Z,Colombia,Ghana,elimination,leovegas_se,LeoVegas (SE),2026-07-02T12:39:25Z,h2h,2026-07-02T12:39:25Z,Draw,3.9,
88e032a2b2e5042d26db3f0da1df924a,2026-07-04T01:30:00Z,Colombia,Ghana,elimination,unibet_nl,Unibet (NL),2026-07-02T12:38:26Z,h2h,2026-07-02T12:38:26Z,Colombia,1.51,
88e032a2b2e5042d26db3f0da1df924a,2026-07-04T01:30:00Z,Colombia,Ghana,elimination,unibet_nl,Unibet (NL),2026-07-02T12:38:26Z,h2h,2026-07-02T12:38:26Z,Ghana,8.0,
88e032a2b2e5042d26db3f0da1df924a,2026-07-04T01:30:00Z,Colombia,Ghana,elimination,unibet_nl,Unibet (NL),2026-07-02T12:38:26Z,h2h,2026-07-02T12:38:26Z,Draw,4.0,
88e032a2b2e5042d26db3f0da1df924a,2026-07-04T01:30:00Z,Colombia,Ghana,elimination,unibet_nl,Unibet (NL),2026-07-02T12:38:26Z,totals,2026-07-02T12:38:26Z,Over,2.2,2.5
88e032a2b2e5042d26db3f0da1df924a,2026-07-04T01:30:00Z,Colombia,Ghana,elimination,unibet_nl,Unibet (NL),2026-07-02T12:38:26Z,totals,2026-07-02T12:38:26Z,Under,1.64,2.5
88e032a2b2e5042d26db3f0da1df924a,2026-07-04T01:30:00Z,Colombia,Ghana,elimination,unibet_fr,Unibet (FR),2026-07-02T12:39:24Z,h2h,2026-07-02T12:39:24Z,Colombia,1.49,
88e032a2b2e5042d26db3f0da1df924a,2026-07-04T01:30:00Z,Colombia,Ghana,elimination,unibet_fr,Unibet (FR),2026-07-02T12:39:24Z,h2h,2026-07-02T12:39:24Z,Ghana,8.0,
88e032a2b2e5042d26db3f0da1df924a,2026-07-04T01:30:00Z,Colombia,Ghana,elimination,unibet_fr,Unibet (FR),2026-07-02T12:39:24Z,h2h,2026-07-02T12:39:24Z,Draw,4.0,
88e032a2b2e5042d26db3f0da1df924a,2026-07-04T01:30:00Z,Colombia,Ghana,elimination,betclic_fr,Betclic (FR),2026-07-02T12:36:09Z,h2h,2026-07-02T12:36:09Z,Colombia,1.5,
88e032a2b2e5042d26db3f0da1df924a,2026-07-04T01:30:00Z,Colombia,Ghana,elimination,betclic_fr,Betclic (FR),2026-07-02T12:36:09Z,h2h,2026-07-02T12:36:09Z,Ghana,7.5,
88e032a2b2e5042d26db3f0da1df924a,2026-07-04T01:30:00Z,Colombia,Ghana,elimination,betclic_fr,Betclic (FR),2026-07-02T12:36:09Z,h2h,2026-07-02T12:36:09Z,Draw,4.0,
88e032a2b2e5042d26db3f0da1df924a,2026-07-04T01:30:00Z,Colombia,Ghana,elimination,winamax_fr,Winamax (FR),2026-07-02T12:38:51Z,h2h,2026-07-02T12:38:51Z,Colombia,1.5,
88e032a2b2e5042d26db3f0da1df924a,2026-07-04T01:30:00Z,Colombia,Ghana,elimination,winamax_fr,Winamax (FR),2026-07-02T12:38:51Z,h2h,2026-07-02T12:38:51Z,Ghana,6.75,
88e032a2b2e5042d26db3f0da1df924a,2026-07-04T01:30:00Z,Colombia,Ghana,elimination,winamax_fr,Winamax (FR),2026-07-02T12:38:51Z,h2h,2026-07-02T12:38:51Z,Draw,4.0,
88e032a2b2e5042d26db3f0da1df924a,2026-07-04T01:30:00Z,Colombia,Ghana,elimination,pmu_fr,PMU (FR),2026-07-02T12:39:25Z,h2h,2026-07-02T12:39:25Z,Colombia,1.48,
88e032a2b2e5042d26db3f0da1df924a,2026-07-04T01:30:00Z,Colombia,Ghana,elimination,pmu_fr,PMU (FR),2026-07-02T12:39:25Z,h2h,2026-07-02T12:39:25Z,Ghana,7.5,
88e032a2b2e5042d26db3f0da1df924a,2026-07-04T01:30:00Z,Colombia,Ghana,elimination,pmu_fr,PMU (FR),2026-07-02T12:39:25Z,h2h,2026-07-02T12:39:25Z,Draw,3.8,
88e032a2b2e5042d26db3f0da1df924a,2026-07-04T01:30:00Z,Colombia,Ghana,elimination,pmu_fr,PMU (FR),2026-07-02T12:39:25Z,totals,2026-07-02T12:39:25Z,Over,2.16,2.5
88e032a2b2e5042d26db3f0da1df924a,2026-07-04T01:30:00Z,Colombia,Ghana,elimination,pmu_fr,PMU (FR),2026-07-02T12:39:25Z,totals,2026-07-02T12:39:25Z,Under,1.6,2.5
88e032a2b2e5042d26db3f0da1df924a,2026-07-04T01:30:00Z,Colombia,Ghana,elimination,unibet_se,Unibet (SE),2026-07-02T12:39:01Z,h2h,2026-07-02T12:39:01Z,Colombia,1.51,
88e032a2b2e5042d26db3f0da1df924a,2026-07-04T01:30:00Z,Colombia,Ghana,elimination,unibet_se,Unibet (SE),2026-07-02T12:39:01Z,h2h,2026-07-02T12:39:01Z,Ghana,8.0,
88e032a2b2e5042d26db3f0da1df924a,2026-07-04T01:30:00Z,Colombia,Ghana,elimination,unibet_se,Unibet (SE),2026-07-02T12:39:01Z,h2h,2026-07-02T12:39:01Z,Draw,4.0,
88e032a2b2e5042d26db3f0da1df924a,2026-07-04T01:30:00Z,Colombia,Ghana,elimination,unibet_se,Unibet (SE),2026-07-02T12:39:01Z,totals,2026-07-02T12:39:01Z,Over,2.25,2.5
88e032a2b2e5042d26db3f0da1df924a,2026-07-04T01:30:00Z,Colombia,Ghana,elimination,unibet_se,Unibet (SE),2026-07-02T12:39:01Z,totals,2026-07-02T12:39:01Z,Under,1.66,2.5
88e032a2b2e5042d26db3f0da1df924a,2026-07-04T01:30:00Z,Colombia,Ghana,elimination,winamax_de,Winamax (DE),2026-07-02T12:39:01Z,h2h,2026-07-02T12:39:01Z,Colombia,1.5,
88e032a2b2e5042d26db3f0da1df924a,2026-07-04T01:30:00Z,Colombia,Ghana,elimination,winamax_de,Winamax (DE),2026-07-02T12:39:01Z,h2h,2026-07-02T12:39:01Z,Ghana,6.75,
88e032a2b2e5042d26db3f0da1df924a,2026-07-04T01:30:00Z,Colombia,Ghana,elimination,winamax_de,Winamax (DE),2026-07-02T12:39:01Z,h2h,2026-07-02T12:39:01Z,Draw,4.0,
88e032a2b2e5042d26db3f0da1df924a,2026-07-04T01:30:00Z,Colombia,Ghana,elimination,tipico_de,Tipico,2026-07-02T12:39:12Z,h2h,2026-07-02T12:39:12Z,Colombia,1.5,
88e032a2b2e5042d26db3f0da1df924a,2026-07-04T01:30:00Z,Colombia,Ghana,elimination,tipico_de,Tipico,2026-07-02T12:39:12Z,h2h,2026-07-02T12:39:12Z,Ghana,7.2,
88e032a2b2e5042d26db3f0da1df924a,2026-07-04T01:30:00Z,Colombia,Ghana,elimination,tipico_de,Tipico,2026-07-02T12:39:12Z,h2h,2026-07-02T12:39:12Z,Draw,4.1,
88e032a2b2e5042d26db3f0da1df924a,2026-07-04T01:30:00Z,Colombia,Ghana,elimination,mybookieag,MyBookie.ag,2026-07-02T12:37:31Z,h2h,2026-07-02T12:37:31Z,Colombia,1.51,
88e032a2b2e5042d26db3f0da1df924a,2026-07-04T01:30:00Z,Colombia,Ghana,elimination,mybookieag,MyBookie.ag,2026-07-02T12:37:31Z,h2h,2026-07-02T12:37:31Z,Ghana,6.9,
88e032a2b2e5042d26db3f0da1df924a,2026-07-04T01:30:00Z,Colombia,Ghana,elimination,mybookieag,MyBookie.ag,2026-07-02T12:37:31Z,h2h,2026-07-02T12:37:31Z,Draw,3.95,
88e032a2b2e5042d26db3f0da1df924a,2026-07-04T01:30:00Z,Colombia,Ghana,elimination,mybookieag,MyBookie.ag,2026-07-02T12:37:31Z,spreads,2026-07-02T12:37:31Z,Colombia,1.85,-1.0
88e032a2b2e5042d26db3f0da1df924a,2026-07-04T01:30:00Z,Colombia,Ghana,elimination,mybookieag,MyBookie.ag,2026-07-02T12:37:31Z,spreads,2026-07-02T12:37:31Z,Ghana,1.85,1.0
88e032a2b2e5042d26db3f0da1df924a,2026-07-04T01:30:00Z,Colombia,Ghana,elimination,mybookieag,MyBookie.ag,2026-07-02T12:37:31Z,totals,2026-07-02T12:37:31Z,Over,1.65,2.0
88e032a2b2e5042d26db3f0da1df924a,2026-07-04T01:30:00Z,Colombia,Ghana,elimination,mybookieag,MyBookie.ag,2026-07-02T12:37:31Z,totals,2026-07-02T12:37:31Z,Under,2.12,2.0
88e032a2b2e5042d26db3f0da1df924a,2026-07-04T01:30:00Z,Colombia,Ghana,elimination,coolbet,Coolbet,2026-07-02T12:39:00Z,h2h,2026-07-02T12:39:00Z,Colombia,1.54,
88e032a2b2e5042d26db3f0da1df924a,2026-07-04T01:30:00Z,Colombia,Ghana,elimination,coolbet,Coolbet,2026-07-02T12:39:00Z,h2h,2026-07-02T12:39:00Z,Ghana,8.0,
88e032a2b2e5042d26db3f0da1df924a,2026-07-04T01:30:00Z,Colombia,Ghana,elimination,coolbet,Coolbet,2026-07-02T12:39:00Z,h2h,2026-07-02T12:39:00Z,Draw,4.0,
88e032a2b2e5042d26db3f0da1df924a,2026-07-04T01:30:00Z,Colombia,Ghana,elimination,coolbet,Coolbet,2026-07-02T12:39:00Z,totals,2026-07-02T12:39:00Z,Over,2.26,2.5
88e032a2b2e5042d26db3f0da1df924a,2026-07-04T01:30:00Z,Colombia,Ghana,elimination,coolbet,Coolbet,2026-07-02T12:39:00Z,totals,2026-07-02T12:39:00Z,Under,1.69,2.5
88e032a2b2e5042d26db3f0da1df924a,2026-07-04T01:30:00Z,Colombia,Ghana,elimination,marathonbet,Marathon Bet,2026-07-02T12:39:01Z,h2h,2026-07-02T12:39:01Z,Colombia,1.52,
88e032a2b2e5042d26db3f0da1df924a,2026-07-04T01:30:00Z,Colombia,Ghana,elimination,marathonbet,Marathon Bet,2026-07-02T12:39:01Z,h2h,2026-07-02T12:39:01Z,Ghana,8.1,
88e032a2b2e5042d26db3f0da1df924a,2026-07-04T01:30:00Z,Colombia,Ghana,elimination,marathonbet,Marathon Bet,2026-07-02T12:39:01Z,h2h,2026-07-02T12:39:01Z,Draw,3.95,
88e032a2b2e5042d26db3f0da1df924a,2026-07-04T01:30:00Z,Colombia,Ghana,elimination,gtbets,GTbets,2026-07-02T12:39:26Z,h2h,2026-07-02T12:39:26Z,Colombia,1.52,
88e032a2b2e5042d26db3f0da1df924a,2026-07-04T01:30:00Z,Colombia,Ghana,elimination,gtbets,GTbets,2026-07-02T12:39:26Z,h2h,2026-07-02T12:39:26Z,Ghana,7.2,
88e032a2b2e5042d26db3f0da1df924a,2026-07-04T01:30:00Z,Colombia,Ghana,elimination,gtbets,GTbets,2026-07-02T12:39:26Z,h2h,2026-07-02T12:39:26Z,Draw,3.92,
88e032a2b2e5042d26db3f0da1df924a,2026-07-04T01:30:00Z,Colombia,Ghana,elimination,gtbets,GTbets,2026-07-02T12:39:26Z,spreads,2026-07-02T12:39:26Z,Colombia,1.52,-0.5
88e032a2b2e5042d26db3f0da1df924a,2026-07-04T01:30:00Z,Colombia,Ghana,elimination,gtbets,GTbets,2026-07-02T12:39:26Z,spreads,2026-07-02T12:39:26Z,Ghana,2.55,0.5
88e032a2b2e5042d26db3f0da1df924a,2026-07-04T01:30:00Z,Colombia,Ghana,elimination,gtbets,GTbets,2026-07-02T12:39:26Z,totals,2026-07-02T12:39:26Z,Over,2.22,2.5
88e032a2b2e5042d26db3f0da1df924a,2026-07-04T01:30:00Z,Colombia,Ghana,elimination,gtbets,GTbets,2026-07-02T12:39:26Z,totals,2026-07-02T12:39:26Z,Under,1.67,2.5
88e032a2b2e5042d26db3f0da1df924a,2026-07-04T01:30:00Z,Colombia,Ghana,elimination,onexbet,1xBet,2026-07-02T12:39:00Z,h2h,2026-07-02T12:39:00Z,Colombia,1.55,
88e032a2b2e5042d26db3f0da1df924a,2026-07-04T01:30:00Z,Colombia,Ghana,elimination,onexbet,1xBet,2026-07-02T12:39:00Z,h2h,2026-07-02T12:39:00Z,Ghana,8.25,
88e032a2b2e5042d26db3f0da1df924a,2026-07-04T01:30:00Z,Colombia,Ghana,elimination,onexbet,1xBet,2026-07-02T12:39:00Z,h2h,2026-07-02T12:39:00Z,Draw,4.03,
88e032a2b2e5042d26db3f0da1df924a,2026-07-04T01:30:00Z,Colombia,Ghana,elimination,onexbet,1xBet,2026-07-02T12:39:00Z,spreads,2026-07-02T12:39:00Z,Colombia,2.57,-1.5
88e032a2b2e5042d26db3f0da1df924a,2026-07-04T01:30:00Z,Colombia,Ghana,elimination,onexbet,1xBet,2026-07-02T12:39:00Z,spreads,2026-07-02T12:39:00Z,Ghana,1.54,1.5
88e032a2b2e5042d26db3f0da1df924a,2026-07-04T01:30:00Z,Colombia,Ghana,elimination,onexbet,1xBet,2026-07-02T12:39:00Z,totals,2026-07-02T12:39:00Z,Over,2.21,2.5
88e032a2b2e5042d26db3f0da1df924a,2026-07-04T01:30:00Z,Colombia,Ghana,elimination,onexbet,1xBet,2026-07-02T12:39:00Z,totals,2026-07-02T12:39:00Z,Under,1.72,2.5
88e032a2b2e5042d26db3f0da1df924a,2026-07-04T01:30:00Z,Colombia,Ghana,elimination,sport888,888sport,2026-07-02T12:39:01Z,h2h,2026-07-02T12:39:01Z,Colombia,1.5,
88e032a2b2e5042d26db3f0da1df924a,2026-07-04T01:30:00Z,Colombia,Ghana,elimination,sport888,888sport,2026-07-02T12:39:01Z,h2h,2026-07-02T12:39:01Z,Ghana,7.0,
88e032a2b2e5042d26db3f0da1df924a,2026-07-04T01:30:00Z,Colombia,Ghana,elimination,sport888,888sport,2026-07-02T12:39:01Z,h2h,2026-07-02T12:39:01Z,Draw,3.7,
88e032a2b2e5042d26db3f0da1df924a,2026-07-04T01:30:00Z,Colombia,Ghana,elimination,williamhill,William Hill,2026-07-02T12:39:26Z,h2h,2026-07-02T12:39:26Z,Colombia,1.5,
88e032a2b2e5042d26db3f0da1df924a,2026-07-04T01:30:00Z,Colombia,Ghana,elimination,williamhill,William Hill,2026-07-02T12:39:26Z,h2h,2026-07-02T12:39:26Z,Ghana,7.0,
88e032a2b2e5042d26db3f0da1df924a,2026-07-04T01:30:00Z,Colombia,Ghana,elimination,williamhill,William Hill,2026-07-02T12:39:26Z,h2h,2026-07-02T12:39:26Z,Draw,3.75,
88e032a2b2e5042d26db3f0da1df924a,2026-07-04T01:30:00Z,Colombia,Ghana,elimination,williamhill,William Hill,2026-07-02T12:39:26Z,totals,2026-07-02T12:39:26Z,Over,2.1,2.5
88e032a2b2e5042d26db3f0da1df924a,2026-07-04T01:30:00Z,Colombia,Ghana,elimination,williamhill,William Hill,2026-07-02T12:39:26Z,totals,2026-07-02T12:39:26Z,Under,1.67,2.5
88e032a2b2e5042d26db3f0da1df924a,2026-07-04T01:30:00Z,Colombia,Ghana,elimination,nordicbet,Nordic Bet,2026-07-02T12:39:12Z,h2h,2026-07-02T12:39:12Z,Colombia,1.55,
88e032a2b2e5042d26db3f0da1df924a,2026-07-04T01:30:00Z,Colombia,Ghana,elimination,nordicbet,Nordic Bet,2026-07-02T12:39:12Z,h2h,2026-07-02T12:39:12Z,Ghana,7.7,
88e032a2b2e5042d26db3f0da1df924a,2026-07-04T01:30:00Z,Colombia,Ghana,elimination,nordicbet,Nordic Bet,2026-07-02T12:39:12Z,h2h,2026-07-02T12:39:12Z,Draw,3.85,
88e032a2b2e5042d26db3f0da1df924a,2026-07-04T01:30:00Z,Colombia,Ghana,elimination,nordicbet,Nordic Bet,2026-07-02T12:39:12Z,totals,2026-07-02T12:39:12Z,Over,2.22,2.5
88e032a2b2e5042d26db3f0da1df924a,2026-07-04T01:30:00Z,Colombia,Ghana,elimination,nordicbet,Nordic Bet,2026-07-02T12:39:12Z,totals,2026-07-02T12:39:12Z,Under,1.68,2.5
88e032a2b2e5042d26db3f0da1df924a,2026-07-04T01:30:00Z,Colombia,Ghana,elimination,betsson,Betsson,2026-07-02T12:39:12Z,h2h,2026-07-02T12:39:12Z,Colombia,1.55,
88e032a2b2e5042d26db3f0da1df924a,2026-07-04T01:30:00Z,Colombia,Ghana,elimination,betsson,Betsson,2026-07-02T12:39:12Z,h2h,2026-07-02T12:39:12Z,Ghana,7.7,
88e032a2b2e5042d26db3f0da1df924a,2026-07-04T01:30:00Z,Colombia,Ghana,elimination,betsson,Betsson,2026-07-02T12:39:12Z,h2h,2026-07-02T12:39:12Z,Draw,3.85,
88e032a2b2e5042d26db3f0da1df924a,2026-07-04T01:30:00Z,Colombia,Ghana,elimination,betsson,Betsson,2026-07-02T12:39:12Z,totals,2026-07-02T12:39:12Z,Over,2.22,2.5
88e032a2b2e5042d26db3f0da1df924a,2026-07-04T01:30:00Z,Colombia,Ghana,elimination,betsson,Betsson,2026-07-02T12:39:12Z,totals,2026-07-02T12:39:12Z,Under,1.68,2.5
88e032a2b2e5042d26db3f0da1df924a,2026-07-04T01:30:00Z,Colombia,Ghana,elimination,matchbook,Matchbook,2026-07-02T12:39:25Z,h2h,2026-07-02T12:39:25Z,Colombia,1.55,
88e032a2b2e5042d26db3f0da1df924a,2026-07-04T01:30:00Z,Colombia,Ghana,elimination,matchbook,Matchbook,2026-07-02T12:39:25Z,h2h,2026-07-02T12:39:25Z,Ghana,8.6,
88e032a2b2e5042d26db3f0da1df924a,2026-07-04T01:30:00Z,Colombia,Ghana,elimination,matchbook,Matchbook,2026-07-02T12:39:25Z,h2h,2026-07-02T12:39:25Z,Draw,4.1,
88e032a2b2e5042d26db3f0da1df924a,2026-07-04T01:30:00Z,Colombia,Ghana,elimination,matchbook,Matchbook,2026-07-02T12:39:25Z,spreads,2026-07-02T12:39:25Z,Colombia,1.92,-1.0
88e032a2b2e5042d26db3f0da1df924a,2026-07-04T01:30:00Z,Colombia,Ghana,elimination,matchbook,Matchbook,2026-07-02T12:39:25Z,spreads,2026-07-02T12:39:25Z,Ghana,2.02,1.0
88e032a2b2e5042d26db3f0da1df924a,2026-07-04T01:30:00Z,Colombia,Ghana,elimination,betfair_ex_eu,Betfair,2026-07-02T12:39:24Z,h2h,2026-07-02T12:39:24Z,Colombia,1.55,
88e032a2b2e5042d26db3f0da1df924a,2026-07-04T01:30:00Z,Colombia,Ghana,elimination,betfair_ex_eu,Betfair,2026-07-02T12:39:24Z,h2h,2026-07-02T12:39:24Z,Ghana,8.6,
88e032a2b2e5042d26db3f0da1df924a,2026-07-04T01:30:00Z,Colombia,Ghana,elimination,betfair_ex_eu,Betfair,2026-07-02T12:39:24Z,h2h,2026-07-02T12:39:24Z,Draw,4.1,
88e032a2b2e5042d26db3f0da1df924a,2026-07-04T01:30:00Z,Colombia,Ghana,elimination,everygame,Everygame,2026-07-02T12:38:52Z,h2h,2026-07-02T12:38:52Z,Colombia,1.53,
88e032a2b2e5042d26db3f0da1df924a,2026-07-04T01:30:00Z,Colombia,Ghana,elimination,everygame,Everygame,2026-07-02T12:38:52Z,h2h,2026-07-02T12:38:52Z,Ghana,7.0,
88e032a2b2e5042d26db3f0da1df924a,2026-07-04T01:30:00Z,Colombia,Ghana,elimination,everygame,Everygame,2026-07-02T12:38:52Z,h2h,2026-07-02T12:38:52Z,Draw,3.9,
88e032a2b2e5042d26db3f0da1df924a,2026-07-04T01:30:00Z,Colombia,Ghana,elimination,betonlineag,BetOnline.ag,2026-07-02T12:39:25Z,h2h,2026-07-02T12:39:25Z,Colombia,1.53,
88e032a2b2e5042d26db3f0da1df924a,2026-07-04T01:30:00Z,Colombia,Ghana,elimination,betonlineag,BetOnline.ag,2026-07-02T12:39:25Z,h2h,2026-07-02T12:39:25Z,Ghana,8.05,
88e032a2b2e5042d26db3f0da1df924a,2026-07-04T01:30:00Z,Colombia,Ghana,elimination,betonlineag,BetOnline.ag,2026-07-02T12:39:25Z,h2h,2026-07-02T12:39:25Z,Draw,3.9,
88e032a2b2e5042d26db3f0da1df924a,2026-07-04T01:30:00Z,Colombia,Ghana,elimination,betonlineag,BetOnline.ag,2026-07-02T12:39:25Z,spreads,2026-07-02T12:39:25Z,Colombia,1.53,-0.5
88e032a2b2e5042d26db3f0da1df924a,2026-07-04T01:30:00Z,Colombia,Ghana,elimination,betonlineag,BetOnline.ag,2026-07-02T12:39:25Z,spreads,2026-07-02T12:39:25Z,Ghana,2.66,0.5
88e032a2b2e5042d26db3f0da1df924a,2026-07-04T01:30:00Z,Colombia,Ghana,elimination,betonlineag,BetOnline.ag,2026-07-02T12:39:25Z,totals,2026-07-02T12:39:25Z,Over,1.68,2.0
88e032a2b2e5042d26db3f0da1df924a,2026-07-04T01:30:00Z,Colombia,Ghana,elimination,betonlineag,BetOnline.ag,2026-07-02T12:39:25Z,totals,2026-07-02T12:39:25Z,Under,2.29,2.0
88e032a2b2e5042d26db3f0da1df924a,2026-07-04T01:30:00Z,Colombia,Ghana,elimination,codere_it,Codere (IT),2026-07-02T12:39:13Z,h2h,2026-07-02T12:39:13Z,Colombia,1.52,
88e032a2b2e5042d26db3f0da1df924a,2026-07-04T01:30:00Z,Colombia,Ghana,elimination,codere_it,Codere (IT),2026-07-02T12:39:13Z,h2h,2026-07-02T12:39:13Z,Ghana,7.0,
88e032a2b2e5042d26db3f0da1df924a,2026-07-04T01:30:00Z,Colombia,Ghana,elimination,codere_it,Codere (IT),2026-07-02T12:39:13Z,h2h,2026-07-02T12:39:13Z,Draw,4.0,
88e032a2b2e5042d26db3f0da1df924a,2026-07-04T01:30:00Z,Colombia,Ghana,elimination,codere_it,Codere (IT),2026-07-02T12:39:13Z,totals,2026-07-02T12:39:13Z,Over,2.15,2.5
88e032a2b2e5042d26db3f0da1df924a,2026-07-04T01:30:00Z,Colombia,Ghana,elimination,codere_it,Codere (IT),2026-07-02T12:39:13Z,totals,2026-07-02T12:39:13Z,Under,1.6,2.5
88e032a2b2e5042d26db3f0da1df924a,2026-07-04T01:30:00Z,Colombia,Ghana,elimination,pinnacle,Pinnacle,2026-07-02T12:39:24Z,h2h,2026-07-02T12:39:24Z,Colombia,1.52,
88e032a2b2e5042d26db3f0da1df924a,2026-07-04T01:30:00Z,Colombia,Ghana,elimination,pinnacle,Pinnacle,2026-07-02T12:39:24Z,h2h,2026-07-02T12:39:24Z,Ghana,7.41,
88e032a2b2e5042d26db3f0da1df924a,2026-07-04T01:30:00Z,Colombia,Ghana,elimination,pinnacle,Pinnacle,2026-07-02T12:39:24Z,h2h,2026-07-02T12:39:24Z,Draw,4.05,
88e032a2b2e5042d26db3f0da1df924a,2026-07-04T01:30:00Z,Colombia,Ghana,elimination,pinnacle,Pinnacle,2026-07-02T12:39:24Z,spreads,2026-07-02T12:39:24Z,Colombia,1.92,-1.0
88e032a2b2e5042d26db3f0da1df924a,2026-07-04T01:30:00Z,Colombia,Ghana,elimination,pinnacle,Pinnacle,2026-07-02T12:39:24Z,spreads,2026-07-02T12:39:24Z,Ghana,1.99,1.0
88e032a2b2e5042d26db3f0da1df924a,2026-07-04T01:30:00Z,Colombia,Ghana,elimination,pinnacle,Pinnacle,2026-07-02T12:39:24Z,totals,2026-07-02T12:39:24Z,Over,1.98,2.25
88e032a2b2e5042d26db3f0da1df924a,2026-07-04T01:30:00Z,Colombia,Ghana,elimination,pinnacle,Pinnacle,2026-07-02T12:39:24Z,totals,2026-07-02T12:39:24Z,Under,1.9,2.25
88e032a2b2e5042d26db3f0da1df924a,2026-07-04T01:30:00Z,Colombia,Ghana,elimination,betanysports,BetAnything,2026-07-02T12:39:00Z,h2h,2026-07-02T12:39:00Z,Colombia,1.53,
88e032a2b2e5042d26db3f0da1df924a,2026-07-04T01:30:00Z,Colombia,Ghana,elimination,betanysports,BetAnything,2026-07-02T12:39:00Z,h2h,2026-07-02T12:39:00Z,Ghana,7.0,
88e032a2b2e5042d26db3f0da1df924a,2026-07-04T01:30:00Z,Colombia,Ghana,elimination,betanysports,BetAnything,2026-07-02T12:39:00Z,h2h,2026-07-02T12:39:00Z,Draw,4.0,
88e032a2b2e5042d26db3f0da1df924a,2026-07-04T01:30:00Z,Colombia,Ghana,elimination,betanysports,BetAnything,2026-07-02T12:39:00Z,spreads,2026-07-02T12:39:00Z,Colombia,1.87,-1.0
88e032a2b2e5042d26db3f0da1df924a,2026-07-04T01:30:00Z,Colombia,Ghana,elimination,betanysports,BetAnything,2026-07-02T12:39:00Z,spreads,2026-07-02T12:39:00Z,Ghana,1.95,1.0
88e032a2b2e5042d26db3f0da1df924a,2026-07-04T01:30:00Z,Colombia,Ghana,elimination,betanysports,BetAnything,2026-07-02T12:39:00Z,totals,2026-07-02T12:39:00Z,Over,1.4,1.5
88e032a2b2e5042d26db3f0da1df924a,2026-07-04T01:30:00Z,Colombia,Ghana,elimination,betanysports,BetAnything,2026-07-02T12:39:00Z,totals,2026-07-02T12:39:00Z,Under,3.03,1.5
9c7073ae2c29ee4881bb695f92168c68,2026-07-04T17:00:00Z,Canada,Morocco,elimination,pmu_fr,PMU (FR),2026-07-02T12:39:25Z,h2h,2026-07-02T12:39:25Z,Canada,5.0,
9c7073ae2c29ee4881bb695f92168c68,2026-07-04T17:00:00Z,Canada,Morocco,elimination,pmu_fr,PMU (FR),2026-07-02T12:39:25Z,h2h,2026-07-02T12:39:25Z,Morocco,1.76,
9c7073ae2c29ee4881bb695f92168c68,2026-07-04T17:00:00Z,Canada,Morocco,elimination,pmu_fr,PMU (FR),2026-07-02T12:39:25Z,h2h,2026-07-02T12:39:25Z,Draw,3.3,
9c7073ae2c29ee4881bb695f92168c68,2026-07-04T17:00:00Z,Canada,Morocco,elimination,pmu_fr,PMU (FR),2026-07-02T12:39:25Z,totals,2026-07-02T12:39:25Z,Over,2.23,2.5
9c7073ae2c29ee4881bb695f92168c68,2026-07-04T17:00:00Z,Canada,Morocco,elimination,pmu_fr,PMU (FR),2026-07-02T12:39:25Z,totals,2026-07-02T12:39:25Z,Under,1.56,2.5
9c7073ae2c29ee4881bb695f92168c68,2026-07-04T17:00:00Z,Canada,Morocco,elimination,unibet_nl,Unibet (NL),2026-07-02T12:38:26Z,h2h,2026-07-02T12:38:26Z,Canada,5.3,
9c7073ae2c29ee4881bb695f92168c68,2026-07-04T17:00:00Z,Canada,Morocco,elimination,unibet_nl,Unibet (NL),2026-07-02T12:38:26Z,h2h,2026-07-02T12:38:26Z,Morocco,1.81,
9c7073ae2c29ee4881bb695f92168c68,2026-07-04T17:00:00Z,Canada,Morocco,elimination,unibet_nl,Unibet (NL),2026-07-02T12:38:26Z,h2h,2026-07-02T12:38:26Z,Draw,3.45,
9c7073ae2c29ee4881bb695f92168c68,2026-07-04T17:00:00Z,Canada,Morocco,elimination,unibet_nl,Unibet (NL),2026-07-02T12:38:26Z,totals,2026-07-02T12:38:26Z,Over,2.28,2.5
9c7073ae2c29ee4881bb695f92168c68,2026-07-04T17:00:00Z,Canada,Morocco,elimination,unibet_nl,Unibet (NL),2026-07-02T12:38:26Z,totals,2026-07-02T12:38:26Z,Under,1.6,2.5
9c7073ae2c29ee4881bb695f92168c68,2026-07-04T17:00:00Z,Canada,Morocco,elimination,leovegas_se,LeoVegas (SE),2026-07-02T12:39:25Z,h2h,2026-07-02T12:39:25Z,Canada,5.2,
9c7073ae2c29ee4881bb695f92168c68,2026-07-04T17:00:00Z,Canada,Morocco,elimination,leovegas_se,LeoVegas (SE),2026-07-02T12:39:25Z,h2h,2026-07-02T12:39:25Z,Morocco,1.78,
9c7073ae2c29ee4881bb695f92168c68,2026-07-04T17:00:00Z,Canada,Morocco,elimination,leovegas_se,LeoVegas (SE),2026-07-02T12:39:25Z,h2h,2026-07-02T12:39:25Z,Draw,3.35,
9c7073ae2c29ee4881bb695f92168c68,2026-07-04T17:00:00Z,Canada,Morocco,elimination,unibet_se,Unibet (SE),2026-07-02T12:39:01Z,h2h,2026-07-02T12:39:01Z,Canada,5.3,
9c7073ae2c29ee4881bb695f92168c68,2026-07-04T17:00:00Z,Canada,Morocco,elimination,unibet_se,Unibet (SE),2026-07-02T12:39:01Z,h2h,2026-07-02T12:39:01Z,Morocco,1.81,
9c7073ae2c29ee4881bb695f92168c68,2026-07-04T17:00:00Z,Canada,Morocco,elimination,unibet_se,Unibet (SE),2026-07-02T12:39:01Z,h2h,2026-07-02T12:39:01Z,Draw,3.45,
9c7073ae2c29ee4881bb695f92168c68,2026-07-04T17:00:00Z,Canada,Morocco,elimination,unibet_se,Unibet (SE),2026-07-02T12:39:01Z,totals,2026-07-02T12:39:01Z,Over,2.33,2.5
9c7073ae2c29ee4881bb695f92168c68,2026-07-04T17:00:00Z,Canada,Morocco,elimination,unibet_se,Unibet (SE),2026-07-02T12:39:01Z,totals,2026-07-02T12:39:01Z,Under,1.62,2.5
9c7073ae2c29ee4881bb695f92168c68,2026-07-04T17:00:00Z,Canada,Morocco,elimination,betclic_fr,Betclic (FR),2026-07-02T12:36:09Z,h2h,2026-07-02T12:36:09Z,Canada,4.9,
9c7073ae2c29ee4881bb695f92168c68,2026-07-04T17:00:00Z,Canada,Morocco,elimination,betclic_fr,Betclic (FR),2026-07-02T12:36:09Z,h2h,2026-07-02T12:36:09Z,Morocco,1.78,
9c7073ae2c29ee4881bb695f92168c68,2026-07-04T17:00:00Z,Canada,Morocco,elimination,betclic_fr,Betclic (FR),2026-07-02T12:36:09Z,h2h,2026-07-02T12:36:09Z,Draw,3.53,
9c7073ae2c29ee4881bb695f92168c68,2026-07-04T17:00:00Z,Canada,Morocco,elimination,winamax_de,Winamax (DE),2026-07-02T12:39:01Z,h2h,2026-07-02T12:39:01Z,Canada,4.7,
9c7073ae2c29ee4881bb695f92168c68,2026-07-04T17:00:00Z,Canada,Morocco,elimination,winamax_de,Winamax (DE),2026-07-02T12:39:01Z,h2h,2026-07-02T12:39:01Z,Morocco,1.78,
9c7073ae2c29ee4881bb695f92168c68,2026-07-04T17:00:00Z,Canada,Morocco,elimination,winamax_de,Winamax (DE),2026-07-02T12:39:01Z,h2h,2026-07-02T12:39:01Z,Draw,3.5,
9c7073ae2c29ee4881bb695f92168c68,2026-07-04T17:00:00Z,Canada,Morocco,elimination,winamax_fr,Winamax (FR),2026-07-02T12:38:51Z,h2h,2026-07-02T12:38:51Z,Canada,4.7,
9c7073ae2c29ee4881bb695f92168c68,2026-07-04T17:00:00Z,Canada,Morocco,elimination,winamax_fr,Winamax (FR),2026-07-02T12:38:51Z,h2h,2026-07-02T12:38:51Z,Morocco,1.78,
9c7073ae2c29ee4881bb695f92168c68,2026-07-04T17:00:00Z,Canada,Morocco,elimination,winamax_fr,Winamax (FR),2026-07-02T12:38:51Z,h2h,2026-07-02T12:38:51Z,Draw,3.45,
9c7073ae2c29ee4881bb695f92168c68,2026-07-04T17:00:00Z,Canada,Morocco,elimination,unibet_fr,Unibet (FR),2026-07-02T12:39:24Z,h2h,2026-07-02T12:39:24Z,Canada,5.25,
9c7073ae2c29ee4881bb695f92168c68,2026-07-04T17:00:00Z,Canada,Morocco,elimination,unibet_fr,Unibet (FR),2026-07-02T12:39:24Z,h2h,2026-07-02T12:39:24Z,Morocco,1.74,
9c7073ae2c29ee4881bb695f92168c68,2026-07-04T17:00:00Z,Canada,Morocco,elimination,unibet_fr,Unibet (FR),2026-07-02T12:39:24Z,h2h,2026-07-02T12:39:24Z,Draw,3.55,
9c7073ae2c29ee4881bb695f92168c68,2026-07-04T17:00:00Z,Canada,Morocco,elimination,codere_it,Codere (IT),2026-07-02T12:39:13Z,h2h,2026-07-02T12:39:12Z,Canada,4.8,
9c7073ae2c29ee4881bb695f92168c68,2026-07-04T17:00:00Z,Canada,Morocco,elimination,codere_it,Codere (IT),2026-07-02T12:39:13Z,h2h,2026-07-02T12:39:12Z,Morocco,1.81,
9c7073ae2c29ee4881bb695f92168c68,2026-07-04T17:00:00Z,Canada,Morocco,elimination,codere_it,Codere (IT),2026-07-02T12:39:13Z,h2h,2026-07-02T12:39:12Z,Draw,3.45,
9c7073ae2c29ee4881bb695f92168c68,2026-07-04T17:00:00Z,Canada,Morocco,elimination,codere_it,Codere (IT),2026-07-02T12:39:13Z,totals,2026-07-02T12:39:12Z,Over,2.15,2.5
9c7073ae2c29ee4881bb695f92168c68,2026-07-04T17:00:00Z,Canada,Morocco,elimination,codere_it,Codere (IT),2026-07-02T12:39:13Z,totals,2026-07-02T12:39:12Z,Under,1.6,2.5
9c7073ae2c29ee4881bb695f92168c68,2026-07-04T17:00:00Z,Canada,Morocco,elimination,pinnacle,Pinnacle,2026-07-02T12:39:24Z,h2h,2026-07-02T12:39:24Z,Canada,5.2,
9c7073ae2c29ee4881bb695f92168c68,2026-07-04T17:00:00Z,Canada,Morocco,elimination,pinnacle,Pinnacle,2026-07-02T12:39:24Z,h2h,2026-07-02T12:39:24Z,Morocco,1.79,
9c7073ae2c29ee4881bb695f92168c68,2026-07-04T17:00:00Z,Canada,Morocco,elimination,pinnacle,Pinnacle,2026-07-02T12:39:24Z,h2h,2026-07-02T12:39:24Z,Draw,3.5,
9c7073ae2c29ee4881bb695f92168c68,2026-07-04T17:00:00Z,Canada,Morocco,elimination,pinnacle,Pinnacle,2026-07-02T12:39:24Z,spreads,2026-07-02T12:39:24Z,Canada,1.84,0.75
9c7073ae2c29ee4881bb695f92168c68,2026-07-04T17:00:00Z,Canada,Morocco,elimination,pinnacle,Pinnacle,2026-07-02T12:39:24Z,spreads,2026-07-02T12:39:24Z,Morocco,2.08,-0.75
9c7073ae2c29ee4881bb695f92168c68,2026-07-04T17:00:00Z,Canada,Morocco,elimination,pinnacle,Pinnacle,2026-07-02T12:39:24Z,totals,2026-07-02T12:39:24Z,Over,2.06,2.25
9c7073ae2c29ee4881bb695f92168c68,2026-07-04T17:00:00Z,Canada,Morocco,elimination,pinnacle,Pinnacle,2026-07-02T12:39:24Z,totals,2026-07-02T12:39:24Z,Under,1.84,2.25
9c7073ae2c29ee4881bb695f92168c68,2026-07-04T17:00:00Z,Canada,Morocco,elimination,mybookieag,MyBookie.ag,2026-07-02T12:37:31Z,h2h,2026-07-02T12:37:31Z,Canada,4.7,
9c7073ae2c29ee4881bb695f92168c68,2026-07-04T17:00:00Z,Canada,Morocco,elimination,mybookieag,MyBookie.ag,2026-07-02T12:37:31Z,h2h,2026-07-02T12:37:31Z,Morocco,1.79,
9c7073ae2c29ee4881bb695f92168c68,2026-07-04T17:00:00Z,Canada,Morocco,elimination,mybookieag,MyBookie.ag,2026-07-02T12:37:31Z,h2h,2026-07-02T12:37:31Z,Draw,3.42,
9c7073ae2c29ee4881bb695f92168c68,2026-07-04T17:00:00Z,Canada,Morocco,elimination,mybookieag,MyBookie.ag,2026-07-02T12:37:31Z,spreads,2026-07-02T12:37:31Z,Canada,1.96,0.5
9c7073ae2c29ee4881bb695f92168c68,2026-07-04T17:00:00Z,Canada,Morocco,elimination,mybookieag,MyBookie.ag,2026-07-02T12:37:31Z,spreads,2026-07-02T12:37:31Z,Morocco,1.75,-0.5
9c7073ae2c29ee4881bb695f92168c68,2026-07-04T17:00:00Z,Canada,Morocco,elimination,mybookieag,MyBookie.ag,2026-07-02T12:37:31Z,totals,2026-07-02T12:37:31Z,Over,1.64,2.0
9c7073ae2c29ee4881bb695f92168c68,2026-07-04T17:00:00Z,Canada,Morocco,elimination,mybookieag,MyBookie.ag,2026-07-02T12:37:31Z,totals,2026-07-02T12:37:31Z,Under,2.13,2.0
9c7073ae2c29ee4881bb695f92168c68,2026-07-04T17:00:00Z,Canada,Morocco,elimination,tipico_de,Tipico,2026-07-02T12:39:12Z,h2h,2026-07-02T12:39:12Z,Canada,5.2,
9c7073ae2c29ee4881bb695f92168c68,2026-07-04T17:00:00Z,Canada,Morocco,elimination,tipico_de,Tipico,2026-07-02T12:39:12Z,h2h,2026-07-02T12:39:12Z,Morocco,1.75,
9c7073ae2c29ee4881bb695f92168c68,2026-07-04T17:00:00Z,Canada,Morocco,elimination,tipico_de,Tipico,2026-07-02T12:39:12Z,h2h,2026-07-02T12:39:12Z,Draw,3.5,
9c7073ae2c29ee4881bb695f92168c68,2026-07-04T17:00:00Z,Canada,Morocco,elimination,gtbets,GTbets,2026-07-02T12:39:26Z,h2h,2026-07-02T12:39:26Z,Canada,4.83,
9c7073ae2c29ee4881bb695f92168c68,2026-07-04T17:00:00Z,Canada,Morocco,elimination,gtbets,GTbets,2026-07-02T12:39:26Z,h2h,2026-07-02T12:39:26Z,Morocco,1.81,
9c7073ae2c29ee4881bb695f92168c68,2026-07-04T17:00:00Z,Canada,Morocco,elimination,gtbets,GTbets,2026-07-02T12:39:26Z,h2h,2026-07-02T12:39:26Z,Draw,3.43,
9c7073ae2c29ee4881bb695f92168c68,2026-07-04T17:00:00Z,Canada,Morocco,elimination,gtbets,GTbets,2026-07-02T12:39:26Z,spreads,2026-07-02T12:39:26Z,Canada,2.03,0.5
9c7073ae2c29ee4881bb695f92168c68,2026-07-04T17:00:00Z,Canada,Morocco,elimination,gtbets,GTbets,2026-07-02T12:39:26Z,spreads,2026-07-02T12:39:26Z,Morocco,1.79,-0.5
9c7073ae2c29ee4881bb695f92168c68,2026-07-04T17:00:00Z,Canada,Morocco,elimination,gtbets,GTbets,2026-07-02T12:39:26Z,totals,2026-07-02T12:39:26Z,Over,2.25,2.5
9c7073ae2c29ee4881bb695f92168c68,2026-07-04T17:00:00Z,Canada,Morocco,elimination,gtbets,GTbets,2026-07-02T12:39:26Z,totals,2026-07-02T12:39:26Z,Under,1.67,2.5
9c7073ae2c29ee4881bb695f92168c68,2026-07-04T17:00:00Z,Canada,Morocco,elimination,marathonbet,Marathon Bet,2026-07-02T12:39:01Z,h2h,2026-07-02T12:39:01Z,Canada,5.1,
9c7073ae2c29ee4881bb695f92168c68,2026-07-04T17:00:00Z,Canada,Morocco,elimination,marathonbet,Marathon Bet,2026-07-02T12:39:01Z,h2h,2026-07-02T12:39:01Z,Morocco,1.81,
9c7073ae2c29ee4881bb695f92168c68,2026-07-04T17:00:00Z,Canada,Morocco,elimination,marathonbet,Marathon Bet,2026-07-02T12:39:01Z,h2h,2026-07-02T12:39:01Z,Draw,3.54,
9c7073ae2c29ee4881bb695f92168c68,2026-07-04T17:00:00Z,Canada,Morocco,elimination,matchbook,Matchbook,2026-07-02T12:39:25Z,h2h,2026-07-02T12:39:25Z,Canada,5.6,
9c7073ae2c29ee4881bb695f92168c68,2026-07-04T17:00:00Z,Canada,Morocco,elimination,matchbook,Matchbook,2026-07-02T12:39:25Z,h2h,2026-07-02T12:39:25Z,Morocco,1.84,
9c7073ae2c29ee4881bb695f92168c68,2026-07-04T17:00:00Z,Canada,Morocco,elimination,matchbook,Matchbook,2026-07-02T12:39:25Z,h2h,2026-07-02T12:39:25Z,Draw,3.55,
9c7073ae2c29ee4881bb695f92168c68,2026-07-04T17:00:00Z,Canada,Morocco,elimination,matchbook,Matchbook,2026-07-02T12:39:25Z,spreads,2026-07-02T12:39:25Z,Canada,1.87,0.75
9c7073ae2c29ee4881bb695f92168c68,2026-07-04T17:00:00Z,Canada,Morocco,elimination,matchbook,Matchbook,2026-07-02T12:39:25Z,spreads,2026-07-02T12:39:25Z,Morocco,2.1,-0.75
9c7073ae2c29ee4881bb695f92168c68,2026-07-04T17:00:00Z,Canada,Morocco,elimination,betfair_ex_eu,Betfair,2026-07-02T12:39:24Z,h2h,2026-07-02T12:39:24Z,Canada,5.5,
9c7073ae2c29ee4881bb695f92168c68,2026-07-04T17:00:00Z,Canada,Morocco,elimination,betfair_ex_eu,Betfair,2026-07-02T12:39:24Z,h2h,2026-07-02T12:39:24Z,Morocco,1.84,
9c7073ae2c29ee4881bb695f92168c68,2026-07-04T17:00:00Z,Canada,Morocco,elimination,betfair_ex_eu,Betfair,2026-07-02T12:39:24Z,h2h,2026-07-02T12:39:24Z,Draw,3.55,
9c7073ae2c29ee4881bb695f92168c68,2026-07-04T17:00:00Z,Canada,Morocco,elimination,nordicbet,Nordic Bet,2026-07-02T12:39:12Z,h2h,2026-07-02T12:39:12Z,Canada,5.3,
9c7073ae2c29ee4881bb695f92168c68,2026-07-04T17:00:00Z,Canada,Morocco,elimination,nordicbet,Nordic Bet,2026-07-02T12:39:12Z,h2h,2026-07-02T12:39:12Z,Morocco,1.8,
9c7073ae2c29ee4881bb695f92168c68,2026-07-04T17:00:00Z,Canada,Morocco,elimination,nordicbet,Nordic Bet,2026-07-02T12:39:12Z,h2h,2026-07-02T12:39:12Z,Draw,3.5,
9c7073ae2c29ee4881bb695f92168c68,2026-07-04T17:00:00Z,Canada,Morocco,elimination,nordicbet,Nordic Bet,2026-07-02T12:39:12Z,totals,2026-07-02T12:39:12Z,Over,2.35,2.5
9c7073ae2c29ee4881bb695f92168c68,2026-07-04T17:00:00Z,Canada,Morocco,elimination,nordicbet,Nordic Bet,2026-07-02T12:39:12Z,totals,2026-07-02T12:39:12Z,Under,1.62,2.5
9c7073ae2c29ee4881bb695f92168c68,2026-07-04T17:00:00Z,Canada,Morocco,elimination,betsson,Betsson,2026-07-02T12:39:12Z,h2h,2026-07-02T12:39:12Z,Canada,5.3,
9c7073ae2c29ee4881bb695f92168c68,2026-07-04T17:00:00Z,Canada,Morocco,elimination,betsson,Betsson,2026-07-02T12:39:12Z,h2h,2026-07-02T12:39:12Z,Morocco,1.8,
9c7073ae2c29ee4881bb695f92168c68,2026-07-04T17:00:00Z,Canada,Morocco,elimination,betsson,Betsson,2026-07-02T12:39:12Z,h2h,2026-07-02T12:39:12Z,Draw,3.5,
9c7073ae2c29ee4881bb695f92168c68,2026-07-04T17:00:00Z,Canada,Morocco,elimination,betsson,Betsson,2026-07-02T12:39:12Z,totals,2026-07-02T12:39:12Z,Over,2.35,2.5
9c7073ae2c29ee4881bb695f92168c68,2026-07-04T17:00:00Z,Canada,Morocco,elimination,betsson,Betsson,2026-07-02T12:39:12Z,totals,2026-07-02T12:39:12Z,Under,1.62,2.5
9c7073ae2c29ee4881bb695f92168c68,2026-07-04T17:00:00Z,Canada,Morocco,elimination,onexbet,1xBet,2026-07-02T12:39:00Z,h2h,2026-07-02T12:39:00Z,Canada,5.17,
9c7073ae2c29ee4881bb695f92168c68,2026-07-04T17:00:00Z,Canada,Morocco,elimination,onexbet,1xBet,2026-07-02T12:39:00Z,h2h,2026-07-02T12:39:00Z,Morocco,1.84,
9c7073ae2c29ee4881bb695f92168c68,2026-07-04T17:00:00Z,Canada,Morocco,elimination,onexbet,1xBet,2026-07-02T12:39:00Z,h2h,2026-07-02T12:39:00Z,Draw,3.6,
9c7073ae2c29ee4881bb695f92168c68,2026-07-04T17:00:00Z,Canada,Morocco,elimination,onexbet,1xBet,2026-07-02T12:39:00Z,spreads,2026-07-02T12:39:00Z,Canada,1.31,1.5
9c7073ae2c29ee4881bb695f92168c68,2026-07-04T17:00:00Z,Canada,Morocco,elimination,onexbet,1xBet,2026-07-02T12:39:00Z,spreads,2026-07-02T12:39:00Z,Morocco,3.68,-1.5
9c7073ae2c29ee4881bb695f92168c68,2026-07-04T17:00:00Z,Canada,Morocco,elimination,onexbet,1xBet,2026-07-02T12:39:00Z,totals,2026-07-02T12:39:00Z,Over,2.33,2.5
9c7073ae2c29ee4881bb695f92168c68,2026-07-04T17:00:00Z,Canada,Morocco,elimination,onexbet,1xBet,2026-07-02T12:39:00Z,totals,2026-07-02T12:39:00Z,Under,1.65,2.5
9c7073ae2c29ee4881bb695f92168c68,2026-07-04T17:00:00Z,Canada,Morocco,elimination,sport888,888sport,2026-07-02T12:39:01Z,h2h,2026-07-02T12:39:01Z,Canada,4.6,
9c7073ae2c29ee4881bb695f92168c68,2026-07-04T17:00:00Z,Canada,Morocco,elimination,sport888,888sport,2026-07-02T12:39:01Z,h2h,2026-07-02T12:39:01Z,Morocco,1.75,
9c7073ae2c29ee4881bb695f92168c68,2026-07-04T17:00:00Z,Canada,Morocco,elimination,sport888,888sport,2026-07-02T12:39:01Z,h2h,2026-07-02T12:39:01Z,Draw,3.25,
9c7073ae2c29ee4881bb695f92168c68,2026-07-04T17:00:00Z,Canada,Morocco,elimination,williamhill,William Hill,2026-07-02T12:39:26Z,h2h,2026-07-02T12:39:26Z,Canada,4.8,
9c7073ae2c29ee4881bb695f92168c68,2026-07-04T17:00:00Z,Canada,Morocco,elimination,williamhill,William Hill,2026-07-02T12:39:26Z,h2h,2026-07-02T12:39:26Z,Morocco,1.75,
9c7073ae2c29ee4881bb695f92168c68,2026-07-04T17:00:00Z,Canada,Morocco,elimination,williamhill,William Hill,2026-07-02T12:39:26Z,h2h,2026-07-02T12:39:26Z,Draw,3.3,
9c7073ae2c29ee4881bb695f92168c68,2026-07-04T17:00:00Z,Canada,Morocco,elimination,williamhill,William Hill,2026-07-02T12:39:26Z,totals,2026-07-02T12:39:26Z,Over,2.1,2.5
9c7073ae2c29ee4881bb695f92168c68,2026-07-04T17:00:00Z,Canada,Morocco,elimination,williamhill,William Hill,2026-07-02T12:39:26Z,totals,2026-07-02T12:39:26Z,Under,1.67,2.5
9c7073ae2c29ee4881bb695f92168c68,2026-07-04T17:00:00Z,Canada,Morocco,elimination,coolbet,Coolbet,2026-07-02T12:39:00Z,h2h,2026-07-02T12:39:00Z,Canada,5.35,
9c7073ae2c29ee4881bb695f92168c68,2026-07-04T17:00:00Z,Canada,Morocco,elimination,coolbet,Coolbet,2026-07-02T12:39:00Z,h2h,2026-07-02T12:39:00Z,Morocco,1.8,
9c7073ae2c29ee4881bb695f92168c68,2026-07-04T17:00:00Z,Canada,Morocco,elimination,coolbet,Coolbet,2026-07-02T12:39:00Z,h2h,2026-07-02T12:39:00Z,Draw,3.55,
9c7073ae2c29ee4881bb695f92168c68,2026-07-04T17:00:00Z,Canada,Morocco,elimination,coolbet,Coolbet,2026-07-02T12:39:00Z,totals,2026-07-02T12:39:00Z,Over,1.73,2.0
9c7073ae2c29ee4881bb695f92168c68,2026-07-04T17:00:00Z,Canada,Morocco,elimination,coolbet,Coolbet,2026-07-02T12:39:00Z,totals,2026-07-02T12:39:00Z,Under,2.19,2.0
9c7073ae2c29ee4881bb695f92168c68,2026-07-04T17:00:00Z,Canada,Morocco,elimination,everygame,Everygame,2026-07-02T12:38:52Z,h2h,2026-07-02T12:38:52Z,Canada,5.0,
9c7073ae2c29ee4881bb695f92168c68,2026-07-04T17:00:00Z,Canada,Morocco,elimination,everygame,Everygame,2026-07-02T12:38:52Z,h2h,2026-07-02T12:38:52Z,Morocco,1.8,
9c7073ae2c29ee4881bb695f92168c68,2026-07-04T17:00:00Z,Canada,Morocco,elimination,everygame,Everygame,2026-07-02T12:38:52Z,h2h,2026-07-02T12:38:52Z,Draw,3.4,
9c7073ae2c29ee4881bb695f92168c68,2026-07-04T17:00:00Z,Canada,Morocco,elimination,betonlineag,BetOnline.ag,2026-07-02T12:39:25Z,h2h,2026-07-02T12:39:25Z,Canada,5.05,
9c7073ae2c29ee4881bb695f92168c68,2026-07-04T17:00:00Z,Canada,Morocco,elimination,betonlineag,BetOnline.ag,2026-07-02T12:39:25Z,h2h,2026-07-02T12:39:25Z,Morocco,1.8,
9c7073ae2c29ee4881bb695f92168c68,2026-07-04T17:00:00Z,Canada,Morocco,elimination,betonlineag,BetOnline.ag,2026-07-02T12:39:25Z,h2h,2026-07-02T12:39:25Z,Draw,3.56,
9c7073ae2c29ee4881bb695f92168c68,2026-07-04T17:00:00Z,Canada,Morocco,elimination,betonlineag,BetOnline.ag,2026-07-02T12:39:25Z,spreads,2026-07-02T12:39:25Z,Canada,2.09,0.5
9c7073ae2c29ee4881bb695f92168c68,2026-07-04T17:00:00Z,Canada,Morocco,elimination,betonlineag,BetOnline.ag,2026-07-02T12:39:25Z,spreads,2026-07-02T12:39:25Z,Morocco,1.8,-0.5
9c7073ae2c29ee4881bb695f92168c68,2026-07-04T17:00:00Z,Canada,Morocco,elimination,betonlineag,BetOnline.ag,2026-07-02T12:39:25Z,totals,2026-07-02T12:39:25Z,Over,2.34,2.5
9c7073ae2c29ee4881bb695f92168c68,2026-07-04T17:00:00Z,Canada,Morocco,elimination,betonlineag,BetOnline.ag,2026-07-02T12:39:25Z,totals,2026-07-02T12:39:25Z,Under,1.66,2.5
9c7073ae2c29ee4881bb695f92168c68,2026-07-04T17:00:00Z,Canada,Morocco,elimination,betanysports,BetAnything,2026-07-02T12:39:00Z,h2h,2026-07-02T12:39:00Z,Canada,5.05,
9c7073ae2c29ee4881bb695f92168c68,2026-07-04T17:00:00Z,Canada,Morocco,elimination,betanysports,BetAnything,2026-07-02T12:39:00Z,h2h,2026-07-02T12:39:00Z,Morocco,1.8,
9c7073ae2c29ee4881bb695f92168c68,2026-07-04T17:00:00Z,Canada,Morocco,elimination,betanysports,BetAnything,2026-07-02T12:39:00Z,h2h,2026-07-02T12:39:00Z,Draw,3.56,
9c7073ae2c29ee4881bb695f92168c68,2026-07-04T17:00:00Z,Canada,Morocco,elimination,betanysports,BetAnything,2026-07-02T12:39:00Z,spreads,2026-07-02T12:39:00Z,Canada,2.05,0.5
9c7073ae2c29ee4881bb695f92168c68,2026-07-04T17:00:00Z,Canada,Morocco,elimination,betanysports,BetAnything,2026-07-02T12:39:00Z,spreads,2026-07-02T12:39:00Z,Morocco,1.8,-0.5
9c7073ae2c29ee4881bb695f92168c68,2026-07-04T17:00:00Z,Canada,Morocco,elimination,betanysports,BetAnything,2026-07-02T12:39:00Z,totals,2026-07-02T12:39:00Z,Over,3.5,3.0
9c7073ae2c29ee4881bb695f92168c68,2026-07-04T17:00:00Z,Canada,Morocco,elimination,betanysports,BetAnything,2026-07-02T12:39:00Z,totals,2026-07-02T12:39:00Z,Under,1.3,3.0
c798a1ffdeda28e82d930e7145a8ff10,2026-07-04T21:00:00Z,Paraguay,France,elimination,unibet_nl,Unibet (NL),2026-07-02T12:38:26Z,h2h,2026-07-02T12:38:26Z,France,1.18,
c798a1ffdeda28e82d930e7145a8ff10,2026-07-04T21:00:00Z,Paraguay,France,elimination,unibet_nl,Unibet (NL),2026-07-02T12:38:26Z,h2h,2026-07-02T12:38:26Z,Paraguay,20.0,
c798a1ffdeda28e82d930e7145a8ff10,2026-07-04T21:00:00Z,Paraguay,France,elimination,unibet_nl,Unibet (NL),2026-07-02T12:38:26Z,h2h,2026-07-02T12:38:26Z,Draw,7.5,
c798a1ffdeda28e82d930e7145a8ff10,2026-07-04T21:00:00Z,Paraguay,France,elimination,unibet_nl,Unibet (NL),2026-07-02T12:38:26Z,totals,2026-07-02T12:38:26Z,Over,1.56,2.5
c798a1ffdeda28e82d930e7145a8ff10,2026-07-04T21:00:00Z,Paraguay,France,elimination,unibet_nl,Unibet (NL),2026-07-02T12:38:26Z,totals,2026-07-02T12:38:26Z,Under,2.33,2.5
c798a1ffdeda28e82d930e7145a8ff10,2026-07-04T21:00:00Z,Paraguay,France,elimination,pmu_fr,PMU (FR),2026-07-02T12:39:25Z,h2h,2026-07-02T12:39:25Z,France,1.16,
c798a1ffdeda28e82d930e7145a8ff10,2026-07-04T21:00:00Z,Paraguay,France,elimination,pmu_fr,PMU (FR),2026-07-02T12:39:25Z,h2h,2026-07-02T12:39:25Z,Paraguay,18.0,
c798a1ffdeda28e82d930e7145a8ff10,2026-07-04T21:00:00Z,Paraguay,France,elimination,pmu_fr,PMU (FR),2026-07-02T12:39:25Z,h2h,2026-07-02T12:39:25Z,Draw,6.75,
c798a1ffdeda28e82d930e7145a8ff10,2026-07-04T21:00:00Z,Paraguay,France,elimination,pmu_fr,PMU (FR),2026-07-02T12:39:25Z,totals,2026-07-02T12:39:25Z,Over,1.54,2.5
c798a1ffdeda28e82d930e7145a8ff10,2026-07-04T21:00:00Z,Paraguay,France,elimination,pmu_fr,PMU (FR),2026-07-02T12:39:25Z,totals,2026-07-02T12:39:25Z,Under,2.28,2.5
c798a1ffdeda28e82d930e7145a8ff10,2026-07-04T21:00:00Z,Paraguay,France,elimination,leovegas_se,LeoVegas (SE),2026-07-02T12:39:25Z,h2h,2026-07-02T12:39:25Z,France,1.17,
c798a1ffdeda28e82d930e7145a8ff10,2026-07-04T21:00:00Z,Paraguay,France,elimination,leovegas_se,LeoVegas (SE),2026-07-02T12:39:25Z,h2h,2026-07-02T12:39:25Z,Paraguay,19.0,
c798a1ffdeda28e82d930e7145a8ff10,2026-07-04T21:00:00Z,Paraguay,France,elimination,leovegas_se,LeoVegas (SE),2026-07-02T12:39:25Z,h2h,2026-07-02T12:39:25Z,Draw,7.0,
c798a1ffdeda28e82d930e7145a8ff10,2026-07-04T21:00:00Z,Paraguay,France,elimination,unibet_se,Unibet (SE),2026-07-02T12:39:01Z,h2h,2026-07-02T12:39:01Z,France,1.18,
c798a1ffdeda28e82d930e7145a8ff10,2026-07-04T21:00:00Z,Paraguay,France,elimination,unibet_se,Unibet (SE),2026-07-02T12:39:01Z,h2h,2026-07-02T12:39:01Z,Paraguay,20.0,
c798a1ffdeda28e82d930e7145a8ff10,2026-07-04T21:00:00Z,Paraguay,France,elimination,unibet_se,Unibet (SE),2026-07-02T12:39:01Z,h2h,2026-07-02T12:39:01Z,Draw,7.5,
c798a1ffdeda28e82d930e7145a8ff10,2026-07-04T21:00:00Z,Paraguay,France,elimination,unibet_se,Unibet (SE),2026-07-02T12:39:01Z,totals,2026-07-02T12:39:01Z,Over,1.6,2.5
c798a1ffdeda28e82d930e7145a8ff10,2026-07-04T21:00:00Z,Paraguay,France,elimination,unibet_se,Unibet (SE),2026-07-02T12:39:01Z,totals,2026-07-02T12:39:01Z,Under,2.38,2.5
c798a1ffdeda28e82d930e7145a8ff10,2026-07-04T21:00:00Z,Paraguay,France,elimination,gtbets,GTbets,2026-07-02T12:39:26Z,h2h,2026-07-02T12:39:26Z,France,1.17,
c798a1ffdeda28e82d930e7145a8ff10,2026-07-04T21:00:00Z,Paraguay,France,elimination,gtbets,GTbets,2026-07-02T12:39:26Z,h2h,2026-07-02T12:39:26Z,Paraguay,15.57,
c798a1ffdeda28e82d930e7145a8ff10,2026-07-04T21:00:00Z,Paraguay,France,elimination,gtbets,GTbets,2026-07-02T12:39:26Z,h2h,2026-07-02T12:39:26Z,Draw,6.77,
c798a1ffdeda28e82d930e7145a8ff10,2026-07-04T21:00:00Z,Paraguay,France,elimination,gtbets,GTbets,2026-07-02T12:39:26Z,spreads,2026-07-02T12:39:26Z,France,1.61,-1.5
c798a1ffdeda28e82d930e7145a8ff10,2026-07-04T21:00:00Z,Paraguay,France,elimination,gtbets,GTbets,2026-07-02T12:39:26Z,spreads,2026-07-02T12:39:26Z,Paraguay,2.3,1.5
c798a1ffdeda28e82d930e7145a8ff10,2026-07-04T21:00:00Z,Paraguay,France,elimination,gtbets,GTbets,2026-07-02T12:39:26Z,totals,2026-07-02T12:39:26Z,Over,1.6,2.5
c798a1ffdeda28e82d930e7145a8ff10,2026-07-04T21:00:00Z,Paraguay,France,elimination,gtbets,GTbets,2026-07-02T12:39:26Z,totals,2026-07-02T12:39:26Z,Under,2.27,2.5
c798a1ffdeda28e82d930e7145a8ff10,2026-07-04T21:00:00Z,Paraguay,France,elimination,onexbet,1xBet,2026-07-02T12:39:00Z,h2h,2026-07-02T12:39:00Z,France,1.23,
c798a1ffdeda28e82d930e7145a8ff10,2026-07-04T21:00:00Z,Paraguay,France,elimination,onexbet,1xBet,2026-07-02T12:39:00Z,h2h,2026-07-02T12:39:00Z,Paraguay,16.5,
c798a1ffdeda28e82d930e7145a8ff10,2026-07-04T21:00:00Z,Paraguay,France,elimination,onexbet,1xBet,2026-07-02T12:39:00Z,h2h,2026-07-02T12:39:00Z,Draw,7.01,
c798a1ffdeda28e82d930e7145a8ff10,2026-07-04T21:00:00Z,Paraguay,France,elimination,onexbet,1xBet,2026-07-02T12:39:00Z,spreads,2026-07-02T12:39:00Z,France,1.64,-1.5
c798a1ffdeda28e82d930e7145a8ff10,2026-07-04T21:00:00Z,Paraguay,France,elimination,onexbet,1xBet,2026-07-02T12:39:00Z,spreads,2026-07-02T12:39:00Z,Paraguay,2.35,1.5
c798a1ffdeda28e82d930e7145a8ff10,2026-07-04T21:00:00Z,Paraguay,France,elimination,onexbet,1xBet,2026-07-02T12:39:00Z,totals,2026-07-02T12:39:00Z,Over,1.67,2.5
c798a1ffdeda28e82d930e7145a8ff10,2026-07-04T21:00:00Z,Paraguay,France,elimination,onexbet,1xBet,2026-07-02T12:39:00Z,totals,2026-07-02T12:39:00Z,Under,2.29,2.5
c798a1ffdeda28e82d930e7145a8ff10,2026-07-04T21:00:00Z,Paraguay,France,elimination,unibet_fr,Unibet (FR),2026-07-02T12:39:24Z,h2h,2026-07-02T12:39:24Z,France,1.18,
c798a1ffdeda28e82d930e7145a8ff10,2026-07-04T21:00:00Z,Paraguay,France,elimination,unibet_fr,Unibet (FR),2026-07-02T12:39:24Z,h2h,2026-07-02T12:39:24Z,Paraguay,17.0,
c798a1ffdeda28e82d930e7145a8ff10,2026-07-04T21:00:00Z,Paraguay,France,elimination,unibet_fr,Unibet (FR),2026-07-02T12:39:24Z,h2h,2026-07-02T12:39:24Z,Draw,7.1,
c798a1ffdeda28e82d930e7145a8ff10,2026-07-04T21:00:00Z,Paraguay,France,elimination,betclic_fr,Betclic (FR),2026-07-02T12:36:09Z,h2h,2026-07-02T12:36:09Z,France,1.18,
c798a1ffdeda28e82d930e7145a8ff10,2026-07-04T21:00:00Z,Paraguay,France,elimination,betclic_fr,Betclic (FR),2026-07-02T12:36:09Z,h2h,2026-07-02T12:36:09Z,Paraguay,16.0,
c798a1ffdeda28e82d930e7145a8ff10,2026-07-04T21:00:00Z,Paraguay,France,elimination,betclic_fr,Betclic (FR),2026-07-02T12:36:09Z,h2h,2026-07-02T12:36:09Z,Draw,7.25,
c798a1ffdeda28e82d930e7145a8ff10,2026-07-04T21:00:00Z,Paraguay,France,elimination,marathonbet,Marathon Bet,2026-07-02T12:39:01Z,h2h,2026-07-02T12:39:01Z,France,1.21,
c798a1ffdeda28e82d930e7145a8ff10,2026-07-04T21:00:00Z,Paraguay,France,elimination,marathonbet,Marathon Bet,2026-07-02T12:39:01Z,h2h,2026-07-02T12:39:01Z,Paraguay,16.5,
c798a1ffdeda28e82d930e7145a8ff10,2026-07-04T21:00:00Z,Paraguay,France,elimination,marathonbet,Marathon Bet,2026-07-02T12:39:01Z,h2h,2026-07-02T12:39:01Z,Draw,6.9,
c798a1ffdeda28e82d930e7145a8ff10,2026-07-04T21:00:00Z,Paraguay,France,elimination,mybookieag,MyBookie.ag,2026-07-02T12:37:31Z,h2h,2026-07-02T12:37:31Z,France,1.17,
c798a1ffdeda28e82d930e7145a8ff10,2026-07-04T21:00:00Z,Paraguay,France,elimination,mybookieag,MyBookie.ag,2026-07-02T12:37:31Z,h2h,2026-07-02T12:37:31Z,Paraguay,16.1,
c798a1ffdeda28e82d930e7145a8ff10,2026-07-04T21:00:00Z,Paraguay,France,elimination,mybookieag,MyBookie.ag,2026-07-02T12:37:31Z,h2h,2026-07-02T12:37:31Z,Draw,6.96,
c798a1ffdeda28e82d930e7145a8ff10,2026-07-04T21:00:00Z,Paraguay,France,elimination,mybookieag,MyBookie.ag,2026-07-02T12:37:31Z,spreads,2026-07-02T12:37:31Z,France,1.92,-2.0
c798a1ffdeda28e82d930e7145a8ff10,2026-07-04T21:00:00Z,Paraguay,France,elimination,mybookieag,MyBookie.ag,2026-07-02T12:37:31Z,spreads,2026-07-02T12:37:31Z,Paraguay,1.79,2.0
c798a1ffdeda28e82d930e7145a8ff10,2026-07-04T21:00:00Z,Paraguay,France,elimination,mybookieag,MyBookie.ag,2026-07-02T12:37:31Z,totals,2026-07-02T12:37:31Z,Over,1.94,3.0
c798a1ffdeda28e82d930e7145a8ff10,2026-07-04T21:00:00Z,Paraguay,France,elimination,mybookieag,MyBookie.ag,2026-07-02T12:37:31Z,totals,2026-07-02T12:37:31Z,Under,1.77,3.0
c798a1ffdeda28e82d930e7145a8ff10,2026-07-04T21:00:00Z,Paraguay,France,elimination,pinnacle,Pinnacle,2026-07-02T12:39:24Z,h2h,2026-07-02T12:39:24Z,France,1.19,
c798a1ffdeda28e82d930e7145a8ff10,2026-07-04T21:00:00Z,Paraguay,France,elimination,pinnacle,Pinnacle,2026-07-02T12:39:24Z,h2h,2026-07-02T12:39:24Z,Paraguay,17.5,
c798a1ffdeda28e82d930e7145a8ff10,2026-07-04T21:00:00Z,Paraguay,France,elimination,pinnacle,Pinnacle,2026-07-02T12:39:24Z,h2h,2026-07-02T12:39:24Z,Draw,7.19,
c798a1ffdeda28e82d930e7145a8ff10,2026-07-04T21:00:00Z,Paraguay,France,elimination,pinnacle,Pinnacle,2026-07-02T12:39:24Z,spreads,2026-07-02T12:39:24Z,France,2.02,-2.0
c798a1ffdeda28e82d930e7145a8ff10,2026-07-04T21:00:00Z,Paraguay,France,elimination,pinnacle,Pinnacle,2026-07-02T12:39:24Z,spreads,2026-07-02T12:39:24Z,Paraguay,1.88,2.0
c798a1ffdeda28e82d930e7145a8ff10,2026-07-04T21:00:00Z,Paraguay,France,elimination,pinnacle,Pinnacle,2026-07-02T12:39:24Z,totals,2026-07-02T12:39:24Z,Over,2.07,3.0
c798a1ffdeda28e82d930e7145a8ff10,2026-07-04T21:00:00Z,Paraguay,France,elimination,pinnacle,Pinnacle,2026-07-02T12:39:24Z,totals,2026-07-02T12:39:24Z,Under,1.83,3.0
c798a1ffdeda28e82d930e7145a8ff10,2026-07-04T21:00:00Z,Paraguay,France,elimination,winamax_fr,Winamax (FR),2026-07-02T12:38:51Z,h2h,2026-07-02T12:38:51Z,France,1.17,
c798a1ffdeda28e82d930e7145a8ff10,2026-07-04T21:00:00Z,Paraguay,France,elimination,winamax_fr,Winamax (FR),2026-07-02T12:38:51Z,h2h,2026-07-02T12:38:51Z,Paraguay,14.5,
c798a1ffdeda28e82d930e7145a8ff10,2026-07-04T21:00:00Z,Paraguay,France,elimination,winamax_fr,Winamax (FR),2026-07-02T12:38:51Z,h2h,2026-07-02T12:38:51Z,Draw,7.0,
c798a1ffdeda28e82d930e7145a8ff10,2026-07-04T21:00:00Z,Paraguay,France,elimination,winamax_de,Winamax (DE),2026-07-02T12:39:01Z,h2h,2026-07-02T12:39:01Z,France,1.18,
c798a1ffdeda28e82d930e7145a8ff10,2026-07-04T21:00:00Z,Paraguay,France,elimination,winamax_de,Winamax (DE),2026-07-02T12:39:01Z,h2h,2026-07-02T12:39:01Z,Paraguay,14.5,
c798a1ffdeda28e82d930e7145a8ff10,2026-07-04T21:00:00Z,Paraguay,France,elimination,winamax_de,Winamax (DE),2026-07-02T12:39:01Z,h2h,2026-07-02T12:39:01Z,Draw,7.25,
c798a1ffdeda28e82d930e7145a8ff10,2026-07-04T21:00:00Z,Paraguay,France,elimination,tipico_de,Tipico,2026-07-02T12:39:12Z,h2h,2026-07-02T12:39:12Z,France,1.17,
c798a1ffdeda28e82d930e7145a8ff10,2026-07-04T21:00:00Z,Paraguay,France,elimination,tipico_de,Tipico,2026-07-02T12:39:12Z,h2h,2026-07-02T12:39:12Z,Paraguay,18.0,
c798a1ffdeda28e82d930e7145a8ff10,2026-07-04T21:00:00Z,Paraguay,France,elimination,tipico_de,Tipico,2026-07-02T12:39:12Z,h2h,2026-07-02T12:39:12Z,Draw,7.2,
c798a1ffdeda28e82d930e7145a8ff10,2026-07-04T21:00:00Z,Paraguay,France,elimination,matchbook,Matchbook,2026-07-02T12:39:25Z,h2h,2026-07-02T12:39:25Z,France,1.2,
c798a1ffdeda28e82d930e7145a8ff10,2026-07-04T21:00:00Z,Paraguay,France,elimination,matchbook,Matchbook,2026-07-02T12:39:25Z,h2h,2026-07-02T12:39:25Z,Paraguay,24.0,
c798a1ffdeda28e82d930e7145a8ff10,2026-07-04T21:00:00Z,Paraguay,France,elimination,matchbook,Matchbook,2026-07-02T12:39:25Z,h2h,2026-07-02T12:39:25Z,Draw,7.6,
c798a1ffdeda28e82d930e7145a8ff10,2026-07-04T21:00:00Z,Paraguay,France,elimination,matchbook,Matchbook,2026-07-02T12:39:25Z,spreads,2026-07-02T12:39:25Z,France,2.04,-2.0
c798a1ffdeda28e82d930e7145a8ff10,2026-07-04T21:00:00Z,Paraguay,France,elimination,matchbook,Matchbook,2026-07-02T12:39:25Z,spreads,2026-07-02T12:39:25Z,Paraguay,1.91,2.0
c798a1ffdeda28e82d930e7145a8ff10,2026-07-04T21:00:00Z,Paraguay,France,elimination,betfair_ex_eu,Betfair,2026-07-02T12:39:24Z,h2h,2026-07-02T12:39:24Z,France,1.2,
c798a1ffdeda28e82d930e7145a8ff10,2026-07-04T21:00:00Z,Paraguay,France,elimination,betfair_ex_eu,Betfair,2026-07-02T12:39:24Z,h2h,2026-07-02T12:39:24Z,Paraguay,24.0,
c798a1ffdeda28e82d930e7145a8ff10,2026-07-04T21:00:00Z,Paraguay,France,elimination,betfair_ex_eu,Betfair,2026-07-02T12:39:24Z,h2h,2026-07-02T12:39:24Z,Draw,7.6,
c798a1ffdeda28e82d930e7145a8ff10,2026-07-04T21:00:00Z,Paraguay,France,elimination,nordicbet,Nordic Bet,2026-07-02T12:39:12Z,h2h,2026-07-02T12:39:12Z,France,1.21,
c798a1ffdeda28e82d930e7145a8ff10,2026-07-04T21:00:00Z,Paraguay,France,elimination,nordicbet,Nordic Bet,2026-07-02T12:39:12Z,h2h,2026-07-02T12:39:12Z,Paraguay,20.0,
c798a1ffdeda28e82d930e7145a8ff10,2026-07-04T21:00:00Z,Paraguay,France,elimination,nordicbet,Nordic Bet,2026-07-02T12:39:12Z,h2h,2026-07-02T12:39:12Z,Draw,6.6,
c798a1ffdeda28e82d930e7145a8ff10,2026-07-04T21:00:00Z,Paraguay,France,elimination,nordicbet,Nordic Bet,2026-07-02T12:39:12Z,totals,2026-07-02T12:39:12Z,Over,1.65,2.5
c798a1ffdeda28e82d930e7145a8ff10,2026-07-04T21:00:00Z,Paraguay,France,elimination,nordicbet,Nordic Bet,2026-07-02T12:39:12Z,totals,2026-07-02T12:39:12Z,Under,2.32,2.5
c798a1ffdeda28e82d930e7145a8ff10,2026-07-04T21:00:00Z,Paraguay,France,elimination,betsson,Betsson,2026-07-02T12:39:12Z,h2h,2026-07-02T12:39:12Z,France,1.21,
c798a1ffdeda28e82d930e7145a8ff10,2026-07-04T21:00:00Z,Paraguay,France,elimination,betsson,Betsson,2026-07-02T12:39:12Z,h2h,2026-07-02T12:39:12Z,Paraguay,20.0,
c798a1ffdeda28e82d930e7145a8ff10,2026-07-04T21:00:00Z,Paraguay,France,elimination,betsson,Betsson,2026-07-02T12:39:12Z,h2h,2026-07-02T12:39:12Z,Draw,6.6,
c798a1ffdeda28e82d930e7145a8ff10,2026-07-04T21:00:00Z,Paraguay,France,elimination,betsson,Betsson,2026-07-02T12:39:12Z,totals,2026-07-02T12:39:12Z,Over,1.65,2.5
c798a1ffdeda28e82d930e7145a8ff10,2026-07-04T21:00:00Z,Paraguay,France,elimination,betsson,Betsson,2026-07-02T12:39:12Z,totals,2026-07-02T12:39:12Z,Under,2.32,2.5
c798a1ffdeda28e82d930e7145a8ff10,2026-07-04T21:00:00Z,Paraguay,France,elimination,sport888,888sport,2026-07-02T12:39:01Z,h2h,2026-07-02T12:39:01Z,France,1.18,
c798a1ffdeda28e82d930e7145a8ff10,2026-07-04T21:00:00Z,Paraguay,France,elimination,sport888,888sport,2026-07-02T12:39:01Z,h2h,2026-07-02T12:39:01Z,Paraguay,13.0,
c798a1ffdeda28e82d930e7145a8ff10,2026-07-04T21:00:00Z,Paraguay,France,elimination,sport888,888sport,2026-07-02T12:39:01Z,h2h,2026-07-02T12:39:01Z,Draw,6.0,
c798a1ffdeda28e82d930e7145a8ff10,2026-07-04T21:00:00Z,Paraguay,France,elimination,williamhill,William Hill,2026-07-02T12:39:26Z,h2h,2026-07-02T12:39:26Z,France,1.2,
c798a1ffdeda28e82d930e7145a8ff10,2026-07-04T21:00:00Z,Paraguay,France,elimination,williamhill,William Hill,2026-07-02T12:39:26Z,h2h,2026-07-02T12:39:26Z,Paraguay,13.0,
c798a1ffdeda28e82d930e7145a8ff10,2026-07-04T21:00:00Z,Paraguay,France,elimination,williamhill,William Hill,2026-07-02T12:39:26Z,h2h,2026-07-02T12:39:26Z,Draw,6.0,
c798a1ffdeda28e82d930e7145a8ff10,2026-07-04T21:00:00Z,Paraguay,France,elimination,williamhill,William Hill,2026-07-02T12:39:26Z,totals,2026-07-02T12:39:26Z,Over,1.57,2.5
c798a1ffdeda28e82d930e7145a8ff10,2026-07-04T21:00:00Z,Paraguay,France,elimination,williamhill,William Hill,2026-07-02T12:39:26Z,totals,2026-07-02T12:39:26Z,Under,2.3,2.5
c798a1ffdeda28e82d930e7145a8ff10,2026-07-04T21:00:00Z,Paraguay,France,elimination,betonlineag,BetOnline.ag,2026-07-02T12:39:25Z,h2h,2026-07-02T12:39:25Z,France,1.19,
c798a1ffdeda28e82d930e7145a8ff10,2026-07-04T21:00:00Z,Paraguay,France,elimination,betonlineag,BetOnline.ag,2026-07-02T12:39:25Z,h2h,2026-07-02T12:39:25Z,Paraguay,18.0,
c798a1ffdeda28e82d930e7145a8ff10,2026-07-04T21:00:00Z,Paraguay,France,elimination,betonlineag,BetOnline.ag,2026-07-02T12:39:25Z,h2h,2026-07-02T12:39:25Z,Draw,7.2,
c798a1ffdeda28e82d930e7145a8ff10,2026-07-04T21:00:00Z,Paraguay,France,elimination,betonlineag,BetOnline.ag,2026-07-02T12:39:25Z,spreads,2026-07-02T12:39:25Z,France,1.99,-2.0
c798a1ffdeda28e82d930e7145a8ff10,2026-07-04T21:00:00Z,Paraguay,France,elimination,betonlineag,BetOnline.ag,2026-07-02T12:39:25Z,spreads,2026-07-02T12:39:25Z,Paraguay,1.87,2.0
c798a1ffdeda28e82d930e7145a8ff10,2026-07-04T21:00:00Z,Paraguay,France,elimination,betonlineag,BetOnline.ag,2026-07-02T12:39:25Z,totals,2026-07-02T12:39:25Z,Over,2.09,3.0
c798a1ffdeda28e82d930e7145a8ff10,2026-07-04T21:00:00Z,Paraguay,France,elimination,betonlineag,BetOnline.ag,2026-07-02T12:39:25Z,totals,2026-07-02T12:39:25Z,Under,1.8,3.0
c798a1ffdeda28e82d930e7145a8ff10,2026-07-04T21:00:00Z,Paraguay,France,elimination,codere_it,Codere (IT),2026-07-02T12:39:13Z,h2h,2026-07-02T12:39:12Z,France,1.19,
c798a1ffdeda28e82d930e7145a8ff10,2026-07-04T21:00:00Z,Paraguay,France,elimination,codere_it,Codere (IT),2026-07-02T12:39:13Z,h2h,2026-07-02T12:39:12Z,Paraguay,16.0,
c798a1ffdeda28e82d930e7145a8ff10,2026-07-04T21:00:00Z,Paraguay,France,elimination,codere_it,Codere (IT),2026-07-02T12:39:13Z,h2h,2026-07-02T12:39:12Z,Draw,7.0,
c798a1ffdeda28e82d930e7145a8ff10,2026-07-04T21:00:00Z,Paraguay,France,elimination,codere_it,Codere (IT),2026-07-02T12:39:13Z,totals,2026-07-02T12:39:12Z,Over,1.57,2.5
c798a1ffdeda28e82d930e7145a8ff10,2026-07-04T21:00:00Z,Paraguay,France,elimination,codere_it,Codere (IT),2026-07-02T12:39:13Z,totals,2026-07-02T12:39:12Z,Under,2.21,2.5
c798a1ffdeda28e82d930e7145a8ff10,2026-07-04T21:00:00Z,Paraguay,France,elimination,everygame,Everygame,2026-07-02T12:38:52Z,h2h,2026-07-02T12:38:52Z,France,1.18,
c798a1ffdeda28e82d930e7145a8ff10,2026-07-04T21:00:00Z,Paraguay,France,elimination,everygame,Everygame,2026-07-02T12:38:52Z,h2h,2026-07-02T12:38:52Z,Paraguay,17.0,
c798a1ffdeda28e82d930e7145a8ff10,2026-07-04T21:00:00Z,Paraguay,France,elimination,everygame,Everygame,2026-07-02T12:38:52Z,h2h,2026-07-02T12:38:52Z,Draw,6.75,
c798a1ffdeda28e82d930e7145a8ff10,2026-07-04T21:00:00Z,Paraguay,France,elimination,coolbet,Coolbet,2026-07-02T12:39:00Z,h2h,2026-07-02T12:39:00Z,France,1.2,
c798a1ffdeda28e82d930e7145a8ff10,2026-07-04T21:00:00Z,Paraguay,France,elimination,coolbet,Coolbet,2026-07-02T12:39:00Z,h2h,2026-07-02T12:39:00Z,Paraguay,19.0,
c798a1ffdeda28e82d930e7145a8ff10,2026-07-04T21:00:00Z,Paraguay,France,elimination,coolbet,Coolbet,2026-07-02T12:39:00Z,h2h,2026-07-02T12:39:00Z,Draw,7.2,
c798a1ffdeda28e82d930e7145a8ff10,2026-07-04T21:00:00Z,Paraguay,France,elimination,coolbet,Coolbet,2026-07-02T12:39:00Z,totals,2026-07-02T12:39:00Z,Over,2.05,3.0
c798a1ffdeda28e82d930e7145a8ff10,2026-07-04T21:00:00Z,Paraguay,France,elimination,coolbet,Coolbet,2026-07-02T12:39:00Z,totals,2026-07-02T12:39:00Z,Under,1.83,3.0
