event_id,commence_time,home_team,away_team,game_stage,bookmaker_key,bookmaker,bookmaker_last_update,market,market_last_update,outcome,price,point
9c7073ae2c29ee4881bb695f92168c68,2026-07-04T17:00:00Z,Canada,Morocco,elimination,pmu_fr,PMU (FR),2026-07-04T08:48:50Z,h2h,2026-07-04T08:48:50Z,Canada,5.1,
9c7073ae2c29ee4881bb695f92168c68,2026-07-04T17:00:00Z,Canada,Morocco,elimination,pmu_fr,PMU (FR),2026-07-04T08:48:50Z,h2h,2026-07-04T08:48:50Z,Morocco,1.73,
9c7073ae2c29ee4881bb695f92168c68,2026-07-04T17:00:00Z,Canada,Morocco,elimination,pmu_fr,PMU (FR),2026-07-04T08:48:50Z,h2h,2026-07-04T08:48:50Z,Draw,3.35,
9c7073ae2c29ee4881bb695f92168c68,2026-07-04T17:00:00Z,Canada,Morocco,elimination,pmu_fr,PMU (FR),2026-07-04T08:48:50Z,totals,2026-07-04T08:48:50Z,Over,2.12,2.5
9c7073ae2c29ee4881bb695f92168c68,2026-07-04T17:00:00Z,Canada,Morocco,elimination,pmu_fr,PMU (FR),2026-07-04T08:48:50Z,totals,2026-07-04T08:48:50Z,Under,1.63,2.5
9c7073ae2c29ee4881bb695f92168c68,2026-07-04T17:00:00Z,Canada,Morocco,elimination,unibet_nl,Unibet (NL),2026-07-04T08:49:13Z,h2h,2026-07-04T08:49:13Z,Canada,5.5,
9c7073ae2c29ee4881bb695f92168c68,2026-07-04T17:00:00Z,Canada,Morocco,elimination,unibet_nl,Unibet (NL),2026-07-04T08:49:13Z,h2h,2026-07-04T08:49:13Z,Morocco,1.79,
9c7073ae2c29ee4881bb695f92168c68,2026-07-04T17:00:00Z,Canada,Morocco,elimination,unibet_nl,Unibet (NL),2026-07-04T08:49:13Z,h2h,2026-07-04T08:49:13Z,Draw,3.5,
9c7073ae2c29ee4881bb695f92168c68,2026-07-04T17:00:00Z,Canada,Morocco,elimination,unibet_nl,Unibet (NL),2026-07-04T08:49:13Z,totals,2026-07-04T08:49:13Z,Over,2.16,2.5
9c7073ae2c29ee4881bb695f92168c68,2026-07-04T17:00:00Z,Canada,Morocco,elimination,unibet_nl,Unibet (NL),2026-07-04T08:49:13Z,totals,2026-07-04T08:49:13Z,Under,1.66,2.5
9c7073ae2c29ee4881bb695f92168c68,2026-07-04T17:00:00Z,Canada,Morocco,elimination,leovegas_se,LeoVegas (SE),2026-07-04T08:49:12Z,h2h,2026-07-04T08:49:12Z,Canada,5.3,
9c7073ae2c29ee4881bb695f92168c68,2026-07-04T17:00:00Z,Canada,Morocco,elimination,leovegas_se,LeoVegas (SE),2026-07-04T08:49:12Z,h2h,2026-07-04T08:49:12Z,Morocco,1.76,
9c7073ae2c29ee4881bb695f92168c68,2026-07-04T17:00:00Z,Canada,Morocco,elimination,leovegas_se,LeoVegas (SE),2026-07-04T08:49:12Z,h2h,2026-07-04T08:49:12Z,Draw,3.4,
9c7073ae2c29ee4881bb695f92168c68,2026-07-04T17:00:00Z,Canada,Morocco,elimination,unibet_se,Unibet (SE),2026-07-04T08:49:13Z,h2h,2026-07-04T08:49:13Z,Canada,5.5,
9c7073ae2c29ee4881bb695f92168c68,2026-07-04T17:00:00Z,Canada,Morocco,elimination,unibet_se,Unibet (SE),2026-07-04T08:49:13Z,h2h,2026-07-04T08:49:13Z,Morocco,1.79,
9c7073ae2c29ee4881bb695f92168c68,2026-07-04T17:00:00Z,Canada,Morocco,elimination,unibet_se,Unibet (SE),2026-07-04T08:49:13Z,h2h,2026-07-04T08:49:13Z,Draw,3.5,
9c7073ae2c29ee4881bb695f92168c68,2026-07-04T17:00:00Z,Canada,Morocco,elimination,unibet_se,Unibet (SE),2026-07-04T08:49:13Z,totals,2026-07-04T08:49:13Z,Over,2.2,2.5
9c7073ae2c29ee4881bb695f92168c68,2026-07-04T17:00:00Z,Canada,Morocco,elimination,unibet_se,Unibet (SE),2026-07-04T08:49:13Z,totals,2026-07-04T08:49:13Z,Under,1.68,2.5
9c7073ae2c29ee4881bb695f92168c68,2026-07-04T17:00:00Z,Canada,Morocco,elimination,betclic_fr,Betclic (FR),2026-07-04T08:46:50Z,h2h,2026-07-04T08:46:50Z,Canada,5.25,
9c7073ae2c29ee4881bb695f92168c68,2026-07-04T17:00:00Z,Canada,Morocco,elimination,betclic_fr,Betclic (FR),2026-07-04T08:46:50Z,h2h,2026-07-04T08:46:50Z,Morocco,1.8,
9c7073ae2c29ee4881bb695f92168c68,2026-07-04T17:00:00Z,Canada,Morocco,elimination,betclic_fr,Betclic (FR),2026-07-04T08:46:50Z,h2h,2026-07-04T08:46:50Z,Draw,3.5,
9c7073ae2c29ee4881bb695f92168c68,2026-07-04T17:00:00Z,Canada,Morocco,elimination,winamax_de,Winamax (DE),2026-07-04T08:49:02Z,h2h,2026-07-04T08:49:02Z,Canada,4.8,
9c7073ae2c29ee4881bb695f92168c68,2026-07-04T17:00:00Z,Canada,Morocco,elimination,winamax_de,Winamax (DE),2026-07-04T08:49:02Z,h2h,2026-07-04T08:49:02Z,Morocco,1.8,
9c7073ae2c29ee4881bb695f92168c68,2026-07-04T17:00:00Z,Canada,Morocco,elimination,winamax_de,Winamax (DE),2026-07-04T08:49:02Z,h2h,2026-07-04T08:49:02Z,Draw,3.5,
9c7073ae2c29ee4881bb695f92168c68,2026-07-04T17:00:00Z,Canada,Morocco,elimination,winamax_fr,Winamax (FR),2026-07-04T08:49:24Z,h2h,2026-07-04T08:49:24Z,Canada,4.75,
9c7073ae2c29ee4881bb695f92168c68,2026-07-04T17:00:00Z,Canada,Morocco,elimination,winamax_fr,Winamax (FR),2026-07-04T08:49:24Z,h2h,2026-07-04T08:49:24Z,Morocco,1.8,
9c7073ae2c29ee4881bb695f92168c68,2026-07-04T17:00:00Z,Canada,Morocco,elimination,winamax_fr,Winamax (FR),2026-07-04T08:49:24Z,h2h,2026-07-04T08:49:24Z,Draw,3.5,
9c7073ae2c29ee4881bb695f92168c68,2026-07-04T17:00:00Z,Canada,Morocco,elimination,unibet_fr,Unibet (FR),2026-07-04T08:49:45Z,h2h,2026-07-04T08:49:45Z,Canada,5.5,
9c7073ae2c29ee4881bb695f92168c68,2026-07-04T17:00:00Z,Canada,Morocco,elimination,unibet_fr,Unibet (FR),2026-07-04T08:49:45Z,h2h,2026-07-04T08:49:45Z,Morocco,1.78,
9c7073ae2c29ee4881bb695f92168c68,2026-07-04T17:00:00Z,Canada,Morocco,elimination,unibet_fr,Unibet (FR),2026-07-04T08:49:45Z,h2h,2026-07-04T08:49:45Z,Draw,3.5,
9c7073ae2c29ee4881bb695f92168c68,2026-07-04T17:00:00Z,Canada,Morocco,elimination,codere_it,Codere (IT),2026-07-04T08:49:01Z,h2h,2026-07-04T08:49:01Z,Canada,5.0,
9c7073ae2c29ee4881bb695f92168c68,2026-07-04T17:00:00Z,Canada,Morocco,elimination,codere_it,Codere (IT),2026-07-04T08:49:01Z,h2h,2026-07-04T08:49:01Z,Morocco,1.79,
9c7073ae2c29ee4881bb695f92168c68,2026-07-04T17:00:00Z,Canada,Morocco,elimination,codere_it,Codere (IT),2026-07-04T08:49:01Z,h2h,2026-07-04T08:49:01Z,Draw,3.45,
9c7073ae2c29ee4881bb695f92168c68,2026-07-04T17:00:00Z,Canada,Morocco,elimination,codere_it,Codere (IT),2026-07-04T08:49:01Z,totals,2026-07-04T08:49:01Z,Over,2.0,2.5
9c7073ae2c29ee4881bb695f92168c68,2026-07-04T17:00:00Z,Canada,Morocco,elimination,codere_it,Codere (IT),2026-07-04T08:49:01Z,totals,2026-07-04T08:49:01Z,Under,1.7,2.5
9c7073ae2c29ee4881bb695f92168c68,2026-07-04T17:00:00Z,Canada,Morocco,elimination,pinnacle,Pinnacle,2026-07-04T08:49:46Z,h2h,2026-07-04T08:49:46Z,Canada,5.55,
9c7073ae2c29ee4881bb695f92168c68,2026-07-04T17:00:00Z,Canada,Morocco,elimination,pinnacle,Pinnacle,2026-07-04T08:49:46Z,h2h,2026-07-04T08:49:46Z,Morocco,1.8,
9c7073ae2c29ee4881bb695f92168c68,2026-07-04T17:00:00Z,Canada,Morocco,elimination,pinnacle,Pinnacle,2026-07-04T08:49:46Z,h2h,2026-07-04T08:49:46Z,Draw,3.46,
9c7073ae2c29ee4881bb695f92168c68,2026-07-04T17:00:00Z,Canada,Morocco,elimination,pinnacle,Pinnacle,2026-07-04T08:49:46Z,spreads,2026-07-04T08:49:46Z,Canada,2.15,0.5
9c7073ae2c29ee4881bb695f92168c68,2026-07-04T17:00:00Z,Canada,Morocco,elimination,pinnacle,Pinnacle,2026-07-04T08:49:46Z,spreads,2026-07-04T08:49:46Z,Morocco,1.8,-0.5
9c7073ae2c29ee4881bb695f92168c68,2026-07-04T17:00:00Z,Canada,Morocco,elimination,pinnacle,Pinnacle,2026-07-04T08:49:46Z,totals,2026-07-04T08:49:46Z,Over,1.97,2.25
9c7073ae2c29ee4881bb695f92168c68,2026-07-04T17:00:00Z,Canada,Morocco,elimination,pinnacle,Pinnacle,2026-07-04T08:49:46Z,totals,2026-07-04T08:49:46Z,Under,1.93,2.25
9c7073ae2c29ee4881bb695f92168c68,2026-07-04T17:00:00Z,Canada,Morocco,elimination,mybookieag,MyBookie.ag,2026-07-04T08:49:45Z,h2h,2026-07-04T08:49:45Z,Canada,4.9,
9c7073ae2c29ee4881bb695f92168c68,2026-07-04T17:00:00Z,Canada,Morocco,elimination,mybookieag,MyBookie.ag,2026-07-04T08:49:45Z,h2h,2026-07-04T08:49:45Z,Morocco,1.78,
9c7073ae2c29ee4881bb695f92168c68,2026-07-04T17:00:00Z,Canada,Morocco,elimination,mybookieag,MyBookie.ag,2026-07-04T08:49:45Z,h2h,2026-07-04T08:49:45Z,Draw,3.38,
9c7073ae2c29ee4881bb695f92168c68,2026-07-04T17:00:00Z,Canada,Morocco,elimination,mybookieag,MyBookie.ag,2026-07-04T08:49:45Z,spreads,2026-07-04T08:49:45Z,Canada,2.04,0.5
9c7073ae2c29ee4881bb695f92168c68,2026-07-04T17:00:00Z,Canada,Morocco,elimination,mybookieag,MyBookie.ag,2026-07-04T08:49:45Z,spreads,2026-07-04T08:49:45Z,Morocco,1.78,-0.5
9c7073ae2c29ee4881bb695f92168c68,2026-07-04T17:00:00Z,Canada,Morocco,elimination,mybookieag,MyBookie.ag,2026-07-04T08:49:45Z,totals,2026-07-04T08:49:45Z,Over,2.08,2.5
9c7073ae2c29ee4881bb695f92168c68,2026-07-04T17:00:00Z,Canada,Morocco,elimination,mybookieag,MyBookie.ag,2026-07-04T08:49:45Z,totals,2026-07-04T08:49:45Z,Under,1.75,2.5
9c7073ae2c29ee4881bb695f92168c68,2026-07-04T17:00:00Z,Canada,Morocco,elimination,tipico_de,Tipico,2026-07-04T08:49:12Z,h2h,2026-07-04T08:49:12Z,Canada,5.5,
9c7073ae2c29ee4881bb695f92168c68,2026-07-04T17:00:00Z,Canada,Morocco,elimination,tipico_de,Tipico,2026-07-04T08:49:12Z,h2h,2026-07-04T08:49:12Z,Morocco,1.72,
9c7073ae2c29ee4881bb695f92168c68,2026-07-04T17:00:00Z,Canada,Morocco,elimination,tipico_de,Tipico,2026-07-04T08:49:12Z,h2h,2026-07-04T08:49:12Z,Draw,3.5,
9c7073ae2c29ee4881bb695f92168c68,2026-07-04T17:00:00Z,Canada,Morocco,elimination,gtbets,GTbets,2026-07-04T08:49:24Z,h2h,2026-07-04T08:49:24Z,Canada,5.01,
9c7073ae2c29ee4881bb695f92168c68,2026-07-04T17:00:00Z,Canada,Morocco,elimination,gtbets,GTbets,2026-07-04T08:49:24Z,h2h,2026-07-04T08:49:24Z,Morocco,1.88,
9c7073ae2c29ee4881bb695f92168c68,2026-07-04T17:00:00Z,Canada,Morocco,elimination,gtbets,GTbets,2026-07-04T08:49:24Z,h2h,2026-07-04T08:49:24Z,Draw,3.46,
9c7073ae2c29ee4881bb695f92168c68,2026-07-04T17:00:00Z,Canada,Morocco,elimination,gtbets,GTbets,2026-07-04T08:49:24Z,spreads,2026-07-04T08:49:24Z,Canada,2.02,0.5
9c7073ae2c29ee4881bb695f92168c68,2026-07-04T17:00:00Z,Canada,Morocco,elimination,gtbets,GTbets,2026-07-04T08:49:24Z,spreads,2026-07-04T08:49:24Z,Morocco,1.81,-0.5
9c7073ae2c29ee4881bb695f92168c68,2026-07-04T17:00:00Z,Canada,Morocco,elimination,gtbets,GTbets,2026-07-04T08:49:24Z,totals,2026-07-04T08:49:24Z,Over,2.25,2.5
9c7073ae2c29ee4881bb695f92168c68,2026-07-04T17:00:00Z,Canada,Morocco,elimination,gtbets,GTbets,2026-07-04T08:49:24Z,totals,2026-07-04T08:49:24Z,Under,1.65,2.5
9c7073ae2c29ee4881bb695f92168c68,2026-07-04T17:00:00Z,Canada,Morocco,elimination,marathonbet,Marathon Bet,2026-07-04T08:49:02Z,h2h,2026-07-04T08:49:02Z,Canada,5.25,
9c7073ae2c29ee4881bb695f92168c68,2026-07-04T17:00:00Z,Canada,Morocco,elimination,marathonbet,Marathon Bet,2026-07-04T08:49:02Z,h2h,2026-07-04T08:49:02Z,Morocco,1.76,
9c7073ae2c29ee4881bb695f92168c68,2026-07-04T17:00:00Z,Canada,Morocco,elimination,marathonbet,Marathon Bet,2026-07-04T08:49:02Z,h2h,2026-07-04T08:49:02Z,Draw,3.44,
9c7073ae2c29ee4881bb695f92168c68,2026-07-04T17:00:00Z,Canada,Morocco,elimination,matchbook,Matchbook,2026-07-04T08:49:45Z,h2h,2026-07-04T08:49:45Z,Canada,5.6,
9c7073ae2c29ee4881bb695f92168c68,2026-07-04T17:00:00Z,Canada,Morocco,elimination,matchbook,Matchbook,2026-07-04T08:49:45Z,h2h,2026-07-04T08:49:45Z,Morocco,1.83,
9c7073ae2c29ee4881bb695f92168c68,2026-07-04T17:00:00Z,Canada,Morocco,elimination,matchbook,Matchbook,2026-07-04T08:49:45Z,h2h,2026-07-04T08:49:45Z,Draw,3.55,
9c7073ae2c29ee4881bb695f92168c68,2026-07-04T17:00:00Z,Canada,Morocco,elimination,matchbook,Matchbook,2026-07-04T08:49:45Z,spreads,2026-07-04T08:49:45Z,Canada,1.89,0.75
9c7073ae2c29ee4881bb695f92168c68,2026-07-04T17:00:00Z,Canada,Morocco,elimination,matchbook,Matchbook,2026-07-04T08:49:45Z,spreads,2026-07-04T08:49:45Z,Morocco,2.1,-0.75
9c7073ae2c29ee4881bb695f92168c68,2026-07-04T17:00:00Z,Canada,Morocco,elimination,betfair_ex_eu,Betfair,2026-07-04T08:49:34Z,h2h,2026-07-04T08:49:34Z,Canada,5.6,
9c7073ae2c29ee4881bb695f92168c68,2026-07-04T17:00:00Z,Canada,Morocco,elimination,betfair_ex_eu,Betfair,2026-07-04T08:49:34Z,h2h,2026-07-04T08:49:34Z,Morocco,1.83,
9c7073ae2c29ee4881bb695f92168c68,2026-07-04T17:00:00Z,Canada,Morocco,elimination,betfair_ex_eu,Betfair,2026-07-04T08:49:34Z,h2h,2026-07-04T08:49:34Z,Draw,3.55,
9c7073ae2c29ee4881bb695f92168c68,2026-07-04T17:00:00Z,Canada,Morocco,elimination,nordicbet,Nordic Bet,2026-07-04T08:49:12Z,h2h,2026-07-04T08:49:12Z,Canada,5.2,
9c7073ae2c29ee4881bb695f92168c68,2026-07-04T17:00:00Z,Canada,Morocco,elimination,nordicbet,Nordic Bet,2026-07-04T08:49:12Z,h2h,2026-07-04T08:49:12Z,Morocco,1.82,
9c7073ae2c29ee4881bb695f92168c68,2026-07-04T17:00:00Z,Canada,Morocco,elimination,nordicbet,Nordic Bet,2026-07-04T08:49:12Z,h2h,2026-07-04T08:49:12Z,Draw,3.45,
9c7073ae2c29ee4881bb695f92168c68,2026-07-04T17:00:00Z,Canada,Morocco,elimination,nordicbet,Nordic Bet,2026-07-04T08:49:12Z,totals,2026-07-04T08:49:12Z,Over,2.25,2.5
9c7073ae2c29ee4881bb695f92168c68,2026-07-04T17:00:00Z,Canada,Morocco,elimination,nordicbet,Nordic Bet,2026-07-04T08:49:12Z,totals,2026-07-04T08:49:12Z,Under,1.68,2.5
9c7073ae2c29ee4881bb695f92168c68,2026-07-04T17:00:00Z,Canada,Morocco,elimination,betsson,Betsson,2026-07-04T08:48:07Z,h2h,2026-07-04T08:48:07Z,Canada,5.2,
9c7073ae2c29ee4881bb695f92168c68,2026-07-04T17:00:00Z,Canada,Morocco,elimination,betsson,Betsson,2026-07-04T08:48:07Z,h2h,2026-07-04T08:48:07Z,Morocco,1.82,
9c7073ae2c29ee4881bb695f92168c68,2026-07-04T17:00:00Z,Canada,Morocco,elimination,betsson,Betsson,2026-07-04T08:48:07Z,h2h,2026-07-04T08:48:07Z,Draw,3.45,
9c7073ae2c29ee4881bb695f92168c68,2026-07-04T17:00:00Z,Canada,Morocco,elimination,betsson,Betsson,2026-07-04T08:48:07Z,totals,2026-07-04T08:48:07Z,Over,2.25,2.5
9c7073ae2c29ee4881bb695f92168c68,2026-07-04T17:00:00Z,Canada,Morocco,elimination,betsson,Betsson,2026-07-04T08:48:07Z,totals,2026-07-04T08:48:07Z,Under,1.68,2.5
9c7073ae2c29ee4881bb695f92168c68,2026-07-04T17:00:00Z,Canada,Morocco,elimination,onexbet,1xBet,2026-07-04T08:49:02Z,h2h,2026-07-04T08:49:01Z,Canada,5.42,
9c7073ae2c29ee4881bb695f92168c68,2026-07-04T17:00:00Z,Canada,Morocco,elimination,onexbet,1xBet,2026-07-04T08:49:02Z,h2h,2026-07-04T08:49:01Z,Morocco,1.82,
9c7073ae2c29ee4881bb695f92168c68,2026-07-04T17:00:00Z,Canada,Morocco,elimination,onexbet,1xBet,2026-07-04T08:49:02Z,h2h,2026-07-04T08:49:01Z,Draw,3.56,
9c7073ae2c29ee4881bb695f92168c68,2026-07-04T17:00:00Z,Canada,Morocco,elimination,onexbet,1xBet,2026-07-04T08:49:02Z,spreads,2026-07-04T08:49:01Z,Canada,1.33,1.5
9c7073ae2c29ee4881bb695f92168c68,2026-07-04T17:00:00Z,Canada,Morocco,elimination,onexbet,1xBet,2026-07-04T08:49:02Z,spreads,2026-07-04T08:49:01Z,Morocco,3.52,-1.5
9c7073ae2c29ee4881bb695f92168c68,2026-07-04T17:00:00Z,Canada,Morocco,elimination,onexbet,1xBet,2026-07-04T08:49:02Z,totals,2026-07-04T08:49:01Z,Over,2.23,2.5
9c7073ae2c29ee4881bb695f92168c68,2026-07-04T17:00:00Z,Canada,Morocco,elimination,onexbet,1xBet,2026-07-04T08:49:02Z,totals,2026-07-04T08:49:01Z,Under,1.7,2.5
9c7073ae2c29ee4881bb695f92168c68,2026-07-04T17:00:00Z,Canada,Morocco,elimination,sport888,888sport,2026-07-04T08:49:02Z,h2h,2026-07-04T08:49:02Z,Canada,4.8,
9c7073ae2c29ee4881bb695f92168c68,2026-07-04T17:00:00Z,Canada,Morocco,elimination,sport888,888sport,2026-07-04T08:49:02Z,h2h,2026-07-04T08:49:02Z,Morocco,1.75,
9c7073ae2c29ee4881bb695f92168c68,2026-07-04T17:00:00Z,Canada,Morocco,elimination,sport888,888sport,2026-07-04T08:49:02Z,h2h,2026-07-04T08:49:02Z,Draw,3.2,
9c7073ae2c29ee4881bb695f92168c68,2026-07-04T17:00:00Z,Canada,Morocco,elimination,williamhill,William Hill,2026-07-04T08:49:45Z,h2h,2026-07-04T08:49:45Z,Canada,5.0,
9c7073ae2c29ee4881bb695f92168c68,2026-07-04T17:00:00Z,Canada,Morocco,elimination,williamhill,William Hill,2026-07-04T08:49:45Z,h2h,2026-07-04T08:49:45Z,Morocco,1.75,
9c7073ae2c29ee4881bb695f92168c68,2026-07-04T17:00:00Z,Canada,Morocco,elimination,williamhill,William Hill,2026-07-04T08:49:45Z,h2h,2026-07-04T08:49:45Z,Draw,3.3,
9c7073ae2c29ee4881bb695f92168c68,2026-07-04T17:00:00Z,Canada,Morocco,elimination,williamhill,William Hill,2026-07-04T08:49:45Z,totals,2026-07-04T08:49:45Z,Over,2.1,2.5
9c7073ae2c29ee4881bb695f92168c68,2026-07-04T17:00:00Z,Canada,Morocco,elimination,williamhill,William Hill,2026-07-04T08:49:45Z,totals,2026-07-04T08:49:45Z,Under,1.67,2.5
9c7073ae2c29ee4881bb695f92168c68,2026-07-04T17:00:00Z,Canada,Morocco,elimination,coolbet,Coolbet,2026-07-04T08:48:51Z,h2h,2026-07-04T08:48:51Z,Canada,5.45,
9c7073ae2c29ee4881bb695f92168c68,2026-07-04T17:00:00Z,Canada,Morocco,elimination,coolbet,Coolbet,2026-07-04T08:48:51Z,h2h,2026-07-04T08:48:51Z,Morocco,1.82,
9c7073ae2c29ee4881bb695f92168c68,2026-07-04T17:00:00Z,Canada,Morocco,elimination,coolbet,Coolbet,2026-07-04T08:48:51Z,h2h,2026-07-04T08:48:51Z,Draw,3.48,
9c7073ae2c29ee4881bb695f92168c68,2026-07-04T17:00:00Z,Canada,Morocco,elimination,coolbet,Coolbet,2026-07-04T08:48:51Z,totals,2026-07-04T08:48:51Z,Over,2.23,2.5
9c7073ae2c29ee4881bb695f92168c68,2026-07-04T17:00:00Z,Canada,Morocco,elimination,coolbet,Coolbet,2026-07-04T08:48:51Z,totals,2026-07-04T08:48:51Z,Under,1.7,2.5
9c7073ae2c29ee4881bb695f92168c68,2026-07-04T17:00:00Z,Canada,Morocco,elimination,everygame,Everygame,2026-07-04T08:48:31Z,h2h,2026-07-04T08:48:31Z,Canada,5.5,
9c7073ae2c29ee4881bb695f92168c68,2026-07-04T17:00:00Z,Canada,Morocco,elimination,everygame,Everygame,2026-07-04T08:48:31Z,h2h,2026-07-04T08:48:31Z,Morocco,1.75,
9c7073ae2c29ee4881bb695f92168c68,2026-07-04T17:00:00Z,Canada,Morocco,elimination,everygame,Everygame,2026-07-04T08:48:31Z,h2h,2026-07-04T08:48:31Z,Draw,3.35,
9c7073ae2c29ee4881bb695f92168c68,2026-07-04T17:00:00Z,Canada,Morocco,elimination,betonlineag,BetOnline.ag,2026-07-04T08:49:12Z,h2h,2026-07-04T08:49:12Z,Canada,5.5,
9c7073ae2c29ee4881bb695f92168c68,2026-07-04T17:00:00Z,Canada,Morocco,elimination,betonlineag,BetOnline.ag,2026-07-04T08:49:12Z,h2h,2026-07-04T08:49:12Z,Morocco,1.78,
9c7073ae2c29ee4881bb695f92168c68,2026-07-04T17:00:00Z,Canada,Morocco,elimination,betonlineag,BetOnline.ag,2026-07-04T08:49:12Z,h2h,2026-07-04T08:49:12Z,Draw,3.48,
9c7073ae2c29ee4881bb695f92168c68,2026-07-04T17:00:00Z,Canada,Morocco,elimination,betonlineag,BetOnline.ag,2026-07-04T08:49:12Z,spreads,2026-07-04T08:49:12Z,Canada,2.12,0.5
9c7073ae2c29ee4881bb695f92168c68,2026-07-04T17:00:00Z,Canada,Morocco,elimination,betonlineag,BetOnline.ag,2026-07-04T08:49:12Z,spreads,2026-07-04T08:49:12Z,Morocco,1.78,-0.5
9c7073ae2c29ee4881bb695f92168c68,2026-07-04T17:00:00Z,Canada,Morocco,elimination,betonlineag,BetOnline.ag,2026-07-04T08:49:12Z,totals,2026-07-04T08:49:12Z,Over,2.25,2.5
9c7073ae2c29ee4881bb695f92168c68,2026-07-04T17:00:00Z,Canada,Morocco,elimination,betonlineag,BetOnline.ag,2026-07-04T08:49:12Z,totals,2026-07-04T08:49:12Z,Under,1.7,2.5
9c7073ae2c29ee4881bb695f92168c68,2026-07-04T17:00:00Z,Canada,Morocco,elimination,betanysports,BetAnything,2026-07-04T08:48:50Z,h2h,2026-07-04T08:48:50Z,Canada,5.5,
9c7073ae2c29ee4881bb695f92168c68,2026-07-04T17:00:00Z,Canada,Morocco,elimination,betanysports,BetAnything,2026-07-04T08:48:50Z,h2h,2026-07-04T08:48:50Z,Morocco,1.78,
9c7073ae2c29ee4881bb695f92168c68,2026-07-04T17:00:00Z,Canada,Morocco,elimination,betanysports,BetAnything,2026-07-04T08:48:50Z,h2h,2026-07-04T08:48:50Z,Draw,3.48,
9c7073ae2c29ee4881bb695f92168c68,2026-07-04T17:00:00Z,Canada,Morocco,elimination,betanysports,BetAnything,2026-07-04T08:48:50Z,spreads,2026-07-04T08:48:50Z,Canada,2.08,0.5
9c7073ae2c29ee4881bb695f92168c68,2026-07-04T17:00:00Z,Canada,Morocco,elimination,betanysports,BetAnything,2026-07-04T08:48:50Z,spreads,2026-07-04T08:48:50Z,Morocco,1.78,-0.5
9c7073ae2c29ee4881bb695f92168c68,2026-07-04T17:00:00Z,Canada,Morocco,elimination,betanysports,BetAnything,2026-07-04T08:48:50Z,totals,2026-07-04T08:48:50Z,Over,1.37,1.5
9c7073ae2c29ee4881bb695f92168c68,2026-07-04T17:00:00Z,Canada,Morocco,elimination,betanysports,BetAnything,2026-07-04T08:48:50Z,totals,2026-07-04T08:48:50Z,Under,3.1,1.5
c798a1ffdeda28e82d930e7145a8ff10,2026-07-04T21:00:00Z,Paraguay,France,elimination,unibet_nl,Unibet (NL),2026-07-04T08:49:13Z,h2h,2026-07-04T08:49:13Z,France,1.18,
c798a1ffdeda28e82d930e7145a8ff10,2026-07-04T21:00:00Z,Paraguay,France,elimination,unibet_nl,Unibet (NL),2026-07-04T08:49:13Z,h2h,2026-07-04T08:49:13Z,Paraguay,19.0,
c798a1ffdeda28e82d930e7145a8ff10,2026-07-04T21:00:00Z,Paraguay,France,elimination,unibet_nl,Unibet (NL),2026-07-04T08:49:13Z,h2h,2026-07-04T08:49:13Z,Draw,8.0,
c798a1ffdeda28e82d930e7145a8ff10,2026-07-04T21:00:00Z,Paraguay,France,elimination,unibet_nl,Unibet (NL),2026-07-04T08:49:13Z,totals,2026-07-04T08:49:13Z,Over,1.62,2.5
c798a1ffdeda28e82d930e7145a8ff10,2026-07-04T21:00:00Z,Paraguay,France,elimination,unibet_nl,Unibet (NL),2026-07-04T08:49:13Z,totals,2026-07-04T08:49:13Z,Under,2.23,2.5
c798a1ffdeda28e82d930e7145a8ff10,2026-07-04T21:00:00Z,Paraguay,France,elimination,pmu_fr,PMU (FR),2026-07-04T08:48:50Z,h2h,2026-07-04T08:48:50Z,France,1.15,
c798a1ffdeda28e82d930e7145a8ff10,2026-07-04T21:00:00Z,Paraguay,France,elimination,pmu_fr,PMU (FR),2026-07-04T08:48:50Z,h2h,2026-07-04T08:48:50Z,Paraguay,16.0,
c798a1ffdeda28e82d930e7145a8ff10,2026-07-04T21:00:00Z,Paraguay,France,elimination,pmu_fr,PMU (FR),2026-07-04T08:48:50Z,h2h,2026-07-04T08:48:50Z,Draw,7.0,
c798a1ffdeda28e82d930e7145a8ff10,2026-07-04T21:00:00Z,Paraguay,France,elimination,pmu_fr,PMU (FR),2026-07-04T08:48:50Z,totals,2026-07-04T08:48:50Z,Over,1.6,2.5
c798a1ffdeda28e82d930e7145a8ff10,2026-07-04T21:00:00Z,Paraguay,France,elimination,pmu_fr,PMU (FR),2026-07-04T08:48:50Z,totals,2026-07-04T08:48:50Z,Under,2.18,2.5
c798a1ffdeda28e82d930e7145a8ff10,2026-07-04T21:00:00Z,Paraguay,France,elimination,leovegas_se,LeoVegas (SE),2026-07-04T08:49:12Z,h2h,2026-07-04T08:49:12Z,France,1.17,
c798a1ffdeda28e82d930e7145a8ff10,2026-07-04T21:00:00Z,Paraguay,France,elimination,leovegas_se,LeoVegas (SE),2026-07-04T08:49:12Z,h2h,2026-07-04T08:49:12Z,Paraguay,18.0,
c798a1ffdeda28e82d930e7145a8ff10,2026-07-04T21:00:00Z,Paraguay,France,elimination,leovegas_se,LeoVegas (SE),2026-07-04T08:49:12Z,h2h,2026-07-04T08:49:12Z,Draw,7.5,
c798a1ffdeda28e82d930e7145a8ff10,2026-07-04T21:00:00Z,Paraguay,France,elimination,unibet_se,Unibet (SE),2026-07-04T08:49:13Z,h2h,2026-07-04T08:49:13Z,France,1.18,
c798a1ffdeda28e82d930e7145a8ff10,2026-07-04T21:00:00Z,Paraguay,France,elimination,unibet_se,Unibet (SE),2026-07-04T08:49:13Z,h2h,2026-07-04T08:49:13Z,Paraguay,19.0,
c798a1ffdeda28e82d930e7145a8ff10,2026-07-04T21:00:00Z,Paraguay,France,elimination,unibet_se,Unibet (SE),2026-07-04T08:49:13Z,h2h,2026-07-04T08:49:13Z,Draw,8.0,
c798a1ffdeda28e82d930e7145a8ff10,2026-07-04T21:00:00Z,Paraguay,France,elimination,unibet_se,Unibet (SE),2026-07-04T08:49:13Z,totals,2026-07-04T08:49:13Z,Over,1.65,2.5
c798a1ffdeda28e82d930e7145a8ff10,2026-07-04T21:00:00Z,Paraguay,France,elimination,unibet_se,Unibet (SE),2026-07-04T08:49:13Z,totals,2026-07-04T08:49:13Z,Under,2.28,2.5
c798a1ffdeda28e82d930e7145a8ff10,2026-07-04T21:00:00Z,Paraguay,France,elimination,gtbets,GTbets,2026-07-04T08:49:24Z,h2h,2026-07-04T08:49:24Z,France,1.19,
c798a1ffdeda28e82d930e7145a8ff10,2026-07-04T21:00:00Z,Paraguay,France,elimination,gtbets,GTbets,2026-07-04T08:49:24Z,h2h,2026-07-04T08:49:24Z,Paraguay,14.85,
c798a1ffdeda28e82d930e7145a8ff10,2026-07-04T21:00:00Z,Paraguay,France,elimination,gtbets,GTbets,2026-07-04T08:49:24Z,h2h,2026-07-04T08:49:24Z,Draw,6.78,
c798a1ffdeda28e82d930e7145a8ff10,2026-07-04T21:00:00Z,Paraguay,France,elimination,gtbets,GTbets,2026-07-04T08:49:24Z,spreads,2026-07-04T08:49:24Z,France,1.65,-1.5
c798a1ffdeda28e82d930e7145a8ff10,2026-07-04T21:00:00Z,Paraguay,France,elimination,gtbets,GTbets,2026-07-04T08:49:24Z,spreads,2026-07-04T08:49:24Z,Paraguay,2.32,1.5
c798a1ffdeda28e82d930e7145a8ff10,2026-07-04T21:00:00Z,Paraguay,France,elimination,gtbets,GTbets,2026-07-04T08:49:24Z,totals,2026-07-04T08:49:24Z,Over,1.63,2.5
c798a1ffdeda28e82d930e7145a8ff10,2026-07-04T21:00:00Z,Paraguay,France,elimination,gtbets,GTbets,2026-07-04T08:49:24Z,totals,2026-07-04T08:49:24Z,Under,2.28,2.5
c798a1ffdeda28e82d930e7145a8ff10,2026-07-04T21:00:00Z,Paraguay,France,elimination,onexbet,1xBet,2026-07-04T08:49:02Z,h2h,2026-07-04T08:49:01Z,France,1.2,
c798a1ffdeda28e82d930e7145a8ff10,2026-07-04T21:00:00Z,Paraguay,France,elimination,onexbet,1xBet,2026-07-04T08:49:02Z,h2h,2026-07-04T08:49:01Z,Paraguay,17.0,
c798a1ffdeda28e82d930e7145a8ff10,2026-07-04T21:00:00Z,Paraguay,France,elimination,onexbet,1xBet,2026-07-04T08:49:02Z,h2h,2026-07-04T08:49:01Z,Draw,7.95,
c798a1ffdeda28e82d930e7145a8ff10,2026-07-04T21:00:00Z,Paraguay,France,elimination,onexbet,1xBet,2026-07-04T08:49:02Z,spreads,2026-07-04T08:49:01Z,France,1.65,-1.5
c798a1ffdeda28e82d930e7145a8ff10,2026-07-04T21:00:00Z,Paraguay,France,elimination,onexbet,1xBet,2026-07-04T08:49:02Z,spreads,2026-07-04T08:49:01Z,Paraguay,2.33,1.5
c798a1ffdeda28e82d930e7145a8ff10,2026-07-04T21:00:00Z,Paraguay,France,elimination,onexbet,1xBet,2026-07-04T08:49:02Z,totals,2026-07-04T08:49:01Z,Over,1.65,2.5
c798a1ffdeda28e82d930e7145a8ff10,2026-07-04T21:00:00Z,Paraguay,France,elimination,onexbet,1xBet,2026-07-04T08:49:02Z,totals,2026-07-04T08:49:01Z,Under,2.32,2.5
c798a1ffdeda28e82d930e7145a8ff10,2026-07-04T21:00:00Z,Paraguay,France,elimination,unibet_fr,Unibet (FR),2026-07-04T08:49:45Z,h2h,2026-07-04T08:49:45Z,France,1.17,
c798a1ffdeda28e82d930e7145a8ff10,2026-07-04T21:00:00Z,Paraguay,France,elimination,unibet_fr,Unibet (FR),2026-07-04T08:49:45Z,h2h,2026-07-04T08:49:45Z,Paraguay,19.0,
c798a1ffdeda28e82d930e7145a8ff10,2026-07-04T21:00:00Z,Paraguay,France,elimination,unibet_fr,Unibet (FR),2026-07-04T08:49:45Z,h2h,2026-07-04T08:49:45Z,Draw,7.75,
c798a1ffdeda28e82d930e7145a8ff10,2026-07-04T21:00:00Z,Paraguay,France,elimination,betclic_fr,Betclic (FR),2026-07-04T08:46:50Z,h2h,2026-07-04T08:46:50Z,France,1.17,
c798a1ffdeda28e82d930e7145a8ff10,2026-07-04T21:00:00Z,Paraguay,France,elimination,betclic_fr,Betclic (FR),2026-07-04T08:46:50Z,h2h,2026-07-04T08:46:50Z,Paraguay,19.0,
c798a1ffdeda28e82d930e7145a8ff10,2026-07-04T21:00:00Z,Paraguay,France,elimination,betclic_fr,Betclic (FR),2026-07-04T08:46:50Z,h2h,2026-07-04T08:46:50Z,Draw,7.75,
c798a1ffdeda28e82d930e7145a8ff10,2026-07-04T21:00:00Z,Paraguay,France,elimination,marathonbet,Marathon Bet,2026-07-04T08:49:02Z,h2h,2026-07-04T08:49:02Z,France,1.19,
c798a1ffdeda28e82d930e7145a8ff10,2026-07-04T21:00:00Z,Paraguay,France,elimination,marathonbet,Marathon Bet,2026-07-04T08:49:02Z,h2h,2026-07-04T08:49:02Z,Paraguay,15.25,
c798a1ffdeda28e82d930e7145a8ff10,2026-07-04T21:00:00Z,Paraguay,France,elimination,marathonbet,Marathon Bet,2026-07-04T08:49:02Z,h2h,2026-07-04T08:49:02Z,Draw,7.1,
c798a1ffdeda28e82d930e7145a8ff10,2026-07-04T21:00:00Z,Paraguay,France,elimination,mybookieag,MyBookie.ag,2026-07-04T08:49:45Z,h2h,2026-07-04T08:49:45Z,France,1.1,
c798a1ffdeda28e82d930e7145a8ff10,2026-07-04T21:00:00Z,Paraguay,France,elimination,mybookieag,MyBookie.ag,2026-07-04T08:49:45Z,h2h,2026-07-04T08:49:45Z,Paraguay,28.69,
c798a1ffdeda28e82d930e7145a8ff10,2026-07-04T21:00:00Z,Paraguay,France,elimination,mybookieag,MyBookie.ag,2026-07-04T08:49:45Z,h2h,2026-07-04T08:49:45Z,Draw,8.36,
c798a1ffdeda28e82d930e7145a8ff10,2026-07-04T21:00:00Z,Paraguay,France,elimination,mybookieag,MyBookie.ag,2026-07-04T08:49:45Z,spreads,2026-07-04T08:49:45Z,France,2.0,-2.0
c798a1ffdeda28e82d930e7145a8ff10,2026-07-04T21:00:00Z,Paraguay,France,elimination,mybookieag,MyBookie.ag,2026-07-04T08:49:45Z,spreads,2026-07-04T08:49:45Z,Paraguay,1.82,2.0
c798a1ffdeda28e82d930e7145a8ff10,2026-07-04T21:00:00Z,Paraguay,France,elimination,mybookieag,MyBookie.ag,2026-07-04T08:49:45Z,totals,2026-07-04T08:49:45Z,Over,2.06,3.0
c798a1ffdeda28e82d930e7145a8ff10,2026-07-04T21:00:00Z,Paraguay,France,elimination,mybookieag,MyBookie.ag,2026-07-04T08:49:45Z,totals,2026-07-04T08:49:45Z,Under,1.78,3.0
c798a1ffdeda28e82d930e7145a8ff10,2026-07-04T21:00:00Z,Paraguay,France,elimination,pinnacle,Pinnacle,2026-07-04T08:49:46Z,h2h,2026-07-04T08:49:46Z,France,1.19,
c798a1ffdeda28e82d930e7145a8ff10,2026-07-04T21:00:00Z,Paraguay,France,elimination,pinnacle,Pinnacle,2026-07-04T08:49:46Z,h2h,2026-07-04T08:49:46Z,Paraguay,19.5,
c798a1ffdeda28e82d930e7145a8ff10,2026-07-04T21:00:00Z,Paraguay,France,elimination,pinnacle,Pinnacle,2026-07-04T08:49:46Z,h2h,2026-07-04T08:49:46Z,Draw,7.45,
c798a1ffdeda28e82d930e7145a8ff10,2026-07-04T21:00:00Z,Paraguay,France,elimination,pinnacle,Pinnacle,2026-07-04T08:49:46Z,spreads,2026-07-04T08:49:46Z,France,2.08,-2.0
c798a1ffdeda28e82d930e7145a8ff10,2026-07-04T21:00:00Z,Paraguay,France,elimination,pinnacle,Pinnacle,2026-07-04T08:49:46Z,spreads,2026-07-04T08:49:46Z,Paraguay,1.84,2.0
c798a1ffdeda28e82d930e7145a8ff10,2026-07-04T21:00:00Z,Paraguay,France,elimination,pinnacle,Pinnacle,2026-07-04T08:49:46Z,totals,2026-07-04T08:49:46Z,Over,2.08,3.0
c798a1ffdeda28e82d930e7145a8ff10,2026-07-04T21:00:00Z,Paraguay,France,elimination,pinnacle,Pinnacle,2026-07-04T08:49:46Z,totals,2026-07-04T08:49:46Z,Under,1.83,3.0
c798a1ffdeda28e82d930e7145a8ff10,2026-07-04T21:00:00Z,Paraguay,France,elimination,winamax_fr,Winamax (FR),2026-07-04T08:49:24Z,h2h,2026-07-04T08:49:24Z,France,1.17,
c798a1ffdeda28e82d930e7145a8ff10,2026-07-04T21:00:00Z,Paraguay,France,elimination,winamax_fr,Winamax (FR),2026-07-04T08:49:24Z,h2h,2026-07-04T08:49:24Z,Paraguay,17.0,
c798a1ffdeda28e82d930e7145a8ff10,2026-07-04T21:00:00Z,Paraguay,France,elimination,winamax_fr,Winamax (FR),2026-07-04T08:49:24Z,h2h,2026-07-04T08:49:24Z,Draw,7.25,
c798a1ffdeda28e82d930e7145a8ff10,2026-07-04T21:00:00Z,Paraguay,France,elimination,winamax_de,Winamax (DE),2026-07-04T08:49:02Z,h2h,2026-07-04T08:49:02Z,France,1.17,
c798a1ffdeda28e82d930e7145a8ff10,2026-07-04T21:00:00Z,Paraguay,France,elimination,winamax_de,Winamax (DE),2026-07-04T08:49:02Z,h2h,2026-07-04T08:49:02Z,Paraguay,17.0,
c798a1ffdeda28e82d930e7145a8ff10,2026-07-04T21:00:00Z,Paraguay,France,elimination,winamax_de,Winamax (DE),2026-07-04T08:49:02Z,h2h,2026-07-04T08:49:02Z,Draw,7.25,
c798a1ffdeda28e82d930e7145a8ff10,2026-07-04T21:00:00Z,Paraguay,France,elimination,tipico_de,Tipico,2026-07-04T08:49:12Z,h2h,2026-07-04T08:49:12Z,France,1.17,
c798a1ffdeda28e82d930e7145a8ff10,2026-07-04T21:00:00Z,Paraguay,France,elimination,tipico_de,Tipico,2026-07-04T08:49:12Z,h2h,2026-07-04T08:49:12Z,Paraguay,18.0,
c798a1ffdeda28e82d930e7145a8ff10,2026-07-04T21:00:00Z,Paraguay,France,elimination,tipico_de,Tipico,2026-07-04T08:49:12Z,h2h,2026-07-04T08:49:12Z,Draw,7.2,
c798a1ffdeda28e82d930e7145a8ff10,2026-07-04T21:00:00Z,Paraguay,France,elimination,matchbook,Matchbook,2026-07-04T08:49:45Z,h2h,2026-07-04T08:49:45Z,France,1.2,
c798a1ffdeda28e82d930e7145a8ff10,2026-07-04T21:00:00Z,Paraguay,France,elimination,matchbook,Matchbook,2026-07-04T08:49:45Z,h2h,2026-07-04T08:49:45Z,Paraguay,22.0,
c798a1ffdeda28e82d930e7145a8ff10,2026-07-04T21:00:00Z,Paraguay,France,elimination,matchbook,Matchbook,2026-07-04T08:49:45Z,h2h,2026-07-04T08:49:45Z,Draw,7.6,
c798a1ffdeda28e82d930e7145a8ff10,2026-07-04T21:00:00Z,Paraguay,France,elimination,matchbook,Matchbook,2026-07-04T08:49:45Z,spreads,2026-07-04T08:49:45Z,France,2.08,-2.0
c798a1ffdeda28e82d930e7145a8ff10,2026-07-04T21:00:00Z,Paraguay,France,elimination,matchbook,Matchbook,2026-07-04T08:49:45Z,spreads,2026-07-04T08:49:45Z,Paraguay,1.87,2.0
c798a1ffdeda28e82d930e7145a8ff10,2026-07-04T21:00:00Z,Paraguay,France,elimination,betfair_ex_eu,Betfair,2026-07-04T08:49:34Z,h2h,2026-07-04T08:49:34Z,France,1.2,
c798a1ffdeda28e82d930e7145a8ff10,2026-07-04T21:00:00Z,Paraguay,France,elimination,betfair_ex_eu,Betfair,2026-07-04T08:49:34Z,h2h,2026-07-04T08:49:34Z,Paraguay,23.0,
c798a1ffdeda28e82d930e7145a8ff10,2026-07-04T21:00:00Z,Paraguay,France,elimination,betfair_ex_eu,Betfair,2026-07-04T08:49:34Z,h2h,2026-07-04T08:49:34Z,Draw,7.6,
c798a1ffdeda28e82d930e7145a8ff10,2026-07-04T21:00:00Z,Paraguay,France,elimination,nordicbet,Nordic Bet,2026-07-04T08:49:12Z,h2h,2026-07-04T08:49:12Z,France,1.2,
c798a1ffdeda28e82d930e7145a8ff10,2026-07-04T21:00:00Z,Paraguay,France,elimination,nordicbet,Nordic Bet,2026-07-04T08:49:12Z,h2h,2026-07-04T08:49:12Z,Paraguay,19.0,
c798a1ffdeda28e82d930e7145a8ff10,2026-07-04T21:00:00Z,Paraguay,France,elimination,nordicbet,Nordic Bet,2026-07-04T08:49:12Z,h2h,2026-07-04T08:49:12Z,Draw,7.0,
c798a1ffdeda28e82d930e7145a8ff10,2026-07-04T21:00:00Z,Paraguay,France,elimination,nordicbet,Nordic Bet,2026-07-04T08:49:12Z,totals,2026-07-04T08:49:12Z,Over,1.65,2.5
c798a1ffdeda28e82d930e7145a8ff10,2026-07-04T21:00:00Z,Paraguay,France,elimination,nordicbet,Nordic Bet,2026-07-04T08:49:12Z,totals,2026-07-04T08:49:12Z,Under,2.3,2.5
c798a1ffdeda28e82d930e7145a8ff10,2026-07-04T21:00:00Z,Paraguay,France,elimination,betsson,Betsson,2026-07-04T08:48:07Z,h2h,2026-07-04T08:48:07Z,France,1.2,
c798a1ffdeda28e82d930e7145a8ff10,2026-07-04T21:00:00Z,Paraguay,France,elimination,betsson,Betsson,2026-07-04T08:48:07Z,h2h,2026-07-04T08:48:07Z,Paraguay,19.0,
c798a1ffdeda28e82d930e7145a8ff10,2026-07-04T21:00:00Z,Paraguay,France,elimination,betsson,Betsson,2026-07-04T08:48:07Z,h2h,2026-07-04T08:48:07Z,Draw,7.0,
c798a1ffdeda28e82d930e7145a8ff10,2026-07-04T21:00:00Z,Paraguay,France,elimination,betsson,Betsson,2026-07-04T08:48:07Z,totals,2026-07-04T08:48:07Z,Over,1.65,2.5
c798a1ffdeda28e82d930e7145a8ff10,2026-07-04T21:00:00Z,Paraguay,France,elimination,betsson,Betsson,2026-07-04T08:48:07Z,totals,2026-07-04T08:48:07Z,Under,2.3,2.5
c798a1ffdeda28e82d930e7145a8ff10,2026-07-04T21:00:00Z,Paraguay,France,elimination,sport888,888sport,2026-07-04T08:49:02Z,h2h,2026-07-04T08:49:02Z,France,1.17,
c798a1ffdeda28e82d930e7145a8ff10,2026-07-04T21:00:00Z,Paraguay,France,elimination,sport888,888sport,2026-07-04T08:49:02Z,h2h,2026-07-04T08:49:02Z,Paraguay,15.0,
c798a1ffdeda28e82d930e7145a8ff10,2026-07-04T21:00:00Z,Paraguay,France,elimination,sport888,888sport,2026-07-04T08:49:02Z,h2h,2026-07-04T08:49:02Z,Draw,6.5,
c798a1ffdeda28e82d930e7145a8ff10,2026-07-04T21:00:00Z,Paraguay,France,elimination,williamhill,William Hill,2026-07-04T08:49:45Z,h2h,2026-07-04T08:49:45Z,France,1.17,
c798a1ffdeda28e82d930e7145a8ff10,2026-07-04T21:00:00Z,Paraguay,France,elimination,williamhill,William Hill,2026-07-04T08:49:45Z,h2h,2026-07-04T08:49:45Z,Paraguay,15.0,
c798a1ffdeda28e82d930e7145a8ff10,2026-07-04T21:00:00Z,Paraguay,France,elimination,williamhill,William Hill,2026-07-04T08:49:45Z,h2h,2026-07-04T08:49:45Z,Draw,6.5,
c798a1ffdeda28e82d930e7145a8ff10,2026-07-04T21:00:00Z,Paraguay,France,elimination,williamhill,William Hill,2026-07-04T08:49:45Z,totals,2026-07-04T08:49:45Z,Over,1.62,2.5
c798a1ffdeda28e82d930e7145a8ff10,2026-07-04T21:00:00Z,Paraguay,France,elimination,williamhill,William Hill,2026-07-04T08:49:45Z,totals,2026-07-04T08:49:45Z,Under,2.2,2.5
c798a1ffdeda28e82d930e7145a8ff10,2026-07-04T21:00:00Z,Paraguay,France,elimination,betonlineag,BetOnline.ag,2026-07-04T08:49:12Z,h2h,2026-07-04T08:49:12Z,France,1.18,
c798a1ffdeda28e82d930e7145a8ff10,2026-07-04T21:00:00Z,Paraguay,France,elimination,betonlineag,BetOnline.ag,2026-07-04T08:49:12Z,h2h,2026-07-04T08:49:12Z,Paraguay,20.5,
c798a1ffdeda28e82d930e7145a8ff10,2026-07-04T21:00:00Z,Paraguay,France,elimination,betonlineag,BetOnline.ag,2026-07-04T08:49:12Z,h2h,2026-07-04T08:49:12Z,Draw,7.4,
c798a1ffdeda28e82d930e7145a8ff10,2026-07-04T21:00:00Z,Paraguay,France,elimination,betonlineag,BetOnline.ag,2026-07-04T08:49:12Z,spreads,2026-07-04T08:49:12Z,France,2.01,-2.0
c798a1ffdeda28e82d930e7145a8ff10,2026-07-04T21:00:00Z,Paraguay,France,elimination,betonlineag,BetOnline.ag,2026-07-04T08:49:12Z,spreads,2026-07-04T08:49:12Z,Paraguay,1.85,2.0
c798a1ffdeda28e82d930e7145a8ff10,2026-07-04T21:00:00Z,Paraguay,France,elimination,betonlineag,BetOnline.ag,2026-07-04T08:49:12Z,totals,2026-07-04T08:49:12Z,Over,2.06,3.0
c798a1ffdeda28e82d930e7145a8ff10,2026-07-04T21:00:00Z,Paraguay,France,elimination,betonlineag,BetOnline.ag,2026-07-04T08:49:12Z,totals,2026-07-04T08:49:12Z,Under,1.82,3.0
c798a1ffdeda28e82d930e7145a8ff10,2026-07-04T21:00:00Z,Paraguay,France,elimination,codere_it,Codere (IT),2026-07-04T08:49:01Z,h2h,2026-07-04T08:49:01Z,France,1.19,
c798a1ffdeda28e82d930e7145a8ff10,2026-07-04T21:00:00Z,Paraguay,France,elimination,codere_it,Codere (IT),2026-07-04T08:49:01Z,h2h,2026-07-04T08:49:01Z,Paraguay,16.0,
c798a1ffdeda28e82d930e7145a8ff10,2026-07-04T21:00:00Z,Paraguay,France,elimination,codere_it,Codere (IT),2026-07-04T08:49:01Z,h2h,2026-07-04T08:49:01Z,Draw,6.8,
c798a1ffdeda28e82d930e7145a8ff10,2026-07-04T21:00:00Z,Paraguay,France,elimination,codere_it,Codere (IT),2026-07-04T08:49:01Z,totals,2026-07-04T08:49:01Z,Over,1.6,2.5
c798a1ffdeda28e82d930e7145a8ff10,2026-07-04T21:00:00Z,Paraguay,France,elimination,codere_it,Codere (IT),2026-07-04T08:49:01Z,totals,2026-07-04T08:49:01Z,Under,2.16,2.5
c798a1ffdeda28e82d930e7145a8ff10,2026-07-04T21:00:00Z,Paraguay,France,elimination,everygame,Everygame,2026-07-04T08:48:31Z,h2h,2026-07-04T08:48:31Z,France,1.18,
c798a1ffdeda28e82d930e7145a8ff10,2026-07-04T21:00:00Z,Paraguay,France,elimination,everygame,Everygame,2026-07-04T08:48:31Z,h2h,2026-07-04T08:48:31Z,Paraguay,17.0,
c798a1ffdeda28e82d930e7145a8ff10,2026-07-04T21:00:00Z,Paraguay,France,elimination,everygame,Everygame,2026-07-04T08:48:31Z,h2h,2026-07-04T08:48:31Z,Draw,7.0,
c798a1ffdeda28e82d930e7145a8ff10,2026-07-04T21:00:00Z,Paraguay,France,elimination,coolbet,Coolbet,2026-07-04T08:48:51Z,h2h,2026-07-04T08:48:51Z,France,1.2,
c798a1ffdeda28e82d930e7145a8ff10,2026-07-04T21:00:00Z,Paraguay,France,elimination,coolbet,Coolbet,2026-07-04T08:48:51Z,h2h,2026-07-04T08:48:51Z,Paraguay,20.0,
c798a1ffdeda28e82d930e7145a8ff10,2026-07-04T21:00:00Z,Paraguay,France,elimination,coolbet,Coolbet,2026-07-04T08:48:51Z,h2h,2026-07-04T08:48:51Z,Draw,7.2,
c798a1ffdeda28e82d930e7145a8ff10,2026-07-04T21:00:00Z,Paraguay,France,elimination,coolbet,Coolbet,2026-07-04T08:48:51Z,totals,2026-07-04T08:48:51Z,Over,2.06,3.0
c798a1ffdeda28e82d930e7145a8ff10,2026-07-04T21:00:00Z,Paraguay,France,elimination,coolbet,Coolbet,2026-07-04T08:48:51Z,totals,2026-07-04T08:48:51Z,Under,1.82,3.0
c798a1ffdeda28e82d930e7145a8ff10,2026-07-04T21:00:00Z,Paraguay,France,elimination,betanysports,BetAnything,2026-07-04T08:48:50Z,h2h,2026-07-04T08:48:50Z,France,1.18,
c798a1ffdeda28e82d930e7145a8ff10,2026-07-04T21:00:00Z,Paraguay,France,elimination,betanysports,BetAnything,2026-07-04T08:48:50Z,h2h,2026-07-04T08:48:50Z,Paraguay,20.5,
c798a1ffdeda28e82d930e7145a8ff10,2026-07-04T21:00:00Z,Paraguay,France,elimination,betanysports,BetAnything,2026-07-04T08:48:50Z,h2h,2026-07-04T08:48:50Z,Draw,7.4,
c798a1ffdeda28e82d930e7145a8ff10,2026-07-04T21:00:00Z,Paraguay,France,elimination,betanysports,BetAnything,2026-07-04T08:48:50Z,spreads,2026-07-04T08:48:50Z,France,1.97,-2.0
c798a1ffdeda28e82d930e7145a8ff10,2026-07-04T21:00:00Z,Paraguay,France,elimination,betanysports,BetAnything,2026-07-04T08:48:50Z,spreads,2026-07-04T08:48:50Z,Paraguay,1.85,2.0
c798a1ffdeda28e82d930e7145a8ff10,2026-07-04T21:00:00Z,Paraguay,France,elimination,betanysports,BetAnything,2026-07-04T08:48:50Z,totals,2026-07-04T08:48:50Z,Over,2.65,3.5
c798a1ffdeda28e82d930e7145a8ff10,2026-07-04T21:00:00Z,Paraguay,France,elimination,betanysports,BetAnything,2026-07-04T08:48:50Z,totals,2026-07-04T08:48:50Z,Under,1.51,3.5
a4634eae056c18d705e3feffb347163f,2026-07-05T20:00:00Z,Brazil,Norway,elimination,tipico_de,Tipico,2026-07-04T08:49:12Z,h2h,2026-07-04T08:49:12Z,Brazil,1.77,
a4634eae056c18d705e3feffb347163f,2026-07-05T20:00:00Z,Brazil,Norway,elimination,tipico_de,Tipico,2026-07-04T08:49:12Z,h2h,2026-07-04T08:49:12Z,Norway,4.5,
a4634eae056c18d705e3feffb347163f,2026-07-05T20:00:00Z,Brazil,Norway,elimination,tipico_de,Tipico,2026-07-04T08:49:12Z,h2h,2026-07-04T08:49:12Z,Draw,3.8,
a4634eae056c18d705e3feffb347163f,2026-07-05T20:00:00Z,Brazil,Norway,elimination,pmu_fr,PMU (FR),2026-07-04T08:48:50Z,h2h,2026-07-04T08:48:50Z,Brazil,1.79,
a4634eae056c18d705e3feffb347163f,2026-07-05T20:00:00Z,Brazil,Norway,elimination,pmu_fr,PMU (FR),2026-07-04T08:48:50Z,h2h,2026-07-04T08:48:50Z,Norway,4.25,
a4634eae056c18d705e3feffb347163f,2026-07-05T20:00:00Z,Brazil,Norway,elimination,pmu_fr,PMU (FR),2026-07-04T08:48:50Z,h2h,2026-07-04T08:48:50Z,Draw,3.6,
a4634eae056c18d705e3feffb347163f,2026-07-05T20:00:00Z,Brazil,Norway,elimination,pmu_fr,PMU (FR),2026-07-04T08:48:50Z,totals,2026-07-04T08:48:50Z,Over,1.65,2.5
a4634eae056c18d705e3feffb347163f,2026-07-05T20:00:00Z,Brazil,Norway,elimination,pmu_fr,PMU (FR),2026-07-04T08:48:50Z,totals,2026-07-04T08:48:50Z,Under,2.08,2.5
a4634eae056c18d705e3feffb347163f,2026-07-05T20:00:00Z,Brazil,Norway,elimination,unibet_nl,Unibet (NL),2026-07-04T08:49:13Z,h2h,2026-07-04T08:49:13Z,Brazil,1.85,
a4634eae056c18d705e3feffb347163f,2026-07-05T20:00:00Z,Brazil,Norway,elimination,unibet_nl,Unibet (NL),2026-07-04T08:49:13Z,h2h,2026-07-04T08:49:13Z,Norway,4.5,
a4634eae056c18d705e3feffb347163f,2026-07-05T20:00:00Z,Brazil,Norway,elimination,unibet_nl,Unibet (NL),2026-07-04T08:49:13Z,h2h,2026-07-04T08:49:13Z,Draw,3.8,
a4634eae056c18d705e3feffb347163f,2026-07-05T20:00:00Z,Brazil,Norway,elimination,unibet_nl,Unibet (NL),2026-07-04T08:49:13Z,totals,2026-07-04T08:49:13Z,Over,1.68,2.5
a4634eae056c18d705e3feffb347163f,2026-07-05T20:00:00Z,Brazil,Norway,elimination,unibet_nl,Unibet (NL),2026-07-04T08:49:13Z,totals,2026-07-04T08:49:13Z,Under,2.12,2.5
a4634eae056c18d705e3feffb347163f,2026-07-05T20:00:00Z,Brazil,Norway,elimination,unibet_se,Unibet (SE),2026-07-04T08:49:13Z,h2h,2026-07-04T08:49:13Z,Brazil,1.85,
a4634eae056c18d705e3feffb347163f,2026-07-05T20:00:00Z,Brazil,Norway,elimination,unibet_se,Unibet (SE),2026-07-04T08:49:13Z,h2h,2026-07-04T08:49:13Z,Norway,4.5,
a4634eae056c18d705e3feffb347163f,2026-07-05T20:00:00Z,Brazil,Norway,elimination,unibet_se,Unibet (SE),2026-07-04T08:49:13Z,h2h,2026-07-04T08:49:13Z,Draw,3.8,
a4634eae056c18d705e3feffb347163f,2026-07-05T20:00:00Z,Brazil,Norway,elimination,unibet_se,Unibet (SE),2026-07-04T08:49:13Z,totals,2026-07-04T08:49:13Z,Over,1.71,2.5
a4634eae056c18d705e3feffb347163f,2026-07-05T20:00:00Z,Brazil,Norway,elimination,unibet_se,Unibet (SE),2026-07-04T08:49:13Z,totals,2026-07-04T08:49:13Z,Under,2.17,2.5
a4634eae056c18d705e3feffb347163f,2026-07-05T20:00:00Z,Brazil,Norway,elimination,leovegas_se,LeoVegas (SE),2026-07-04T08:49:12Z,h2h,2026-07-04T08:49:12Z,Brazil,1.81,
a4634eae056c18d705e3feffb347163f,2026-07-05T20:00:00Z,Brazil,Norway,elimination,leovegas_se,LeoVegas (SE),2026-07-04T08:49:12Z,h2h,2026-07-04T08:49:12Z,Norway,4.4,
a4634eae056c18d705e3feffb347163f,2026-07-05T20:00:00Z,Brazil,Norway,elimination,leovegas_se,LeoVegas (SE),2026-07-04T08:49:12Z,h2h,2026-07-04T08:49:12Z,Draw,3.7,
a4634eae056c18d705e3feffb347163f,2026-07-05T20:00:00Z,Brazil,Norway,elimination,marathonbet,Marathon Bet,2026-07-04T08:49:02Z,h2h,2026-07-04T08:49:02Z,Brazil,1.81,
a4634eae056c18d705e3feffb347163f,2026-07-05T20:00:00Z,Brazil,Norway,elimination,marathonbet,Marathon Bet,2026-07-04T08:49:02Z,h2h,2026-07-04T08:49:02Z,Norway,4.4,
a4634eae056c18d705e3feffb347163f,2026-07-05T20:00:00Z,Brazil,Norway,elimination,marathonbet,Marathon Bet,2026-07-04T08:49:02Z,h2h,2026-07-04T08:49:02Z,Draw,3.72,
a4634eae056c18d705e3feffb347163f,2026-07-05T20:00:00Z,Brazil,Norway,elimination,unibet_fr,Unibet (FR),2026-07-04T08:49:45Z,h2h,2026-07-04T08:49:45Z,Brazil,1.78,
a4634eae056c18d705e3feffb347163f,2026-07-05T20:00:00Z,Brazil,Norway,elimination,unibet_fr,Unibet (FR),2026-07-04T08:49:45Z,h2h,2026-07-04T08:49:45Z,Norway,4.5,
a4634eae056c18d705e3feffb347163f,2026-07-05T20:00:00Z,Brazil,Norway,elimination,unibet_fr,Unibet (FR),2026-07-04T08:49:45Z,h2h,2026-07-04T08:49:45Z,Draw,3.8,
a4634eae056c18d705e3feffb347163f,2026-07-05T20:00:00Z,Brazil,Norway,elimination,betclic_fr,Betclic (FR),2026-07-04T08:46:50Z,h2h,2026-07-04T08:46:50Z,Brazil,1.8,
a4634eae056c18d705e3feffb347163f,2026-07-05T20:00:00Z,Brazil,Norway,elimination,betclic_fr,Betclic (FR),2026-07-04T08:46:50Z,h2h,2026-07-04T08:46:50Z,Norway,4.35,
a4634eae056c18d705e3feffb347163f,2026-07-05T20:00:00Z,Brazil,Norway,elimination,betclic_fr,Betclic (FR),2026-07-04T08:46:50Z,h2h,2026-07-04T08:46:50Z,Draw,3.8,
a4634eae056c18d705e3feffb347163f,2026-07-05T20:00:00Z,Brazil,Norway,elimination,codere_it,Codere (IT),2026-07-04T08:49:01Z,h2h,2026-07-04T08:49:01Z,Brazil,1.83,
a4634eae056c18d705e3feffb347163f,2026-07-05T20:00:00Z,Brazil,Norway,elimination,codere_it,Codere (IT),2026-07-04T08:49:01Z,h2h,2026-07-04T08:49:01Z,Norway,4.2,
a4634eae056c18d705e3feffb347163f,2026-07-05T20:00:00Z,Brazil,Norway,elimination,codere_it,Codere (IT),2026-07-04T08:49:01Z,h2h,2026-07-04T08:49:01Z,Draw,3.75,
a4634eae056c18d705e3feffb347163f,2026-07-05T20:00:00Z,Brazil,Norway,elimination,codere_it,Codere (IT),2026-07-04T08:49:01Z,totals,2026-07-04T08:49:01Z,Over,1.7,2.5
a4634eae056c18d705e3feffb347163f,2026-07-05T20:00:00Z,Brazil,Norway,elimination,codere_it,Codere (IT),2026-07-04T08:49:01Z,totals,2026-07-04T08:49:01Z,Under,1.99,2.5
a4634eae056c18d705e3feffb347163f,2026-07-05T20:00:00Z,Brazil,Norway,elimination,onexbet,1xBet,2026-07-04T08:49:02Z,h2h,2026-07-04T08:49:01Z,Brazil,1.87,
a4634eae056c18d705e3feffb347163f,2026-07-05T20:00:00Z,Brazil,Norway,elimination,onexbet,1xBet,2026-07-04T08:49:02Z,h2h,2026-07-04T08:49:01Z,Norway,4.54,
a4634eae056c18d705e3feffb347163f,2026-07-05T20:00:00Z,Brazil,Norway,elimination,onexbet,1xBet,2026-07-04T08:49:02Z,h2h,2026-07-04T08:49:01Z,Draw,3.84,
a4634eae056c18d705e3feffb347163f,2026-07-05T20:00:00Z,Brazil,Norway,elimination,onexbet,1xBet,2026-07-04T08:49:02Z,spreads,2026-07-04T08:49:01Z,Brazil,3.31,-1.5
a4634eae056c18d705e3feffb347163f,2026-07-05T20:00:00Z,Brazil,Norway,elimination,onexbet,1xBet,2026-07-04T08:49:02Z,spreads,2026-07-04T08:49:01Z,Norway,1.36,1.5
a4634eae056c18d705e3feffb347163f,2026-07-05T20:00:00Z,Brazil,Norway,elimination,onexbet,1xBet,2026-07-04T08:49:02Z,totals,2026-07-04T08:49:01Z,Over,1.76,2.5
a4634eae056c18d705e3feffb347163f,2026-07-05T20:00:00Z,Brazil,Norway,elimination,onexbet,1xBet,2026-07-04T08:49:02Z,totals,2026-07-04T08:49:01Z,Under,2.13,2.5
a4634eae056c18d705e3feffb347163f,2026-07-05T20:00:00Z,Brazil,Norway,elimination,mybookieag,MyBookie.ag,2026-07-04T08:49:45Z,h2h,2026-07-04T08:49:45Z,Brazil,1.82,
a4634eae056c18d705e3feffb347163f,2026-07-05T20:00:00Z,Brazil,Norway,elimination,mybookieag,MyBookie.ag,2026-07-04T08:49:45Z,h2h,2026-07-04T08:49:45Z,Norway,4.2,
a4634eae056c18d705e3feffb347163f,2026-07-05T20:00:00Z,Brazil,Norway,elimination,mybookieag,MyBookie.ag,2026-07-04T08:49:45Z,h2h,2026-07-04T08:49:45Z,Draw,3.7,
a4634eae056c18d705e3feffb347163f,2026-07-05T20:00:00Z,Brazil,Norway,elimination,mybookieag,MyBookie.ag,2026-07-04T08:49:45Z,spreads,2026-07-04T08:49:45Z,Brazil,1.77,-0.5
a4634eae056c18d705e3feffb347163f,2026-07-05T20:00:00Z,Brazil,Norway,elimination,mybookieag,MyBookie.ag,2026-07-04T08:49:45Z,spreads,2026-07-04T08:49:45Z,Norway,1.94,0.5
a4634eae056c18d705e3feffb347163f,2026-07-05T20:00:00Z,Brazil,Norway,elimination,mybookieag,MyBookie.ag,2026-07-04T08:49:45Z,totals,2026-07-04T08:49:45Z,Over,1.71,2.5
a4634eae056c18d705e3feffb347163f,2026-07-05T20:00:00Z,Brazil,Norway,elimination,mybookieag,MyBookie.ag,2026-07-04T08:49:45Z,totals,2026-07-04T08:49:45Z,Under,2.01,2.5
a4634eae056c18d705e3feffb347163f,2026-07-05T20:00:00Z,Brazil,Norway,elimination,sport888,888sport,2026-07-04T08:49:02Z,h2h,2026-07-04T08:49:02Z,Brazil,1.8,
a4634eae056c18d705e3feffb347163f,2026-07-05T20:00:00Z,Brazil,Norway,elimination,sport888,888sport,2026-07-04T08:49:02Z,h2h,2026-07-04T08:49:02Z,Norway,4.0,
a4634eae056c18d705e3feffb347163f,2026-07-05T20:00:00Z,Brazil,Norway,elimination,sport888,888sport,2026-07-04T08:49:02Z,h2h,2026-07-04T08:49:02Z,Draw,3.4,
a4634eae056c18d705e3feffb347163f,2026-07-05T20:00:00Z,Brazil,Norway,elimination,williamhill,William Hill,2026-07-04T08:49:45Z,h2h,2026-07-04T08:49:45Z,Brazil,1.85,
a4634eae056c18d705e3feffb347163f,2026-07-05T20:00:00Z,Brazil,Norway,elimination,williamhill,William Hill,2026-07-04T08:49:45Z,h2h,2026-07-04T08:49:45Z,Norway,4.0,
a4634eae056c18d705e3feffb347163f,2026-07-05T20:00:00Z,Brazil,Norway,elimination,williamhill,William Hill,2026-07-04T08:49:45Z,h2h,2026-07-04T08:49:45Z,Draw,3.5,
a4634eae056c18d705e3feffb347163f,2026-07-05T20:00:00Z,Brazil,Norway,elimination,williamhill,William Hill,2026-07-04T08:49:45Z,totals,2026-07-04T08:49:45Z,Over,1.73,2.5
a4634eae056c18d705e3feffb347163f,2026-07-05T20:00:00Z,Brazil,Norway,elimination,williamhill,William Hill,2026-07-04T08:49:45Z,totals,2026-07-04T08:49:45Z,Under,2.0,2.5
a4634eae056c18d705e3feffb347163f,2026-07-05T20:00:00Z,Brazil,Norway,elimination,matchbook,Matchbook,2026-07-04T08:49:45Z,h2h,2026-07-04T08:49:45Z,Brazil,1.87,
a4634eae056c18d705e3feffb347163f,2026-07-05T20:00:00Z,Brazil,Norway,elimination,matchbook,Matchbook,2026-07-04T08:49:45Z,h2h,2026-07-04T08:49:45Z,Norway,4.9,
a4634eae056c18d705e3feffb347163f,2026-07-05T20:00:00Z,Brazil,Norway,elimination,matchbook,Matchbook,2026-07-04T08:49:45Z,h2h,2026-07-04T08:49:45Z,Draw,3.8,
a4634eae056c18d705e3feffb347163f,2026-07-05T20:00:00Z,Brazil,Norway,elimination,matchbook,Matchbook,2026-07-04T08:49:45Z,spreads,2026-07-04T08:49:45Z,Brazil,2.12,-0.75
a4634eae056c18d705e3feffb347163f,2026-07-05T20:00:00Z,Brazil,Norway,elimination,matchbook,Matchbook,2026-07-04T08:49:45Z,spreads,2026-07-04T08:49:45Z,Norway,1.88,0.75
a4634eae056c18d705e3feffb347163f,2026-07-05T20:00:00Z,Brazil,Norway,elimination,betfair_ex_eu,Betfair,2026-07-04T08:49:34Z,h2h,2026-07-04T08:49:34Z,Brazil,1.86,
a4634eae056c18d705e3feffb347163f,2026-07-05T20:00:00Z,Brazil,Norway,elimination,betfair_ex_eu,Betfair,2026-07-04T08:49:34Z,h2h,2026-07-04T08:49:34Z,Norway,4.9,
a4634eae056c18d705e3feffb347163f,2026-07-05T20:00:00Z,Brazil,Norway,elimination,betfair_ex_eu,Betfair,2026-07-04T08:49:34Z,h2h,2026-07-04T08:49:34Z,Draw,3.8,
a4634eae056c18d705e3feffb347163f,2026-07-05T20:00:00Z,Brazil,Norway,elimination,gtbets,GTbets,2026-07-04T08:49:24Z,h2h,2026-07-04T08:49:24Z,Brazil,1.86,
a4634eae056c18d705e3feffb347163f,2026-07-05T20:00:00Z,Brazil,Norway,elimination,gtbets,GTbets,2026-07-04T08:49:24Z,h2h,2026-07-04T08:49:24Z,Norway,4.13,
a4634eae056c18d705e3feffb347163f,2026-07-05T20:00:00Z,Brazil,Norway,elimination,gtbets,GTbets,2026-07-04T08:49:24Z,h2h,2026-07-04T08:49:24Z,Draw,3.69,
a4634eae056c18d705e3feffb347163f,2026-07-05T20:00:00Z,Brazil,Norway,elimination,gtbets,GTbets,2026-07-04T08:49:24Z,spreads,2026-07-04T08:49:24Z,Brazil,1.85,-0.5
a4634eae056c18d705e3feffb347163f,2026-07-05T20:00:00Z,Brazil,Norway,elimination,gtbets,GTbets,2026-07-04T08:49:24Z,spreads,2026-07-04T08:49:24Z,Norway,1.97,0.5
a4634eae056c18d705e3feffb347163f,2026-07-05T20:00:00Z,Brazil,Norway,elimination,gtbets,GTbets,2026-07-04T08:49:24Z,totals,2026-07-04T08:49:24Z,Over,1.76,2.5
a4634eae056c18d705e3feffb347163f,2026-07-05T20:00:00Z,Brazil,Norway,elimination,gtbets,GTbets,2026-07-04T08:49:24Z,totals,2026-07-04T08:49:24Z,Under,2.08,2.5
a4634eae056c18d705e3feffb347163f,2026-07-05T20:00:00Z,Brazil,Norway,elimination,pinnacle,Pinnacle,2026-07-04T08:49:46Z,h2h,2026-07-04T08:49:46Z,Brazil,1.83,
a4634eae056c18d705e3feffb347163f,2026-07-05T20:00:00Z,Brazil,Norway,elimination,pinnacle,Pinnacle,2026-07-04T08:49:46Z,h2h,2026-07-04T08:49:46Z,Norway,4.47,
a4634eae056c18d705e3feffb347163f,2026-07-05T20:00:00Z,Brazil,Norway,elimination,pinnacle,Pinnacle,2026-07-04T08:49:46Z,h2h,2026-07-04T08:49:46Z,Draw,3.77,
a4634eae056c18d705e3feffb347163f,2026-07-05T20:00:00Z,Brazil,Norway,elimination,pinnacle,Pinnacle,2026-07-04T08:49:46Z,spreads,2026-07-04T08:49:46Z,Brazil,2.08,-0.75
a4634eae056c18d705e3feffb347163f,2026-07-05T20:00:00Z,Brazil,Norway,elimination,pinnacle,Pinnacle,2026-07-04T08:49:46Z,spreads,2026-07-04T08:49:46Z,Norway,1.84,0.75
a4634eae056c18d705e3feffb347163f,2026-07-05T20:00:00Z,Brazil,Norway,elimination,pinnacle,Pinnacle,2026-07-04T08:49:46Z,totals,2026-07-04T08:49:46Z,Over,1.98,2.75
a4634eae056c18d705e3feffb347163f,2026-07-05T20:00:00Z,Brazil,Norway,elimination,pinnacle,Pinnacle,2026-07-04T08:49:46Z,totals,2026-07-04T08:49:46Z,Under,1.91,2.75
a4634eae056c18d705e3feffb347163f,2026-07-05T20:00:00Z,Brazil,Norway,elimination,winamax_de,Winamax (DE),2026-07-04T08:49:02Z,h2h,2026-07-04T08:49:02Z,Brazil,1.8,
a4634eae056c18d705e3feffb347163f,2026-07-05T20:00:00Z,Brazil,Norway,elimination,winamax_de,Winamax (DE),2026-07-04T08:49:02Z,h2h,2026-07-04T08:49:02Z,Norway,4.2,
a4634eae056c18d705e3feffb347163f,2026-07-05T20:00:00Z,Brazil,Norway,elimination,winamax_de,Winamax (DE),2026-07-04T08:49:02Z,h2h,2026-07-04T08:49:02Z,Draw,3.8,
a4634eae056c18d705e3feffb347163f,2026-07-05T20:00:00Z,Brazil,Norway,elimination,winamax_fr,Winamax (FR),2026-07-04T08:49:24Z,h2h,2026-07-04T08:49:24Z,Brazil,1.78,
a4634eae056c18d705e3feffb347163f,2026-07-05T20:00:00Z,Brazil,Norway,elimination,winamax_fr,Winamax (FR),2026-07-04T08:49:24Z,h2h,2026-07-04T08:49:24Z,Norway,4.1,
a4634eae056c18d705e3feffb347163f,2026-07-05T20:00:00Z,Brazil,Norway,elimination,winamax_fr,Winamax (FR),2026-07-04T08:49:24Z,h2h,2026-07-04T08:49:24Z,Draw,3.8,
a4634eae056c18d705e3feffb347163f,2026-07-05T20:00:00Z,Brazil,Norway,elimination,nordicbet,Nordic Bet,2026-07-04T08:49:12Z,h2h,2026-07-04T08:49:12Z,Brazil,1.88,
a4634eae056c18d705e3feffb347163f,2026-07-05T20:00:00Z,Brazil,Norway,elimination,nordicbet,Nordic Bet,2026-07-04T08:49:12Z,h2h,2026-07-04T08:49:12Z,Norway,4.45,
a4634eae056c18d705e3feffb347163f,2026-07-05T20:00:00Z,Brazil,Norway,elimination,nordicbet,Nordic Bet,2026-07-04T08:49:12Z,h2h,2026-07-04T08:49:12Z,Draw,3.7,
a4634eae056c18d705e3feffb347163f,2026-07-05T20:00:00Z,Brazil,Norway,elimination,nordicbet,Nordic Bet,2026-07-04T08:49:12Z,totals,2026-07-04T08:49:12Z,Over,1.78,2.5
a4634eae056c18d705e3feffb347163f,2026-07-05T20:00:00Z,Brazil,Norway,elimination,nordicbet,Nordic Bet,2026-07-04T08:49:12Z,totals,2026-07-04T08:49:12Z,Under,2.08,2.5
a4634eae056c18d705e3feffb347163f,2026-07-05T20:00:00Z,Brazil,Norway,elimination,betsson,Betsson,2026-07-04T08:48:07Z,h2h,2026-07-04T08:48:07Z,Brazil,1.88,
a4634eae056c18d705e3feffb347163f,2026-07-05T20:00:00Z,Brazil,Norway,elimination,betsson,Betsson,2026-07-04T08:48:07Z,h2h,2026-07-04T08:48:07Z,Norway,4.45,
a4634eae056c18d705e3feffb347163f,2026-07-05T20:00:00Z,Brazil,Norway,elimination,betsson,Betsson,2026-07-04T08:48:07Z,h2h,2026-07-04T08:48:07Z,Draw,3.7,
a4634eae056c18d705e3feffb347163f,2026-07-05T20:00:00Z,Brazil,Norway,elimination,betsson,Betsson,2026-07-04T08:48:07Z,totals,2026-07-04T08:48:07Z,Over,1.78,2.5
a4634eae056c18d705e3feffb347163f,2026-07-05T20:00:00Z,Brazil,Norway,elimination,betsson,Betsson,2026-07-04T08:48:07Z,totals,2026-07-04T08:48:07Z,Under,2.08,2.5
a4634eae056c18d705e3feffb347163f,2026-07-05T20:00:00Z,Brazil,Norway,elimination,betonlineag,BetOnline.ag,2026-07-04T08:49:12Z,h2h,2026-07-04T08:49:12Z,Brazil,1.83,
a4634eae056c18d705e3feffb347163f,2026-07-05T20:00:00Z,Brazil,Norway,elimination,betonlineag,BetOnline.ag,2026-07-04T08:49:12Z,h2h,2026-07-04T08:49:12Z,Norway,4.67,
a4634eae056c18d705e3feffb347163f,2026-07-05T20:00:00Z,Brazil,Norway,elimination,betonlineag,BetOnline.ag,2026-07-04T08:49:12Z,h2h,2026-07-04T08:49:12Z,Draw,3.69,
a4634eae056c18d705e3feffb347163f,2026-07-05T20:00:00Z,Brazil,Norway,elimination,betonlineag,BetOnline.ag,2026-07-04T08:49:12Z,spreads,2026-07-04T08:49:12Z,Brazil,1.83,-0.5
a4634eae056c18d705e3feffb347163f,2026-07-05T20:00:00Z,Brazil,Norway,elimination,betonlineag,BetOnline.ag,2026-07-04T08:49:12Z,spreads,2026-07-04T08:49:12Z,Norway,2.04,0.5
a4634eae056c18d705e3feffb347163f,2026-07-05T20:00:00Z,Brazil,Norway,elimination,betonlineag,BetOnline.ag,2026-07-04T08:49:12Z,totals,2026-07-04T08:49:12Z,Over,1.78,2.5
a4634eae056c18d705e3feffb347163f,2026-07-05T20:00:00Z,Brazil,Norway,elimination,betonlineag,BetOnline.ag,2026-07-04T08:49:12Z,totals,2026-07-04T08:49:12Z,Under,2.12,2.5
a4634eae056c18d705e3feffb347163f,2026-07-05T20:00:00Z,Brazil,Norway,elimination,betanysports,BetAnything,2026-07-04T08:48:50Z,h2h,2026-07-04T08:48:50Z,Brazil,1.82,
a4634eae056c18d705e3feffb347163f,2026-07-05T20:00:00Z,Brazil,Norway,elimination,betanysports,BetAnything,2026-07-04T08:48:50Z,h2h,2026-07-04T08:48:50Z,Norway,4.2,
a4634eae056c18d705e3feffb347163f,2026-07-05T20:00:00Z,Brazil,Norway,elimination,betanysports,BetAnything,2026-07-04T08:48:50Z,h2h,2026-07-04T08:48:50Z,Draw,3.8,
a4634eae056c18d705e3feffb347163f,2026-07-05T20:00:00Z,Brazil,Norway,elimination,betanysports,BetAnything,2026-07-04T08:48:50Z,spreads,2026-07-04T08:48:50Z,Brazil,1.83,-0.5
a4634eae056c18d705e3feffb347163f,2026-07-05T20:00:00Z,Brazil,Norway,elimination,betanysports,BetAnything,2026-07-04T08:48:50Z,spreads,2026-07-04T08:48:50Z,Norway,2.0,0.5
a4634eae056c18d705e3feffb347163f,2026-07-05T20:00:00Z,Brazil,Norway,elimination,betanysports,BetAnything,2026-07-04T08:48:50Z,totals,2026-07-04T08:48:50Z,Over,2.85,3.5
a4634eae056c18d705e3feffb347163f,2026-07-05T20:00:00Z,Brazil,Norway,elimination,betanysports,BetAnything,2026-07-04T08:48:50Z,totals,2026-07-04T08:48:50Z,Under,1.43,3.5
a4634eae056c18d705e3feffb347163f,2026-07-05T20:00:00Z,Brazil,Norway,elimination,everygame,Everygame,2026-07-04T08:48:31Z,h2h,2026-07-04T08:48:31Z,Brazil,1.8,
a4634eae056c18d705e3feffb347163f,2026-07-05T20:00:00Z,Brazil,Norway,elimination,everygame,Everygame,2026-07-04T08:48:31Z,h2h,2026-07-04T08:48:31Z,Norway,4.4,
a4634eae056c18d705e3feffb347163f,2026-07-05T20:00:00Z,Brazil,Norway,elimination,everygame,Everygame,2026-07-04T08:48:31Z,h2h,2026-07-04T08:48:31Z,Draw,3.75,
a4634eae056c18d705e3feffb347163f,2026-07-05T20:00:00Z,Brazil,Norway,elimination,coolbet,Coolbet,2026-07-04T08:48:51Z,h2h,2026-07-04T08:48:51Z,Brazil,1.85,
a4634eae056c18d705e3feffb347163f,2026-07-05T20:00:00Z,Brazil,Norway,elimination,coolbet,Coolbet,2026-07-04T08:48:51Z,h2h,2026-07-04T08:48:51Z,Norway,4.5,
a4634eae056c18d705e3feffb347163f,2026-07-05T20:00:00Z,Brazil,Norway,elimination,coolbet,Coolbet,2026-07-04T08:48:51Z,h2h,2026-07-04T08:48:51Z,Draw,3.8,
a4634eae056c18d705e3feffb347163f,2026-07-05T20:00:00Z,Brazil,Norway,elimination,coolbet,Coolbet,2026-07-04T08:48:51Z,totals,2026-07-04T08:48:51Z,Over,1.75,2.5
a4634eae056c18d705e3feffb347163f,2026-07-05T20:00:00Z,Brazil,Norway,elimination,coolbet,Coolbet,2026-07-04T08:48:51Z,totals,2026-07-04T08:48:51Z,Under,2.16,2.5
e61a7b471cadc8e3849158ed59d49cab,2026-07-06T00:00:00Z,Mexico,England,elimination,unibet_nl,Unibet (NL),2026-07-04T08:49:13Z,h2h,2026-07-04T08:49:13Z,England,2.48,
e61a7b471cadc8e3849158ed59d49cab,2026-07-06T00:00:00Z,Mexico,England,elimination,unibet_nl,Unibet (NL),2026-07-04T08:49:13Z,h2h,2026-07-04T08:49:13Z,Mexico,3.2,
e61a7b471cadc8e3849158ed59d49cab,2026-07-06T00:00:00Z,Mexico,England,elimination,unibet_nl,Unibet (NL),2026-07-04T08:49:13Z,h2h,2026-07-04T08:49:13Z,Draw,3.2,
e61a7b471cadc8e3849158ed59d49cab,2026-07-06T00:00:00Z,Mexico,England,elimination,unibet_nl,Unibet (NL),2026-07-04T08:49:13Z,totals,2026-07-04T08:49:13Z,Over,2.4,2.5
e61a7b471cadc8e3849158ed59d49cab,2026-07-06T00:00:00Z,Mexico,England,elimination,unibet_nl,Unibet (NL),2026-07-04T08:49:13Z,totals,2026-07-04T08:49:13Z,Under,1.55,2.5
e61a7b471cadc8e3849158ed59d49cab,2026-07-06T00:00:00Z,Mexico,England,elimination,onexbet,1xBet,2026-07-04T08:49:02Z,h2h,2026-07-04T08:49:01Z,England,2.51,
e61a7b471cadc8e3849158ed59d49cab,2026-07-06T00:00:00Z,Mexico,England,elimination,onexbet,1xBet,2026-07-04T08:49:02Z,h2h,2026-07-04T08:49:01Z,Mexico,3.17,
e61a7b471cadc8e3849158ed59d49cab,2026-07-06T00:00:00Z,Mexico,England,elimination,onexbet,1xBet,2026-07-04T08:49:02Z,h2h,2026-07-04T08:49:01Z,Draw,3.33,
e61a7b471cadc8e3849158ed59d49cab,2026-07-06T00:00:00Z,Mexico,England,elimination,onexbet,1xBet,2026-07-04T08:49:02Z,spreads,2026-07-04T08:49:01Z,England,1.74,0.0
e61a7b471cadc8e3849158ed59d49cab,2026-07-06T00:00:00Z,Mexico,England,elimination,onexbet,1xBet,2026-07-04T08:49:02Z,spreads,2026-07-04T08:49:01Z,Mexico,2.17,0.0
e61a7b471cadc8e3849158ed59d49cab,2026-07-06T00:00:00Z,Mexico,England,elimination,onexbet,1xBet,2026-07-04T08:49:02Z,totals,2026-07-04T08:49:01Z,Over,2.38,2.5
e61a7b471cadc8e3849158ed59d49cab,2026-07-06T00:00:00Z,Mexico,England,elimination,onexbet,1xBet,2026-07-04T08:49:02Z,totals,2026-07-04T08:49:01Z,Under,1.62,2.5
e61a7b471cadc8e3849158ed59d49cab,2026-07-06T00:00:00Z,Mexico,England,elimination,marathonbet,Marathon Bet,2026-07-04T08:49:02Z,h2h,2026-07-04T08:49:02Z,England,2.44,
e61a7b471cadc8e3849158ed59d49cab,2026-07-06T00:00:00Z,Mexico,England,elimination,marathonbet,Marathon Bet,2026-07-04T08:49:02Z,h2h,2026-07-04T08:49:02Z,Mexico,3.08,
e61a7b471cadc8e3849158ed59d49cab,2026-07-06T00:00:00Z,Mexico,England,elimination,marathonbet,Marathon Bet,2026-07-04T08:49:02Z,h2h,2026-07-04T08:49:02Z,Draw,3.24,
e61a7b471cadc8e3849158ed59d49cab,2026-07-06T00:00:00Z,Mexico,England,elimination,unibet_se,Unibet (SE),2026-07-04T08:49:13Z,h2h,2026-07-04T08:49:13Z,England,2.48,
e61a7b471cadc8e3849158ed59d49cab,2026-07-06T00:00:00Z,Mexico,England,elimination,unibet_se,Unibet (SE),2026-07-04T08:49:13Z,h2h,2026-07-04T08:49:13Z,Mexico,3.2,
e61a7b471cadc8e3849158ed59d49cab,2026-07-06T00:00:00Z,Mexico,England,elimination,unibet_se,Unibet (SE),2026-07-04T08:49:13Z,h2h,2026-07-04T08:49:13Z,Draw,3.2,
e61a7b471cadc8e3849158ed59d49cab,2026-07-06T00:00:00Z,Mexico,England,elimination,unibet_se,Unibet (SE),2026-07-04T08:49:13Z,totals,2026-07-04T08:49:13Z,Over,2.43,2.5
e61a7b471cadc8e3849158ed59d49cab,2026-07-06T00:00:00Z,Mexico,England,elimination,unibet_se,Unibet (SE),2026-07-04T08:49:13Z,totals,2026-07-04T08:49:13Z,Under,1.56,2.5
e61a7b471cadc8e3849158ed59d49cab,2026-07-06T00:00:00Z,Mexico,England,elimination,pmu_fr,PMU (FR),2026-07-04T08:48:50Z,h2h,2026-07-04T08:48:50Z,England,2.38,
e61a7b471cadc8e3849158ed59d49cab,2026-07-06T00:00:00Z,Mexico,England,elimination,pmu_fr,PMU (FR),2026-07-04T08:48:50Z,h2h,2026-07-04T08:48:50Z,Mexico,3.05,
e61a7b471cadc8e3849158ed59d49cab,2026-07-06T00:00:00Z,Mexico,England,elimination,pmu_fr,PMU (FR),2026-07-04T08:48:50Z,h2h,2026-07-04T08:48:50Z,Draw,3.05,
e61a7b471cadc8e3849158ed59d49cab,2026-07-06T00:00:00Z,Mexico,England,elimination,pmu_fr,PMU (FR),2026-07-04T08:48:50Z,totals,2026-07-04T08:48:50Z,Over,2.33,2.5
e61a7b471cadc8e3849158ed59d49cab,2026-07-06T00:00:00Z,Mexico,England,elimination,pmu_fr,PMU (FR),2026-07-04T08:48:50Z,totals,2026-07-04T08:48:50Z,Under,1.51,2.5
e61a7b471cadc8e3849158ed59d49cab,2026-07-06T00:00:00Z,Mexico,England,elimination,leovegas_se,LeoVegas (SE),2026-07-04T08:49:12Z,h2h,2026-07-04T08:49:12Z,England,2.43,
e61a7b471cadc8e3849158ed59d49cab,2026-07-06T00:00:00Z,Mexico,England,elimination,leovegas_se,LeoVegas (SE),2026-07-04T08:49:12Z,h2h,2026-07-04T08:49:12Z,Mexico,3.15,
e61a7b471cadc8e3849158ed59d49cab,2026-07-06T00:00:00Z,Mexico,England,elimination,leovegas_se,LeoVegas (SE),2026-07-04T08:49:12Z,h2h,2026-07-04T08:49:12Z,Draw,3.15,
e61a7b471cadc8e3849158ed59d49cab,2026-07-06T00:00:00Z,Mexico,England,elimination,tipico_de,Tipico,2026-07-04T08:49:12Z,h2h,2026-07-04T08:49:12Z,England,2.35,
e61a7b471cadc8e3849158ed59d49cab,2026-07-06T00:00:00Z,Mexico,England,elimination,tipico_de,Tipico,2026-07-04T08:49:12Z,h2h,2026-07-04T08:49:12Z,Mexico,3.2,
e61a7b471cadc8e3849158ed59d49cab,2026-07-06T00:00:00Z,Mexico,England,elimination,tipico_de,Tipico,2026-07-04T08:49:12Z,h2h,2026-07-04T08:49:12Z,Draw,3.2,
e61a7b471cadc8e3849158ed59d49cab,2026-07-06T00:00:00Z,Mexico,England,elimination,pinnacle,Pinnacle,2026-07-04T08:49:46Z,h2h,2026-07-04T08:49:46Z,England,2.43,
e61a7b471cadc8e3849158ed59d49cab,2026-07-06T00:00:00Z,Mexico,England,elimination,pinnacle,Pinnacle,2026-07-04T08:49:46Z,h2h,2026-07-04T08:49:46Z,Mexico,3.16,
e61a7b471cadc8e3849158ed59d49cab,2026-07-06T00:00:00Z,Mexico,England,elimination,pinnacle,Pinnacle,2026-07-04T08:49:46Z,h2h,2026-07-04T08:49:46Z,Draw,3.27,
e61a7b471cadc8e3849158ed59d49cab,2026-07-06T00:00:00Z,Mexico,England,elimination,pinnacle,Pinnacle,2026-07-04T08:49:46Z,spreads,2026-07-04T08:49:46Z,England,2.08,-0.25
e61a7b471cadc8e3849158ed59d49cab,2026-07-06T00:00:00Z,Mexico,England,elimination,pinnacle,Pinnacle,2026-07-04T08:49:46Z,spreads,2026-07-04T08:49:46Z,Mexico,1.83,0.25
e61a7b471cadc8e3849158ed59d49cab,2026-07-06T00:00:00Z,Mexico,England,elimination,pinnacle,Pinnacle,2026-07-04T08:49:46Z,totals,2026-07-04T08:49:46Z,Over,2.11,2.25
e61a7b471cadc8e3849158ed59d49cab,2026-07-06T00:00:00Z,Mexico,England,elimination,pinnacle,Pinnacle,2026-07-04T08:49:46Z,totals,2026-07-04T08:49:46Z,Under,1.8,2.25
e61a7b471cadc8e3849158ed59d49cab,2026-07-06T00:00:00Z,Mexico,England,elimination,sport888,888sport,2026-07-04T08:49:02Z,h2h,2026-07-04T08:49:02Z,England,2.4,
e61a7b471cadc8e3849158ed59d49cab,2026-07-06T00:00:00Z,Mexico,England,elimination,sport888,888sport,2026-07-04T08:49:02Z,h2h,2026-07-04T08:49:02Z,Mexico,2.9,
e61a7b471cadc8e3849158ed59d49cab,2026-07-06T00:00:00Z,Mexico,England,elimination,sport888,888sport,2026-07-04T08:49:02Z,h2h,2026-07-04T08:49:02Z,Draw,3.0,
e61a7b471cadc8e3849158ed59d49cab,2026-07-06T00:00:00Z,Mexico,England,elimination,unibet_fr,Unibet (FR),2026-07-04T08:49:45Z,h2h,2026-07-04T08:49:45Z,England,2.4,
e61a7b471cadc8e3849158ed59d49cab,2026-07-06T00:00:00Z,Mexico,England,elimination,unibet_fr,Unibet (FR),2026-07-04T08:49:45Z,h2h,2026-07-04T08:49:45Z,Mexico,3.0,
e61a7b471cadc8e3849158ed59d49cab,2026-07-06T00:00:00Z,Mexico,England,elimination,unibet_fr,Unibet (FR),2026-07-04T08:49:45Z,h2h,2026-07-04T08:49:45Z,Draw,3.35,
e61a7b471cadc8e3849158ed59d49cab,2026-07-06T00:00:00Z,Mexico,England,elimination,winamax_fr,Winamax (FR),2026-07-04T08:49:24Z,h2h,2026-07-04T08:49:24Z,England,2.3,
e61a7b471cadc8e3849158ed59d49cab,2026-07-06T00:00:00Z,Mexico,England,elimination,winamax_fr,Winamax (FR),2026-07-04T08:49:24Z,h2h,2026-07-04T08:49:24Z,Mexico,3.05,
e61a7b471cadc8e3849158ed59d49cab,2026-07-06T00:00:00Z,Mexico,England,elimination,winamax_fr,Winamax (FR),2026-07-04T08:49:24Z,h2h,2026-07-04T08:49:24Z,Draw,3.25,
e61a7b471cadc8e3849158ed59d49cab,2026-07-06T00:00:00Z,Mexico,England,elimination,codere_it,Codere (IT),2026-07-04T08:49:01Z,h2h,2026-07-04T08:49:01Z,England,2.42,
e61a7b471cadc8e3849158ed59d49cab,2026-07-06T00:00:00Z,Mexico,England,elimination,codere_it,Codere (IT),2026-07-04T08:49:01Z,h2h,2026-07-04T08:49:01Z,Mexico,3.15,
e61a7b471cadc8e3849158ed59d49cab,2026-07-06T00:00:00Z,Mexico,England,elimination,codere_it,Codere (IT),2026-07-04T08:49:01Z,h2h,2026-07-04T08:49:01Z,Draw,3.15,
e61a7b471cadc8e3849158ed59d49cab,2026-07-06T00:00:00Z,Mexico,England,elimination,codere_it,Codere (IT),2026-07-04T08:49:01Z,totals,2026-07-04T08:49:01Z,Over,2.26,2.5
e61a7b471cadc8e3849158ed59d49cab,2026-07-06T00:00:00Z,Mexico,England,elimination,codere_it,Codere (IT),2026-07-04T08:49:01Z,totals,2026-07-04T08:49:01Z,Under,1.54,2.5
e61a7b471cadc8e3849158ed59d49cab,2026-07-06T00:00:00Z,Mexico,England,elimination,winamax_de,Winamax (DE),2026-07-04T08:49:02Z,h2h,2026-07-04T08:49:02Z,England,2.35,
e61a7b471cadc8e3849158ed59d49cab,2026-07-06T00:00:00Z,Mexico,England,elimination,winamax_de,Winamax (DE),2026-07-04T08:49:02Z,h2h,2026-07-04T08:49:02Z,Mexico,3.1,
e61a7b471cadc8e3849158ed59d49cab,2026-07-06T00:00:00Z,Mexico,England,elimination,winamax_de,Winamax (DE),2026-07-04T08:49:02Z,h2h,2026-07-04T08:49:02Z,Draw,3.25,
e61a7b471cadc8e3849158ed59d49cab,2026-07-06T00:00:00Z,Mexico,England,elimination,betclic_fr,Betclic (FR),2026-07-04T08:46:50Z,h2h,2026-07-04T08:46:50Z,England,2.4,
e61a7b471cadc8e3849158ed59d49cab,2026-07-06T00:00:00Z,Mexico,England,elimination,betclic_fr,Betclic (FR),2026-07-04T08:46:50Z,h2h,2026-07-04T08:46:50Z,Mexico,3.15,
e61a7b471cadc8e3849158ed59d49cab,2026-07-06T00:00:00Z,Mexico,England,elimination,betclic_fr,Betclic (FR),2026-07-04T08:46:50Z,h2h,2026-07-04T08:46:50Z,Draw,3.17,
e61a7b471cadc8e3849158ed59d49cab,2026-07-06T00:00:00Z,Mexico,England,elimination,williamhill,William Hill,2026-07-04T08:49:45Z,h2h,2026-07-04T08:49:45Z,England,2.45,
e61a7b471cadc8e3849158ed59d49cab,2026-07-06T00:00:00Z,Mexico,England,elimination,williamhill,William Hill,2026-07-04T08:49:45Z,h2h,2026-07-04T08:49:45Z,Mexico,2.9,
e61a7b471cadc8e3849158ed59d49cab,2026-07-06T00:00:00Z,Mexico,England,elimination,williamhill,William Hill,2026-07-04T08:49:45Z,h2h,2026-07-04T08:49:45Z,Draw,3.0,
e61a7b471cadc8e3849158ed59d49cab,2026-07-06T00:00:00Z,Mexico,England,elimination,williamhill,William Hill,2026-07-04T08:49:45Z,totals,2026-07-04T08:49:45Z,Over,2.3,2.5
e61a7b471cadc8e3849158ed59d49cab,2026-07-06T00:00:00Z,Mexico,England,elimination,williamhill,William Hill,2026-07-04T08:49:45Z,totals,2026-07-04T08:49:45Z,Under,1.57,2.5
e61a7b471cadc8e3849158ed59d49cab,2026-07-06T00:00:00Z,Mexico,England,elimination,matchbook,Matchbook,2026-07-04T08:49:45Z,h2h,2026-07-04T08:49:45Z,England,2.54,
e61a7b471cadc8e3849158ed59d49cab,2026-07-06T00:00:00Z,Mexico,England,elimination,matchbook,Matchbook,2026-07-04T08:49:45Z,h2h,2026-07-04T08:49:45Z,Mexico,3.25,
e61a7b471cadc8e3849158ed59d49cab,2026-07-06T00:00:00Z,Mexico,England,elimination,matchbook,Matchbook,2026-07-04T08:49:45Z,h2h,2026-07-04T08:49:45Z,Draw,3.3,
e61a7b471cadc8e3849158ed59d49cab,2026-07-06T00:00:00Z,Mexico,England,elimination,matchbook,Matchbook,2026-07-04T08:49:45Z,spreads,2026-07-04T08:49:45Z,England,2.16,-0.25
e61a7b471cadc8e3849158ed59d49cab,2026-07-06T00:00:00Z,Mexico,England,elimination,matchbook,Matchbook,2026-07-04T08:49:45Z,spreads,2026-07-04T08:49:45Z,Mexico,1.84,0.25
e61a7b471cadc8e3849158ed59d49cab,2026-07-06T00:00:00Z,Mexico,England,elimination,matchbook,Matchbook,2026-07-04T08:49:45Z,totals,2026-07-04T08:49:45Z,Over,2.5,2.5
e61a7b471cadc8e3849158ed59d49cab,2026-07-06T00:00:00Z,Mexico,England,elimination,matchbook,Matchbook,2026-07-04T08:49:45Z,totals,2026-07-04T08:49:45Z,Under,1.64,2.5
e61a7b471cadc8e3849158ed59d49cab,2026-07-06T00:00:00Z,Mexico,England,elimination,mybookieag,MyBookie.ag,2026-07-04T08:49:45Z,h2h,2026-07-04T08:49:45Z,England,2.4,
e61a7b471cadc8e3849158ed59d49cab,2026-07-06T00:00:00Z,Mexico,England,elimination,mybookieag,MyBookie.ag,2026-07-04T08:49:45Z,h2h,2026-07-04T08:49:45Z,Mexico,3.1,
e61a7b471cadc8e3849158ed59d49cab,2026-07-06T00:00:00Z,Mexico,England,elimination,mybookieag,MyBookie.ag,2026-07-04T08:49:45Z,h2h,2026-07-04T08:49:45Z,Draw,3.12,
e61a7b471cadc8e3849158ed59d49cab,2026-07-06T00:00:00Z,Mexico,England,elimination,mybookieag,MyBookie.ag,2026-07-04T08:49:45Z,spreads,2026-07-04T08:49:45Z,England,2.3,-0.5
e61a7b471cadc8e3849158ed59d49cab,2026-07-06T00:00:00Z,Mexico,England,elimination,mybookieag,MyBookie.ag,2026-07-04T08:49:45Z,spreads,2026-07-04T08:49:45Z,Mexico,1.55,0.5
e61a7b471cadc8e3849158ed59d49cab,2026-07-06T00:00:00Z,Mexico,England,elimination,mybookieag,MyBookie.ag,2026-07-04T08:49:45Z,totals,2026-07-04T08:49:45Z,Over,1.72,2.0
e61a7b471cadc8e3849158ed59d49cab,2026-07-06T00:00:00Z,Mexico,England,elimination,mybookieag,MyBookie.ag,2026-07-04T08:49:45Z,totals,2026-07-04T08:49:45Z,Under,2.01,2.0
e61a7b471cadc8e3849158ed59d49cab,2026-07-06T00:00:00Z,Mexico,England,elimination,gtbets,GTbets,2026-07-04T08:49:24Z,h2h,2026-07-04T08:49:24Z,England,2.41,
e61a7b471cadc8e3849158ed59d49cab,2026-07-06T00:00:00Z,Mexico,England,elimination,gtbets,GTbets,2026-07-04T08:49:24Z,h2h,2026-07-04T08:49:24Z,Mexico,3.13,
e61a7b471cadc8e3849158ed59d49cab,2026-07-06T00:00:00Z,Mexico,England,elimination,gtbets,GTbets,2026-07-04T08:49:24Z,h2h,2026-07-04T08:49:24Z,Draw,3.18,
e61a7b471cadc8e3849158ed59d49cab,2026-07-06T00:00:00Z,Mexico,England,elimination,gtbets,GTbets,2026-07-04T08:49:24Z,spreads,2026-07-04T08:49:24Z,England,2.33,-0.5
e61a7b471cadc8e3849158ed59d49cab,2026-07-06T00:00:00Z,Mexico,England,elimination,gtbets,GTbets,2026-07-04T08:49:24Z,spreads,2026-07-04T08:49:24Z,Mexico,1.61,0.5
e61a7b471cadc8e3849158ed59d49cab,2026-07-06T00:00:00Z,Mexico,England,elimination,gtbets,GTbets,2026-07-04T08:49:24Z,totals,2026-07-04T08:49:24Z,Over,2.42,2.5
e61a7b471cadc8e3849158ed59d49cab,2026-07-06T00:00:00Z,Mexico,England,elimination,gtbets,GTbets,2026-07-04T08:49:24Z,totals,2026-07-04T08:49:24Z,Under,1.57,2.5
e61a7b471cadc8e3849158ed59d49cab,2026-07-06T00:00:00Z,Mexico,England,elimination,betfair_ex_eu,Betfair,2026-07-04T08:49:34Z,h2h,2026-07-04T08:49:34Z,England,2.54,
e61a7b471cadc8e3849158ed59d49cab,2026-07-06T00:00:00Z,Mexico,England,elimination,betfair_ex_eu,Betfair,2026-07-04T08:49:34Z,h2h,2026-07-04T08:49:34Z,Mexico,3.2,
e61a7b471cadc8e3849158ed59d49cab,2026-07-06T00:00:00Z,Mexico,England,elimination,betfair_ex_eu,Betfair,2026-07-04T08:49:34Z,h2h,2026-07-04T08:49:34Z,Draw,3.3,
e61a7b471cadc8e3849158ed59d49cab,2026-07-06T00:00:00Z,Mexico,England,elimination,nordicbet,Nordic Bet,2026-07-04T08:49:12Z,h2h,2026-07-04T08:49:12Z,England,2.42,
e61a7b471cadc8e3849158ed59d49cab,2026-07-06T00:00:00Z,Mexico,England,elimination,nordicbet,Nordic Bet,2026-07-04T08:49:12Z,h2h,2026-07-04T08:49:12Z,Mexico,3.15,
e61a7b471cadc8e3849158ed59d49cab,2026-07-06T00:00:00Z,Mexico,England,elimination,nordicbet,Nordic Bet,2026-07-04T08:49:12Z,h2h,2026-07-04T08:49:12Z,Draw,3.3,
e61a7b471cadc8e3849158ed59d49cab,2026-07-06T00:00:00Z,Mexico,England,elimination,nordicbet,Nordic Bet,2026-07-04T08:49:12Z,totals,2026-07-04T08:49:12Z,Over,2.38,2.5
e61a7b471cadc8e3849158ed59d49cab,2026-07-06T00:00:00Z,Mexico,England,elimination,nordicbet,Nordic Bet,2026-07-04T08:49:12Z,totals,2026-07-04T08:49:12Z,Under,1.6,2.5
e61a7b471cadc8e3849158ed59d49cab,2026-07-06T00:00:00Z,Mexico,England,elimination,betsson,Betsson,2026-07-04T08:48:07Z,h2h,2026-07-04T08:48:07Z,England,2.42,
e61a7b471cadc8e3849158ed59d49cab,2026-07-06T00:00:00Z,Mexico,England,elimination,betsson,Betsson,2026-07-04T08:48:07Z,h2h,2026-07-04T08:48:07Z,Mexico,3.15,
e61a7b471cadc8e3849158ed59d49cab,2026-07-06T00:00:00Z,Mexico,England,elimination,betsson,Betsson,2026-07-04T08:48:07Z,h2h,2026-07-04T08:48:07Z,Draw,3.3,
e61a7b471cadc8e3849158ed59d49cab,2026-07-06T00:00:00Z,Mexico,England,elimination,betsson,Betsson,2026-07-04T08:48:07Z,totals,2026-07-04T08:48:07Z,Over,2.38,2.5
e61a7b471cadc8e3849158ed59d49cab,2026-07-06T00:00:00Z,Mexico,England,elimination,betsson,Betsson,2026-07-04T08:48:07Z,totals,2026-07-04T08:48:07Z,Under,1.6,2.5
e61a7b471cadc8e3849158ed59d49cab,2026-07-06T00:00:00Z,Mexico,England,elimination,betonlineag,BetOnline.ag,2026-07-04T08:49:12Z,h2h,2026-07-04T08:49:12Z,England,2.49,
e61a7b471cadc8e3849158ed59d49cab,2026-07-06T00:00:00Z,Mexico,England,elimination,betonlineag,BetOnline.ag,2026-07-04T08:49:12Z,h2h,2026-07-04T08:49:12Z,Mexico,3.05,
e61a7b471cadc8e3849158ed59d49cab,2026-07-06T00:00:00Z,Mexico,England,elimination,betonlineag,BetOnline.ag,2026-07-04T08:49:12Z,h2h,2026-07-04T08:49:12Z,Draw,3.28,
e61a7b471cadc8e3849158ed59d49cab,2026-07-06T00:00:00Z,Mexico,England,elimination,betonlineag,BetOnline.ag,2026-07-04T08:49:12Z,spreads,2026-07-04T08:49:12Z,England,1.75,0.0
e61a7b471cadc8e3849158ed59d49cab,2026-07-06T00:00:00Z,Mexico,England,elimination,betonlineag,BetOnline.ag,2026-07-04T08:49:12Z,spreads,2026-07-04T08:49:12Z,Mexico,2.17,0.0
e61a7b471cadc8e3849158ed59d49cab,2026-07-06T00:00:00Z,Mexico,England,elimination,betonlineag,BetOnline.ag,2026-07-04T08:49:12Z,totals,2026-07-04T08:49:12Z,Over,1.81,2.0
e61a7b471cadc8e3849158ed59d49cab,2026-07-06T00:00:00Z,Mexico,England,elimination,betonlineag,BetOnline.ag,2026-07-04T08:49:12Z,totals,2026-07-04T08:49:12Z,Under,2.08,2.0
e61a7b471cadc8e3849158ed59d49cab,2026-07-06T00:00:00Z,Mexico,England,elimination,everygame,Everygame,2026-07-04T08:48:31Z,h2h,2026-07-04T08:48:31Z,England,2.4,
e61a7b471cadc8e3849158ed59d49cab,2026-07-06T00:00:00Z,Mexico,England,elimination,everygame,Everygame,2026-07-04T08:48:31Z,h2h,2026-07-04T08:48:31Z,Mexico,3.1,
e61a7b471cadc8e3849158ed59d49cab,2026-07-06T00:00:00Z,Mexico,England,elimination,everygame,Everygame,2026-07-04T08:48:31Z,h2h,2026-07-04T08:48:31Z,Draw,3.2,
e61a7b471cadc8e3849158ed59d49cab,2026-07-06T00:00:00Z,Mexico,England,elimination,coolbet,Coolbet,2026-07-04T08:48:51Z,h2h,2026-07-04T08:48:51Z,England,2.48,
e61a7b471cadc8e3849158ed59d49cab,2026-07-06T00:00:00Z,Mexico,England,elimination,coolbet,Coolbet,2026-07-04T08:48:51Z,h2h,2026-07-04T08:48:51Z,Mexico,3.2,
e61a7b471cadc8e3849158ed59d49cab,2026-07-06T00:00:00Z,Mexico,England,elimination,coolbet,Coolbet,2026-07-04T08:48:51Z,h2h,2026-07-04T08:48:51Z,Draw,3.25,
e61a7b471cadc8e3849158ed59d49cab,2026-07-06T00:00:00Z,Mexico,England,elimination,coolbet,Coolbet,2026-07-04T08:48:51Z,totals,2026-07-04T08:48:51Z,Over,1.8,2.0
e61a7b471cadc8e3849158ed59d49cab,2026-07-06T00:00:00Z,Mexico,England,elimination,coolbet,Coolbet,2026-07-04T08:48:51Z,totals,2026-07-04T08:48:51Z,Under,2.08,2.0
e61a7b471cadc8e3849158ed59d49cab,2026-07-06T00:00:00Z,Mexico,England,elimination,betanysports,BetAnything,2026-07-04T08:48:50Z,h2h,2026-07-04T08:48:50Z,England,2.49,
e61a7b471cadc8e3849158ed59d49cab,2026-07-06T00:00:00Z,Mexico,England,elimination,betanysports,BetAnything,2026-07-04T08:48:50Z,h2h,2026-07-04T08:48:50Z,Mexico,3.05,
e61a7b471cadc8e3849158ed59d49cab,2026-07-06T00:00:00Z,Mexico,England,elimination,betanysports,BetAnything,2026-07-04T08:48:50Z,h2h,2026-07-04T08:48:50Z,Draw,3.28,
e61a7b471cadc8e3849158ed59d49cab,2026-07-06T00:00:00Z,Mexico,England,elimination,betanysports,BetAnything,2026-07-04T08:48:50Z,spreads,2026-07-04T08:48:50Z,England,1.75,0.0
e61a7b471cadc8e3849158ed59d49cab,2026-07-06T00:00:00Z,Mexico,England,elimination,betanysports,BetAnything,2026-07-04T08:48:50Z,spreads,2026-07-04T08:48:50Z,Mexico,2.13,0.0
e61a7b471cadc8e3849158ed59d49cab,2026-07-06T00:00:00Z,Mexico,England,elimination,betanysports,BetAnything,2026-07-04T08:48:50Z,totals,2026-07-04T08:48:50Z,Over,1.45,1.5
e61a7b471cadc8e3849158ed59d49cab,2026-07-06T00:00:00Z,Mexico,England,elimination,betanysports,BetAnything,2026-07-04T08:48:50Z,totals,2026-07-04T08:48:50Z,Under,2.7,1.5
16ed3adcf661b3a9bea39871a2d204df,2026-07-06T19:00:00Z,Portugal,Spain,elimination,pmu_fr,PMU (FR),2026-07-04T08:48:50Z,h2h,2026-07-04T08:48:50Z,Portugal,4.0,
16ed3adcf661b3a9bea39871a2d204df,2026-07-06T19:00:00Z,Portugal,Spain,elimination,pmu_fr,PMU (FR),2026-07-04T08:48:50Z,h2h,2026-07-04T08:48:50Z,Spain,1.89,
16ed3adcf661b3a9bea39871a2d204df,2026-07-06T19:00:00Z,Portugal,Spain,elimination,pmu_fr,PMU (FR),2026-07-04T08:48:50Z,h2h,2026-07-04T08:48:50Z,Draw,3.4,
16ed3adcf661b3a9bea39871a2d204df,2026-07-06T19:00:00Z,Portugal,Spain,elimination,pmu_fr,PMU (FR),2026-07-04T08:48:50Z,totals,2026-07-04T08:48:50Z,Over,1.82,2.5
16ed3adcf661b3a9bea39871a2d204df,2026-07-06T19:00:00Z,Portugal,Spain,elimination,pmu_fr,PMU (FR),2026-07-04T08:48:50Z,totals,2026-07-04T08:48:50Z,Under,1.85,2.5
16ed3adcf661b3a9bea39871a2d204df,2026-07-06T19:00:00Z,Portugal,Spain,elimination,unibet_se,Unibet (SE),2026-07-04T08:49:13Z,h2h,2026-07-04T08:49:13Z,Portugal,4.25,
16ed3adcf661b3a9bea39871a2d204df,2026-07-06T19:00:00Z,Portugal,Spain,elimination,unibet_se,Unibet (SE),2026-07-04T08:49:13Z,h2h,2026-07-04T08:49:13Z,Spain,1.95,
16ed3adcf661b3a9bea39871a2d204df,2026-07-06T19:00:00Z,Portugal,Spain,elimination,unibet_se,Unibet (SE),2026-07-04T08:49:13Z,h2h,2026-07-04T08:49:13Z,Draw,3.55,
16ed3adcf661b3a9bea39871a2d204df,2026-07-06T19:00:00Z,Portugal,Spain,elimination,unibet_se,Unibet (SE),2026-07-04T08:49:13Z,totals,2026-07-04T08:49:13Z,Over,1.88,2.5
16ed3adcf661b3a9bea39871a2d204df,2026-07-06T19:00:00Z,Portugal,Spain,elimination,unibet_se,Unibet (SE),2026-07-04T08:49:13Z,totals,2026-07-04T08:49:13Z,Under,1.93,2.5
16ed3adcf661b3a9bea39871a2d204df,2026-07-06T19:00:00Z,Portugal,Spain,elimination,leovegas_se,LeoVegas (SE),2026-07-04T08:49:12Z,h2h,2026-07-04T08:49:12Z,Portugal,4.1,
16ed3adcf661b3a9bea39871a2d204df,2026-07-06T19:00:00Z,Portugal,Spain,elimination,leovegas_se,LeoVegas (SE),2026-07-04T08:49:12Z,h2h,2026-07-04T08:49:12Z,Spain,1.92,
16ed3adcf661b3a9bea39871a2d204df,2026-07-06T19:00:00Z,Portugal,Spain,elimination,leovegas_se,LeoVegas (SE),2026-07-04T08:49:12Z,h2h,2026-07-04T08:49:12Z,Draw,3.45,
16ed3adcf661b3a9bea39871a2d204df,2026-07-06T19:00:00Z,Portugal,Spain,elimination,unibet_nl,Unibet (NL),2026-07-04T08:49:13Z,h2h,2026-07-04T08:49:13Z,Portugal,4.25,
16ed3adcf661b3a9bea39871a2d204df,2026-07-06T19:00:00Z,Portugal,Spain,elimination,unibet_nl,Unibet (NL),2026-07-04T08:49:13Z,h2h,2026-07-04T08:49:13Z,Spain,1.95,
16ed3adcf661b3a9bea39871a2d204df,2026-07-06T19:00:00Z,Portugal,Spain,elimination,unibet_nl,Unibet (NL),2026-07-04T08:49:13Z,h2h,2026-07-04T08:49:13Z,Draw,3.55,
16ed3adcf661b3a9bea39871a2d204df,2026-07-06T19:00:00Z,Portugal,Spain,elimination,unibet_nl,Unibet (NL),2026-07-04T08:49:13Z,totals,2026-07-04T08:49:13Z,Over,1.85,2.5
16ed3adcf661b3a9bea39871a2d204df,2026-07-06T19:00:00Z,Portugal,Spain,elimination,unibet_nl,Unibet (NL),2026-07-04T08:49:13Z,totals,2026-07-04T08:49:13Z,Under,1.89,2.5
16ed3adcf661b3a9bea39871a2d204df,2026-07-06T19:00:00Z,Portugal,Spain,elimination,tipico_de,Tipico,2026-07-04T08:49:12Z,h2h,2026-07-04T08:49:12Z,Portugal,4.1,
16ed3adcf661b3a9bea39871a2d204df,2026-07-06T19:00:00Z,Portugal,Spain,elimination,tipico_de,Tipico,2026-07-04T08:49:12Z,h2h,2026-07-04T08:49:12Z,Spain,1.87,
16ed3adcf661b3a9bea39871a2d204df,2026-07-06T19:00:00Z,Portugal,Spain,elimination,tipico_de,Tipico,2026-07-04T08:49:12Z,h2h,2026-07-04T08:49:12Z,Draw,3.7,
16ed3adcf661b3a9bea39871a2d204df,2026-07-06T19:00:00Z,Portugal,Spain,elimination,sport888,888sport,2026-07-04T08:49:02Z,h2h,2026-07-04T08:49:02Z,Portugal,3.75,
16ed3adcf661b3a9bea39871a2d204df,2026-07-06T19:00:00Z,Portugal,Spain,elimination,sport888,888sport,2026-07-04T08:49:02Z,h2h,2026-07-04T08:49:02Z,Spain,1.91,
16ed3adcf661b3a9bea39871a2d204df,2026-07-06T19:00:00Z,Portugal,Spain,elimination,sport888,888sport,2026-07-04T08:49:02Z,h2h,2026-07-04T08:49:02Z,Draw,3.4,
16ed3adcf661b3a9bea39871a2d204df,2026-07-06T19:00:00Z,Portugal,Spain,elimination,williamhill,William Hill,2026-07-04T08:49:45Z,h2h,2026-07-04T08:49:45Z,Portugal,3.8,
16ed3adcf661b3a9bea39871a2d204df,2026-07-06T19:00:00Z,Portugal,Spain,elimination,williamhill,William Hill,2026-07-04T08:49:45Z,h2h,2026-07-04T08:49:45Z,Spain,1.91,
16ed3adcf661b3a9bea39871a2d204df,2026-07-06T19:00:00Z,Portugal,Spain,elimination,williamhill,William Hill,2026-07-04T08:49:45Z,h2h,2026-07-04T08:49:45Z,Draw,3.5,
16ed3adcf661b3a9bea39871a2d204df,2026-07-06T19:00:00Z,Portugal,Spain,elimination,williamhill,William Hill,2026-07-04T08:49:45Z,totals,2026-07-04T08:49:45Z,Over,1.91,2.5
16ed3adcf661b3a9bea39871a2d204df,2026-07-06T19:00:00Z,Portugal,Spain,elimination,williamhill,William Hill,2026-07-04T08:49:45Z,totals,2026-07-04T08:49:45Z,Under,1.91,2.5
16ed3adcf661b3a9bea39871a2d204df,2026-07-06T19:00:00Z,Portugal,Spain,elimination,marathonbet,Marathon Bet,2026-07-04T08:49:02Z,h2h,2026-07-04T08:49:02Z,Portugal,3.94,
16ed3adcf661b3a9bea39871a2d204df,2026-07-06T19:00:00Z,Portugal,Spain,elimination,marathonbet,Marathon Bet,2026-07-04T08:49:02Z,h2h,2026-07-04T08:49:02Z,Spain,1.92,
16ed3adcf661b3a9bea39871a2d204df,2026-07-06T19:00:00Z,Portugal,Spain,elimination,marathonbet,Marathon Bet,2026-07-04T08:49:02Z,h2h,2026-07-04T08:49:02Z,Draw,3.62,
16ed3adcf661b3a9bea39871a2d204df,2026-07-06T19:00:00Z,Portugal,Spain,elimination,onexbet,1xBet,2026-07-04T08:49:02Z,h2h,2026-07-04T08:49:01Z,Portugal,4.08,
16ed3adcf661b3a9bea39871a2d204df,2026-07-06T19:00:00Z,Portugal,Spain,elimination,onexbet,1xBet,2026-07-04T08:49:02Z,h2h,2026-07-04T08:49:01Z,Spain,1.99,
16ed3adcf661b3a9bea39871a2d204df,2026-07-06T19:00:00Z,Portugal,Spain,elimination,onexbet,1xBet,2026-07-04T08:49:02Z,h2h,2026-07-04T08:49:01Z,Draw,3.75,
16ed3adcf661b3a9bea39871a2d204df,2026-07-06T19:00:00Z,Portugal,Spain,elimination,onexbet,1xBet,2026-07-04T08:49:02Z,spreads,2026-07-04T08:49:01Z,Portugal,2.96,0.0
16ed3adcf661b3a9bea39871a2d204df,2026-07-06T19:00:00Z,Portugal,Spain,elimination,onexbet,1xBet,2026-07-04T08:49:02Z,spreads,2026-07-04T08:49:01Z,Spain,1.43,0.0
16ed3adcf661b3a9bea39871a2d204df,2026-07-06T19:00:00Z,Portugal,Spain,elimination,onexbet,1xBet,2026-07-04T08:49:02Z,totals,2026-07-04T08:49:01Z,Over,1.89,2.5
16ed3adcf661b3a9bea39871a2d204df,2026-07-06T19:00:00Z,Portugal,Spain,elimination,onexbet,1xBet,2026-07-04T08:49:02Z,totals,2026-07-04T08:49:01Z,Under,1.97,2.5
16ed3adcf661b3a9bea39871a2d204df,2026-07-06T19:00:00Z,Portugal,Spain,elimination,pinnacle,Pinnacle,2026-07-04T08:49:46Z,h2h,2026-07-04T08:49:46Z,Portugal,4.1,
16ed3adcf661b3a9bea39871a2d204df,2026-07-06T19:00:00Z,Portugal,Spain,elimination,pinnacle,Pinnacle,2026-07-04T08:49:46Z,h2h,2026-07-04T08:49:46Z,Spain,1.93,
16ed3adcf661b3a9bea39871a2d204df,2026-07-06T19:00:00Z,Portugal,Spain,elimination,pinnacle,Pinnacle,2026-07-04T08:49:46Z,h2h,2026-07-04T08:49:46Z,Draw,3.68,
16ed3adcf661b3a9bea39871a2d204df,2026-07-06T19:00:00Z,Portugal,Spain,elimination,pinnacle,Pinnacle,2026-07-04T08:49:46Z,spreads,2026-07-04T08:49:46Z,Portugal,1.97,0.5
16ed3adcf661b3a9bea39871a2d204df,2026-07-06T19:00:00Z,Portugal,Spain,elimination,pinnacle,Pinnacle,2026-07-04T08:49:46Z,spreads,2026-07-04T08:49:46Z,Spain,1.93,-0.5
16ed3adcf661b3a9bea39871a2d204df,2026-07-06T19:00:00Z,Portugal,Spain,elimination,pinnacle,Pinnacle,2026-07-04T08:49:46Z,totals,2026-07-04T08:49:46Z,Over,1.88,2.5
16ed3adcf661b3a9bea39871a2d204df,2026-07-06T19:00:00Z,Portugal,Spain,elimination,pinnacle,Pinnacle,2026-07-04T08:49:46Z,totals,2026-07-04T08:49:46Z,Under,2.0,2.5
16ed3adcf661b3a9bea39871a2d204df,2026-07-06T19:00:00Z,Portugal,Spain,elimination,unibet_fr,Unibet (FR),2026-07-04T08:49:45Z,h2h,2026-07-04T08:49:45Z,Portugal,3.95,
16ed3adcf661b3a9bea39871a2d204df,2026-07-06T19:00:00Z,Portugal,Spain,elimination,unibet_fr,Unibet (FR),2026-07-04T08:49:45Z,h2h,2026-07-04T08:49:45Z,Spain,1.88,
16ed3adcf661b3a9bea39871a2d204df,2026-07-06T19:00:00Z,Portugal,Spain,elimination,unibet_fr,Unibet (FR),2026-07-04T08:49:45Z,h2h,2026-07-04T08:49:45Z,Draw,3.8,
16ed3adcf661b3a9bea39871a2d204df,2026-07-06T19:00:00Z,Portugal,Spain,elimination,betclic_fr,Betclic (FR),2026-07-04T08:46:50Z,h2h,2026-07-04T08:46:50Z,Portugal,4.1,
16ed3adcf661b3a9bea39871a2d204df,2026-07-06T19:00:00Z,Portugal,Spain,elimination,betclic_fr,Betclic (FR),2026-07-04T08:46:50Z,h2h,2026-07-04T08:46:50Z,Spain,1.88,
16ed3adcf661b3a9bea39871a2d204df,2026-07-06T19:00:00Z,Portugal,Spain,elimination,betclic_fr,Betclic (FR),2026-07-04T08:46:50Z,h2h,2026-07-04T08:46:50Z,Draw,3.65,
16ed3adcf661b3a9bea39871a2d204df,2026-07-06T19:00:00Z,Portugal,Spain,elimination,gtbets,GTbets,2026-07-04T08:49:24Z,h2h,2026-07-04T08:49:24Z,Portugal,4.1,
16ed3adcf661b3a9bea39871a2d204df,2026-07-06T19:00:00Z,Portugal,Spain,elimination,gtbets,GTbets,2026-07-04T08:49:24Z,h2h,2026-07-04T08:49:24Z,Spain,1.89,
16ed3adcf661b3a9bea39871a2d204df,2026-07-06T19:00:00Z,Portugal,Spain,elimination,gtbets,GTbets,2026-07-04T08:49:24Z,h2h,2026-07-04T08:49:24Z,Draw,3.59,
16ed3adcf661b3a9bea39871a2d204df,2026-07-06T19:00:00Z,Portugal,Spain,elimination,gtbets,GTbets,2026-07-04T08:49:24Z,spreads,2026-07-04T08:49:24Z,Portugal,1.93,0.5
16ed3adcf661b3a9bea39871a2d204df,2026-07-06T19:00:00Z,Portugal,Spain,elimination,gtbets,GTbets,2026-07-04T08:49:24Z,spreads,2026-07-04T08:49:24Z,Spain,1.87,-0.5
16ed3adcf661b3a9bea39871a2d204df,2026-07-06T19:00:00Z,Portugal,Spain,elimination,gtbets,GTbets,2026-07-04T08:49:24Z,totals,2026-07-04T08:49:24Z,Over,1.91,2.5
16ed3adcf661b3a9bea39871a2d204df,2026-07-06T19:00:00Z,Portugal,Spain,elimination,gtbets,GTbets,2026-07-04T08:49:24Z,totals,2026-07-04T08:49:24Z,Under,1.9,2.5
16ed3adcf661b3a9bea39871a2d204df,2026-07-06T19:00:00Z,Portugal,Spain,elimination,matchbook,Matchbook,2026-07-04T08:49:45Z,h2h,2026-07-04T08:49:45Z,Portugal,4.3,
16ed3adcf661b3a9bea39871a2d204df,2026-07-06T19:00:00Z,Portugal,Spain,elimination,matchbook,Matchbook,2026-07-04T08:49:45Z,h2h,2026-07-04T08:49:45Z,Spain,1.96,
16ed3adcf661b3a9bea39871a2d204df,2026-07-06T19:00:00Z,Portugal,Spain,elimination,matchbook,Matchbook,2026-07-04T08:49:45Z,h2h,2026-07-04T08:49:45Z,Draw,3.75,
16ed3adcf661b3a9bea39871a2d204df,2026-07-06T19:00:00Z,Portugal,Spain,elimination,matchbook,Matchbook,2026-07-04T08:49:45Z,spreads,2026-07-04T08:49:45Z,Portugal,2.02,0.5
16ed3adcf661b3a9bea39871a2d204df,2026-07-06T19:00:00Z,Portugal,Spain,elimination,matchbook,Matchbook,2026-07-04T08:49:45Z,spreads,2026-07-04T08:49:45Z,Spain,1.96,-0.5
16ed3adcf661b3a9bea39871a2d204df,2026-07-06T19:00:00Z,Portugal,Spain,elimination,codere_it,Codere (IT),2026-07-04T08:49:01Z,h2h,2026-07-04T08:49:01Z,Portugal,4.0,
16ed3adcf661b3a9bea39871a2d204df,2026-07-06T19:00:00Z,Portugal,Spain,elimination,codere_it,Codere (IT),2026-07-04T08:49:01Z,h2h,2026-07-04T08:49:01Z,Spain,1.92,
16ed3adcf661b3a9bea39871a2d204df,2026-07-06T19:00:00Z,Portugal,Spain,elimination,codere_it,Codere (IT),2026-07-04T08:49:01Z,h2h,2026-07-04T08:49:01Z,Draw,3.6,
16ed3adcf661b3a9bea39871a2d204df,2026-07-06T19:00:00Z,Portugal,Spain,elimination,codere_it,Codere (IT),2026-07-04T08:49:01Z,totals,2026-07-04T08:49:01Z,Over,1.82,2.5
16ed3adcf661b3a9bea39871a2d204df,2026-07-06T19:00:00Z,Portugal,Spain,elimination,codere_it,Codere (IT),2026-07-04T08:49:01Z,totals,2026-07-04T08:49:01Z,Under,1.85,2.5
16ed3adcf661b3a9bea39871a2d204df,2026-07-06T19:00:00Z,Portugal,Spain,elimination,mybookieag,MyBookie.ag,2026-07-04T08:49:45Z,h2h,2026-07-04T08:49:45Z,Portugal,3.95,
16ed3adcf661b3a9bea39871a2d204df,2026-07-06T19:00:00Z,Portugal,Spain,elimination,mybookieag,MyBookie.ag,2026-07-04T08:49:45Z,h2h,2026-07-04T08:49:45Z,Spain,1.9,
16ed3adcf661b3a9bea39871a2d204df,2026-07-06T19:00:00Z,Portugal,Spain,elimination,mybookieag,MyBookie.ag,2026-07-04T08:49:45Z,h2h,2026-07-04T08:49:45Z,Draw,3.55,
16ed3adcf661b3a9bea39871a2d204df,2026-07-06T19:00:00Z,Portugal,Spain,elimination,mybookieag,MyBookie.ag,2026-07-04T08:49:45Z,spreads,2026-07-04T08:49:45Z,Portugal,1.85,0.5
16ed3adcf661b3a9bea39871a2d204df,2026-07-06T19:00:00Z,Portugal,Spain,elimination,mybookieag,MyBookie.ag,2026-07-04T08:49:45Z,spreads,2026-07-04T08:49:45Z,Spain,1.85,-0.5
16ed3adcf661b3a9bea39871a2d204df,2026-07-06T19:00:00Z,Portugal,Spain,elimination,mybookieag,MyBookie.ag,2026-07-04T08:49:45Z,totals,2026-07-04T08:49:45Z,Over,1.83,2.5
16ed3adcf661b3a9bea39871a2d204df,2026-07-06T19:00:00Z,Portugal,Spain,elimination,mybookieag,MyBookie.ag,2026-07-04T08:49:45Z,totals,2026-07-04T08:49:45Z,Under,1.87,2.5
16ed3adcf661b3a9bea39871a2d204df,2026-07-06T19:00:00Z,Portugal,Spain,elimination,betfair_ex_eu,Betfair,2026-07-04T08:49:34Z,h2h,2026-07-04T08:49:34Z,Portugal,4.3,
16ed3adcf661b3a9bea39871a2d204df,2026-07-06T19:00:00Z,Portugal,Spain,elimination,betfair_ex_eu,Betfair,2026-07-04T08:49:34Z,h2h,2026-07-04T08:49:34Z,Spain,1.96,
16ed3adcf661b3a9bea39871a2d204df,2026-07-06T19:00:00Z,Portugal,Spain,elimination,betfair_ex_eu,Betfair,2026-07-04T08:49:34Z,h2h,2026-07-04T08:49:34Z,Draw,3.75,
16ed3adcf661b3a9bea39871a2d204df,2026-07-06T19:00:00Z,Portugal,Spain,elimination,coolbet,Coolbet,2026-07-04T08:48:51Z,h2h,2026-07-04T08:48:51Z,Portugal,4.25,
16ed3adcf661b3a9bea39871a2d204df,2026-07-06T19:00:00Z,Portugal,Spain,elimination,coolbet,Coolbet,2026-07-04T08:48:51Z,h2h,2026-07-04T08:48:51Z,Spain,1.92,
16ed3adcf661b3a9bea39871a2d204df,2026-07-06T19:00:00Z,Portugal,Spain,elimination,coolbet,Coolbet,2026-07-04T08:48:51Z,h2h,2026-07-04T08:48:51Z,Draw,3.65,
16ed3adcf661b3a9bea39871a2d204df,2026-07-06T19:00:00Z,Portugal,Spain,elimination,coolbet,Coolbet,2026-07-04T08:48:51Z,totals,2026-07-04T08:48:51Z,Over,1.9,2.5
16ed3adcf661b3a9bea39871a2d204df,2026-07-06T19:00:00Z,Portugal,Spain,elimination,coolbet,Coolbet,2026-07-04T08:48:51Z,totals,2026-07-04T08:48:51Z,Under,1.96,2.5
16ed3adcf661b3a9bea39871a2d204df,2026-07-06T19:00:00Z,Portugal,Spain,elimination,winamax_de,Winamax (DE),2026-07-04T08:49:02Z,h2h,2026-07-04T08:49:02Z,Portugal,3.9,
16ed3adcf661b3a9bea39871a2d204df,2026-07-06T19:00:00Z,Portugal,Spain,elimination,winamax_de,Winamax (DE),2026-07-04T08:49:02Z,h2h,2026-07-04T08:49:02Z,Spain,1.9,
16ed3adcf661b3a9bea39871a2d204df,2026-07-06T19:00:00Z,Portugal,Spain,elimination,winamax_de,Winamax (DE),2026-07-04T08:49:02Z,h2h,2026-07-04T08:49:02Z,Draw,3.7,
16ed3adcf661b3a9bea39871a2d204df,2026-07-06T19:00:00Z,Portugal,Spain,elimination,winamax_fr,Winamax (FR),2026-07-04T08:49:24Z,h2h,2026-07-04T08:49:24Z,Portugal,3.85,
16ed3adcf661b3a9bea39871a2d204df,2026-07-06T19:00:00Z,Portugal,Spain,elimination,winamax_fr,Winamax (FR),2026-07-04T08:49:24Z,h2h,2026-07-04T08:49:24Z,Spain,1.88,
16ed3adcf661b3a9bea39871a2d204df,2026-07-06T19:00:00Z,Portugal,Spain,elimination,winamax_fr,Winamax (FR),2026-07-04T08:49:24Z,h2h,2026-07-04T08:49:24Z,Draw,3.65,
16ed3adcf661b3a9bea39871a2d204df,2026-07-06T19:00:00Z,Portugal,Spain,elimination,nordicbet,Nordic Bet,2026-07-04T08:49:12Z,h2h,2026-07-04T08:49:12Z,Portugal,4.1,
16ed3adcf661b3a9bea39871a2d204df,2026-07-06T19:00:00Z,Portugal,Spain,elimination,nordicbet,Nordic Bet,2026-07-04T08:49:12Z,h2h,2026-07-04T08:49:12Z,Spain,1.95,
16ed3adcf661b3a9bea39871a2d204df,2026-07-06T19:00:00Z,Portugal,Spain,elimination,nordicbet,Nordic Bet,2026-07-04T08:49:12Z,h2h,2026-07-04T08:49:12Z,Draw,3.65,
16ed3adcf661b3a9bea39871a2d204df,2026-07-06T19:00:00Z,Portugal,Spain,elimination,nordicbet,Nordic Bet,2026-07-04T08:49:12Z,totals,2026-07-04T08:49:12Z,Over,1.9,2.5
16ed3adcf661b3a9bea39871a2d204df,2026-07-06T19:00:00Z,Portugal,Spain,elimination,nordicbet,Nordic Bet,2026-07-04T08:49:12Z,totals,2026-07-04T08:49:12Z,Under,1.95,2.5
16ed3adcf661b3a9bea39871a2d204df,2026-07-06T19:00:00Z,Portugal,Spain,elimination,betsson,Betsson,2026-07-04T08:48:07Z,h2h,2026-07-04T08:48:07Z,Portugal,4.1,
16ed3adcf661b3a9bea39871a2d204df,2026-07-06T19:00:00Z,Portugal,Spain,elimination,betsson,Betsson,2026-07-04T08:48:07Z,h2h,2026-07-04T08:48:07Z,Spain,1.95,
16ed3adcf661b3a9bea39871a2d204df,2026-07-06T19:00:00Z,Portugal,Spain,elimination,betsson,Betsson,2026-07-04T08:48:07Z,h2h,2026-07-04T08:48:07Z,Draw,3.65,
16ed3adcf661b3a9bea39871a2d204df,2026-07-06T19:00:00Z,Portugal,Spain,elimination,betsson,Betsson,2026-07-04T08:48:07Z,totals,2026-07-04T08:48:07Z,Over,1.9,2.5
16ed3adcf661b3a9bea39871a2d204df,2026-07-06T19:00:00Z,Portugal,Spain,elimination,betsson,Betsson,2026-07-04T08:48:07Z,totals,2026-07-04T08:48:07Z,Under,1.95,2.5
16ed3adcf661b3a9bea39871a2d204df,2026-07-06T19:00:00Z,Portugal,Spain,elimination,betonlineag,BetOnline.ag,2026-07-04T08:49:12Z,h2h,2026-07-04T08:49:12Z,Portugal,4.22,
16ed3adcf661b3a9bea39871a2d204df,2026-07-06T19:00:00Z,Portugal,Spain,elimination,betonlineag,BetOnline.ag,2026-07-04T08:49:12Z,h2h,2026-07-04T08:49:12Z,Spain,1.91,
16ed3adcf661b3a9bea39871a2d204df,2026-07-06T19:00:00Z,Portugal,Spain,elimination,betonlineag,BetOnline.ag,2026-07-04T08:49:12Z,h2h,2026-07-04T08:49:12Z,Draw,3.65,
16ed3adcf661b3a9bea39871a2d204df,2026-07-06T19:00:00Z,Portugal,Spain,elimination,betonlineag,BetOnline.ag,2026-07-04T08:49:12Z,spreads,2026-07-04T08:49:12Z,Portugal,1.94,0.5
16ed3adcf661b3a9bea39871a2d204df,2026-07-06T19:00:00Z,Portugal,Spain,elimination,betonlineag,BetOnline.ag,2026-07-04T08:49:12Z,spreads,2026-07-04T08:49:12Z,Spain,1.91,-0.5
16ed3adcf661b3a9bea39871a2d204df,2026-07-06T19:00:00Z,Portugal,Spain,elimination,betonlineag,BetOnline.ag,2026-07-04T08:49:12Z,totals,2026-07-04T08:49:12Z,Over,1.88,2.5
16ed3adcf661b3a9bea39871a2d204df,2026-07-06T19:00:00Z,Portugal,Spain,elimination,betonlineag,BetOnline.ag,2026-07-04T08:49:12Z,totals,2026-07-04T08:49:12Z,Under,1.97,2.5
16ed3adcf661b3a9bea39871a2d204df,2026-07-06T19:00:00Z,Portugal,Spain,elimination,everygame,Everygame,2026-07-04T08:48:31Z,h2h,2026-07-04T08:48:31Z,Portugal,4.0,
16ed3adcf661b3a9bea39871a2d204df,2026-07-06T19:00:00Z,Portugal,Spain,elimination,everygame,Everygame,2026-07-04T08:48:31Z,h2h,2026-07-04T08:48:31Z,Spain,1.91,
16ed3adcf661b3a9bea39871a2d204df,2026-07-06T19:00:00Z,Portugal,Spain,elimination,everygame,Everygame,2026-07-04T08:48:31Z,h2h,2026-07-04T08:48:31Z,Draw,3.6,
16ed3adcf661b3a9bea39871a2d204df,2026-07-06T19:00:00Z,Portugal,Spain,elimination,betanysports,BetAnything,2026-07-04T08:48:50Z,h2h,2026-07-04T08:48:50Z,Portugal,4.22,
16ed3adcf661b3a9bea39871a2d204df,2026-07-06T19:00:00Z,Portugal,Spain,elimination,betanysports,BetAnything,2026-07-04T08:48:50Z,h2h,2026-07-04T08:48:50Z,Spain,1.91,
16ed3adcf661b3a9bea39871a2d204df,2026-07-06T19:00:00Z,Portugal,Spain,elimination,betanysports,BetAnything,2026-07-04T08:48:50Z,h2h,2026-07-04T08:48:50Z,Draw,3.65,
16ed3adcf661b3a9bea39871a2d204df,2026-07-06T19:00:00Z,Portugal,Spain,elimination,betanysports,BetAnything,2026-07-04T08:48:50Z,spreads,2026-07-04T08:48:50Z,Portugal,1.91,0.5
16ed3adcf661b3a9bea39871a2d204df,2026-07-06T19:00:00Z,Portugal,Spain,elimination,betanysports,BetAnything,2026-07-04T08:48:50Z,spreads,2026-07-04T08:48:50Z,Spain,1.91,-0.5
16ed3adcf661b3a9bea39871a2d204df,2026-07-06T19:00:00Z,Portugal,Spain,elimination,betanysports,BetAnything,2026-07-04T08:48:50Z,totals,2026-07-04T08:48:50Z,Over,2.5,3.0
16ed3adcf661b3a9bea39871a2d204df,2026-07-06T19:00:00Z,Portugal,Spain,elimination,betanysports,BetAnything,2026-07-04T08:48:50Z,totals,2026-07-04T08:48:50Z,Under,1.56,3.0
810f80b3ae79f5e86b3747ca15718ed8,2026-07-07T00:00:00Z,USA,Belgium,elimination,leovegas_se,LeoVegas (SE),2026-07-04T08:49:12Z,h2h,2026-07-04T08:49:12Z,Belgium,2.6,
810f80b3ae79f5e86b3747ca15718ed8,2026-07-07T00:00:00Z,USA,Belgium,elimination,leovegas_se,LeoVegas (SE),2026-07-04T08:49:12Z,h2h,2026-07-04T08:49:12Z,USA,2.8,
810f80b3ae79f5e86b3747ca15718ed8,2026-07-07T00:00:00Z,USA,Belgium,elimination,leovegas_se,LeoVegas (SE),2026-07-04T08:49:12Z,h2h,2026-07-04T08:49:12Z,Draw,3.2,
810f80b3ae79f5e86b3747ca15718ed8,2026-07-07T00:00:00Z,USA,Belgium,elimination,pmu_fr,PMU (FR),2026-07-04T08:48:50Z,h2h,2026-07-04T08:48:50Z,Belgium,2.55,
810f80b3ae79f5e86b3747ca15718ed8,2026-07-07T00:00:00Z,USA,Belgium,elimination,pmu_fr,PMU (FR),2026-07-04T08:48:50Z,h2h,2026-07-04T08:48:50Z,USA,2.75,
810f80b3ae79f5e86b3747ca15718ed8,2026-07-07T00:00:00Z,USA,Belgium,elimination,pmu_fr,PMU (FR),2026-07-04T08:48:50Z,h2h,2026-07-04T08:48:50Z,Draw,3.15,
810f80b3ae79f5e86b3747ca15718ed8,2026-07-07T00:00:00Z,USA,Belgium,elimination,pmu_fr,PMU (FR),2026-07-04T08:48:50Z,totals,2026-07-04T08:48:50Z,Over,1.7,2.5
810f80b3ae79f5e86b3747ca15718ed8,2026-07-07T00:00:00Z,USA,Belgium,elimination,pmu_fr,PMU (FR),2026-07-04T08:48:50Z,totals,2026-07-04T08:48:50Z,Under,2.0,2.5
810f80b3ae79f5e86b3747ca15718ed8,2026-07-07T00:00:00Z,USA,Belgium,elimination,unibet_se,Unibet (SE),2026-07-04T08:49:13Z,h2h,2026-07-04T08:49:13Z,Belgium,2.65,
810f80b3ae79f5e86b3747ca15718ed8,2026-07-07T00:00:00Z,USA,Belgium,elimination,unibet_se,Unibet (SE),2026-07-04T08:49:13Z,h2h,2026-07-04T08:49:13Z,USA,2.88,
810f80b3ae79f5e86b3747ca15718ed8,2026-07-07T00:00:00Z,USA,Belgium,elimination,unibet_se,Unibet (SE),2026-07-04T08:49:13Z,h2h,2026-07-04T08:49:13Z,Draw,3.3,
810f80b3ae79f5e86b3747ca15718ed8,2026-07-07T00:00:00Z,USA,Belgium,elimination,unibet_se,Unibet (SE),2026-07-04T08:49:13Z,totals,2026-07-04T08:49:13Z,Over,1.77,2.5
810f80b3ae79f5e86b3747ca15718ed8,2026-07-07T00:00:00Z,USA,Belgium,elimination,unibet_se,Unibet (SE),2026-07-04T08:49:13Z,totals,2026-07-04T08:49:13Z,Under,2.08,2.5
810f80b3ae79f5e86b3747ca15718ed8,2026-07-07T00:00:00Z,USA,Belgium,elimination,unibet_nl,Unibet (NL),2026-07-04T08:49:13Z,h2h,2026-07-04T08:49:13Z,Belgium,2.65,
810f80b3ae79f5e86b3747ca15718ed8,2026-07-07T00:00:00Z,USA,Belgium,elimination,unibet_nl,Unibet (NL),2026-07-04T08:49:13Z,h2h,2026-07-04T08:49:13Z,USA,2.88,
810f80b3ae79f5e86b3747ca15718ed8,2026-07-07T00:00:00Z,USA,Belgium,elimination,unibet_nl,Unibet (NL),2026-07-04T08:49:13Z,h2h,2026-07-04T08:49:13Z,Draw,3.3,
810f80b3ae79f5e86b3747ca15718ed8,2026-07-07T00:00:00Z,USA,Belgium,elimination,unibet_nl,Unibet (NL),2026-07-04T08:49:13Z,totals,2026-07-04T08:49:13Z,Over,1.74,2.5
810f80b3ae79f5e86b3747ca15718ed8,2026-07-07T00:00:00Z,USA,Belgium,elimination,unibet_nl,Unibet (NL),2026-07-04T08:49:13Z,totals,2026-07-04T08:49:13Z,Under,2.05,2.5
810f80b3ae79f5e86b3747ca15718ed8,2026-07-07T00:00:00Z,USA,Belgium,elimination,betclic_fr,Betclic (FR),2026-07-04T08:46:50Z,h2h,2026-07-04T08:46:50Z,Belgium,2.6,
810f80b3ae79f5e86b3747ca15718ed8,2026-07-07T00:00:00Z,USA,Belgium,elimination,betclic_fr,Betclic (FR),2026-07-04T08:46:50Z,h2h,2026-07-04T08:46:50Z,USA,2.72,
810f80b3ae79f5e86b3747ca15718ed8,2026-07-07T00:00:00Z,USA,Belgium,elimination,betclic_fr,Betclic (FR),2026-07-04T08:46:50Z,h2h,2026-07-04T08:46:50Z,Draw,3.37,
810f80b3ae79f5e86b3747ca15718ed8,2026-07-07T00:00:00Z,USA,Belgium,elimination,unibet_fr,Unibet (FR),2026-07-04T08:49:45Z,h2h,2026-07-04T08:49:45Z,Belgium,2.55,
810f80b3ae79f5e86b3747ca15718ed8,2026-07-07T00:00:00Z,USA,Belgium,elimination,unibet_fr,Unibet (FR),2026-07-04T08:49:45Z,h2h,2026-07-04T08:49:45Z,USA,2.75,
810f80b3ae79f5e86b3747ca15718ed8,2026-07-07T00:00:00Z,USA,Belgium,elimination,unibet_fr,Unibet (FR),2026-07-04T08:49:45Z,h2h,2026-07-04T08:49:45Z,Draw,3.4,
810f80b3ae79f5e86b3747ca15718ed8,2026-07-07T00:00:00Z,USA,Belgium,elimination,tipico_de,Tipico,2026-07-04T08:49:12Z,h2h,2026-07-04T08:49:12Z,Belgium,2.65,
810f80b3ae79f5e86b3747ca15718ed8,2026-07-07T00:00:00Z,USA,Belgium,elimination,tipico_de,Tipico,2026-07-04T08:49:12Z,h2h,2026-07-04T08:49:12Z,USA,2.65,
810f80b3ae79f5e86b3747ca15718ed8,2026-07-07T00:00:00Z,USA,Belgium,elimination,tipico_de,Tipico,2026-07-04T08:49:12Z,h2h,2026-07-04T08:49:12Z,Draw,3.4,
810f80b3ae79f5e86b3747ca15718ed8,2026-07-07T00:00:00Z,USA,Belgium,elimination,mybookieag,MyBookie.ag,2026-07-04T08:49:45Z,h2h,2026-07-04T08:49:45Z,Belgium,2.58,
810f80b3ae79f5e86b3747ca15718ed8,2026-07-07T00:00:00Z,USA,Belgium,elimination,mybookieag,MyBookie.ag,2026-07-04T08:49:45Z,h2h,2026-07-04T08:49:45Z,USA,2.69,
810f80b3ae79f5e86b3747ca15718ed8,2026-07-07T00:00:00Z,USA,Belgium,elimination,mybookieag,MyBookie.ag,2026-07-04T08:49:45Z,h2h,2026-07-04T08:49:45Z,Draw,3.32,
810f80b3ae79f5e86b3747ca15718ed8,2026-07-07T00:00:00Z,USA,Belgium,elimination,mybookieag,MyBookie.ag,2026-07-04T08:49:45Z,spreads,2026-07-04T08:49:45Z,Belgium,2.46,-0.5
810f80b3ae79f5e86b3747ca15718ed8,2026-07-07T00:00:00Z,USA,Belgium,elimination,mybookieag,MyBookie.ag,2026-07-04T08:49:45Z,spreads,2026-07-04T08:49:45Z,USA,1.49,0.5
810f80b3ae79f5e86b3747ca15718ed8,2026-07-07T00:00:00Z,USA,Belgium,elimination,mybookieag,MyBookie.ag,2026-07-04T08:49:45Z,totals,2026-07-04T08:49:45Z,Over,1.71,2.5
810f80b3ae79f5e86b3747ca15718ed8,2026-07-07T00:00:00Z,USA,Belgium,elimination,mybookieag,MyBookie.ag,2026-07-04T08:49:45Z,totals,2026-07-04T08:49:45Z,Under,2.02,2.5
810f80b3ae79f5e86b3747ca15718ed8,2026-07-07T00:00:00Z,USA,Belgium,elimination,marathonbet,Marathon Bet,2026-07-04T08:49:02Z,h2h,2026-07-04T08:49:02Z,Belgium,2.58,
810f80b3ae79f5e86b3747ca15718ed8,2026-07-07T00:00:00Z,USA,Belgium,elimination,marathonbet,Marathon Bet,2026-07-04T08:49:02Z,h2h,2026-07-04T08:49:02Z,USA,2.73,
810f80b3ae79f5e86b3747ca15718ed8,2026-07-07T00:00:00Z,USA,Belgium,elimination,marathonbet,Marathon Bet,2026-07-04T08:49:02Z,h2h,2026-07-04T08:49:02Z,Draw,3.38,
810f80b3ae79f5e86b3747ca15718ed8,2026-07-07T00:00:00Z,USA,Belgium,elimination,gtbets,GTbets,2026-07-04T08:49:24Z,h2h,2026-07-04T08:49:24Z,Belgium,2.68,
810f80b3ae79f5e86b3747ca15718ed8,2026-07-07T00:00:00Z,USA,Belgium,elimination,gtbets,GTbets,2026-07-04T08:49:24Z,h2h,2026-07-04T08:49:24Z,USA,2.75,
810f80b3ae79f5e86b3747ca15718ed8,2026-07-07T00:00:00Z,USA,Belgium,elimination,gtbets,GTbets,2026-07-04T08:49:24Z,h2h,2026-07-04T08:49:24Z,Draw,3.39,
810f80b3ae79f5e86b3747ca15718ed8,2026-07-07T00:00:00Z,USA,Belgium,elimination,gtbets,GTbets,2026-07-04T08:49:24Z,spreads,2026-07-04T08:49:24Z,Belgium,2.59,-0.5
810f80b3ae79f5e86b3747ca15718ed8,2026-07-07T00:00:00Z,USA,Belgium,elimination,gtbets,GTbets,2026-07-04T08:49:24Z,spreads,2026-07-04T08:49:24Z,USA,1.51,0.5
810f80b3ae79f5e86b3747ca15718ed8,2026-07-07T00:00:00Z,USA,Belgium,elimination,gtbets,GTbets,2026-07-04T08:49:24Z,totals,2026-07-04T08:49:24Z,Over,1.76,2.5
810f80b3ae79f5e86b3747ca15718ed8,2026-07-07T00:00:00Z,USA,Belgium,elimination,gtbets,GTbets,2026-07-04T08:49:24Z,totals,2026-07-04T08:49:24Z,Under,2.08,2.5
810f80b3ae79f5e86b3747ca15718ed8,2026-07-07T00:00:00Z,USA,Belgium,elimination,betfair_ex_eu,Betfair,2026-07-04T08:49:34Z,h2h,2026-07-04T08:49:34Z,Belgium,2.66,
810f80b3ae79f5e86b3747ca15718ed8,2026-07-07T00:00:00Z,USA,Belgium,elimination,betfair_ex_eu,Betfair,2026-07-04T08:49:34Z,h2h,2026-07-04T08:49:34Z,USA,2.94,
810f80b3ae79f5e86b3747ca15718ed8,2026-07-07T00:00:00Z,USA,Belgium,elimination,betfair_ex_eu,Betfair,2026-07-04T08:49:34Z,h2h,2026-07-04T08:49:34Z,Draw,3.45,
810f80b3ae79f5e86b3747ca15718ed8,2026-07-07T00:00:00Z,USA,Belgium,elimination,matchbook,Matchbook,2026-07-04T08:49:45Z,h2h,2026-07-04T08:49:45Z,Belgium,2.66,
810f80b3ae79f5e86b3747ca15718ed8,2026-07-07T00:00:00Z,USA,Belgium,elimination,matchbook,Matchbook,2026-07-04T08:49:45Z,h2h,2026-07-04T08:49:45Z,USA,2.94,
810f80b3ae79f5e86b3747ca15718ed8,2026-07-07T00:00:00Z,USA,Belgium,elimination,matchbook,Matchbook,2026-07-04T08:49:45Z,h2h,2026-07-04T08:49:45Z,Draw,3.45,
810f80b3ae79f5e86b3747ca15718ed8,2026-07-07T00:00:00Z,USA,Belgium,elimination,matchbook,Matchbook,2026-07-04T08:49:45Z,spreads,2026-07-04T08:49:45Z,Belgium,1.9,0.0
810f80b3ae79f5e86b3747ca15718ed8,2026-07-07T00:00:00Z,USA,Belgium,elimination,matchbook,Matchbook,2026-07-04T08:49:45Z,spreads,2026-07-04T08:49:45Z,USA,2.08,0.0
810f80b3ae79f5e86b3747ca15718ed8,2026-07-07T00:00:00Z,USA,Belgium,elimination,matchbook,Matchbook,2026-07-04T08:49:45Z,totals,2026-07-04T08:49:45Z,Over,1.81,2.5
810f80b3ae79f5e86b3747ca15718ed8,2026-07-07T00:00:00Z,USA,Belgium,elimination,matchbook,Matchbook,2026-07-04T08:49:45Z,totals,2026-07-04T08:49:45Z,Under,2.18,2.5
810f80b3ae79f5e86b3747ca15718ed8,2026-07-07T00:00:00Z,USA,Belgium,elimination,pinnacle,Pinnacle,2026-07-04T08:49:46Z,h2h,2026-07-04T08:49:46Z,Belgium,2.63,
810f80b3ae79f5e86b3747ca15718ed8,2026-07-07T00:00:00Z,USA,Belgium,elimination,pinnacle,Pinnacle,2026-07-04T08:49:46Z,h2h,2026-07-04T08:49:46Z,USA,2.77,
810f80b3ae79f5e86b3747ca15718ed8,2026-07-07T00:00:00Z,USA,Belgium,elimination,pinnacle,Pinnacle,2026-07-04T08:49:46Z,h2h,2026-07-04T08:49:46Z,Draw,3.43,
810f80b3ae79f5e86b3747ca15718ed8,2026-07-07T00:00:00Z,USA,Belgium,elimination,pinnacle,Pinnacle,2026-07-04T08:49:46Z,spreads,2026-07-04T08:49:46Z,Belgium,1.9,-0.0
810f80b3ae79f5e86b3747ca15718ed8,2026-07-07T00:00:00Z,USA,Belgium,elimination,pinnacle,Pinnacle,2026-07-04T08:49:46Z,spreads,2026-07-04T08:49:46Z,USA,2.0,0.0
810f80b3ae79f5e86b3747ca15718ed8,2026-07-07T00:00:00Z,USA,Belgium,elimination,pinnacle,Pinnacle,2026-07-04T08:49:46Z,totals,2026-07-04T08:49:46Z,Over,1.99,2.75
810f80b3ae79f5e86b3747ca15718ed8,2026-07-07T00:00:00Z,USA,Belgium,elimination,pinnacle,Pinnacle,2026-07-04T08:49:46Z,totals,2026-07-04T08:49:46Z,Under,1.89,2.75
810f80b3ae79f5e86b3747ca15718ed8,2026-07-07T00:00:00Z,USA,Belgium,elimination,onexbet,1xBet,2026-07-04T08:49:02Z,h2h,2026-07-04T08:49:02Z,Belgium,2.67,
810f80b3ae79f5e86b3747ca15718ed8,2026-07-07T00:00:00Z,USA,Belgium,elimination,onexbet,1xBet,2026-07-04T08:49:02Z,h2h,2026-07-04T08:49:02Z,USA,2.82,
810f80b3ae79f5e86b3747ca15718ed8,2026-07-07T00:00:00Z,USA,Belgium,elimination,onexbet,1xBet,2026-07-04T08:49:02Z,h2h,2026-07-04T08:49:02Z,Draw,3.5,
810f80b3ae79f5e86b3747ca15718ed8,2026-07-07T00:00:00Z,USA,Belgium,elimination,onexbet,1xBet,2026-07-04T08:49:02Z,spreads,2026-07-04T08:49:02Z,Belgium,1.88,0.0
810f80b3ae79f5e86b3747ca15718ed8,2026-07-07T00:00:00Z,USA,Belgium,elimination,onexbet,1xBet,2026-07-04T08:49:02Z,spreads,2026-07-04T08:49:02Z,USA,1.99,0.0
810f80b3ae79f5e86b3747ca15718ed8,2026-07-07T00:00:00Z,USA,Belgium,elimination,onexbet,1xBet,2026-07-04T08:49:02Z,totals,2026-07-04T08:49:02Z,Over,1.78,2.5
810f80b3ae79f5e86b3747ca15718ed8,2026-07-07T00:00:00Z,USA,Belgium,elimination,onexbet,1xBet,2026-07-04T08:49:02Z,totals,2026-07-04T08:49:02Z,Under,2.1,2.5
810f80b3ae79f5e86b3747ca15718ed8,2026-07-07T00:00:00Z,USA,Belgium,elimination,winamax_fr,Winamax (FR),2026-07-04T08:49:24Z,h2h,2026-07-04T08:49:24Z,Belgium,2.55,
810f80b3ae79f5e86b3747ca15718ed8,2026-07-07T00:00:00Z,USA,Belgium,elimination,winamax_fr,Winamax (FR),2026-07-04T08:49:24Z,h2h,2026-07-04T08:49:24Z,USA,2.65,
810f80b3ae79f5e86b3747ca15718ed8,2026-07-07T00:00:00Z,USA,Belgium,elimination,winamax_fr,Winamax (FR),2026-07-04T08:49:24Z,h2h,2026-07-04T08:49:24Z,Draw,3.4,
810f80b3ae79f5e86b3747ca15718ed8,2026-07-07T00:00:00Z,USA,Belgium,elimination,winamax_de,Winamax (DE),2026-07-04T08:49:02Z,h2h,2026-07-04T08:49:02Z,Belgium,2.55,
810f80b3ae79f5e86b3747ca15718ed8,2026-07-07T00:00:00Z,USA,Belgium,elimination,winamax_de,Winamax (DE),2026-07-04T08:49:02Z,h2h,2026-07-04T08:49:02Z,USA,2.65,
810f80b3ae79f5e86b3747ca15718ed8,2026-07-07T00:00:00Z,USA,Belgium,elimination,winamax_de,Winamax (DE),2026-07-04T08:49:02Z,h2h,2026-07-04T08:49:02Z,Draw,3.4,
810f80b3ae79f5e86b3747ca15718ed8,2026-07-07T00:00:00Z,USA,Belgium,elimination,betonlineag,BetOnline.ag,2026-07-04T08:49:12Z,h2h,2026-07-04T08:49:12Z,Belgium,2.6,
810f80b3ae79f5e86b3747ca15718ed8,2026-07-07T00:00:00Z,USA,Belgium,elimination,betonlineag,BetOnline.ag,2026-07-04T08:49:12Z,h2h,2026-07-04T08:49:12Z,USA,2.77,
810f80b3ae79f5e86b3747ca15718ed8,2026-07-07T00:00:00Z,USA,Belgium,elimination,betonlineag,BetOnline.ag,2026-07-04T08:49:12Z,h2h,2026-07-04T08:49:12Z,Draw,3.46,
810f80b3ae79f5e86b3747ca15718ed8,2026-07-07T00:00:00Z,USA,Belgium,elimination,betonlineag,BetOnline.ag,2026-07-04T08:49:12Z,spreads,2026-07-04T08:49:12Z,Belgium,1.88,0.0
810f80b3ae79f5e86b3747ca15718ed8,2026-07-07T00:00:00Z,USA,Belgium,elimination,betonlineag,BetOnline.ag,2026-07-04T08:49:12Z,spreads,2026-07-04T08:49:12Z,USA,1.97,0.0
810f80b3ae79f5e86b3747ca15718ed8,2026-07-07T00:00:00Z,USA,Belgium,elimination,betonlineag,BetOnline.ag,2026-07-04T08:49:12Z,totals,2026-07-04T08:49:12Z,Over,1.76,2.5
810f80b3ae79f5e86b3747ca15718ed8,2026-07-07T00:00:00Z,USA,Belgium,elimination,betonlineag,BetOnline.ag,2026-07-04T08:49:12Z,totals,2026-07-04T08:49:12Z,Under,2.16,2.5
810f80b3ae79f5e86b3747ca15718ed8,2026-07-07T00:00:00Z,USA,Belgium,elimination,nordicbet,Nordic Bet,2026-07-04T08:49:12Z,h2h,2026-07-04T08:49:12Z,Belgium,2.7,
810f80b3ae79f5e86b3747ca15718ed8,2026-07-07T00:00:00Z,USA,Belgium,elimination,nordicbet,Nordic Bet,2026-07-04T08:49:12Z,h2h,2026-07-04T08:49:12Z,USA,2.78,
810f80b3ae79f5e86b3747ca15718ed8,2026-07-07T00:00:00Z,USA,Belgium,elimination,nordicbet,Nordic Bet,2026-07-04T08:49:12Z,h2h,2026-07-04T08:49:12Z,Draw,3.35,
810f80b3ae79f5e86b3747ca15718ed8,2026-07-07T00:00:00Z,USA,Belgium,elimination,nordicbet,Nordic Bet,2026-07-04T08:49:12Z,totals,2026-07-04T08:49:12Z,Over,1.78,2.5
810f80b3ae79f5e86b3747ca15718ed8,2026-07-07T00:00:00Z,USA,Belgium,elimination,nordicbet,Nordic Bet,2026-07-04T08:49:12Z,totals,2026-07-04T08:49:12Z,Under,2.08,2.5
810f80b3ae79f5e86b3747ca15718ed8,2026-07-07T00:00:00Z,USA,Belgium,elimination,betsson,Betsson,2026-07-04T08:48:07Z,h2h,2026-07-04T08:48:07Z,Belgium,2.7,
810f80b3ae79f5e86b3747ca15718ed8,2026-07-07T00:00:00Z,USA,Belgium,elimination,betsson,Betsson,2026-07-04T08:48:07Z,h2h,2026-07-04T08:48:07Z,USA,2.78,
810f80b3ae79f5e86b3747ca15718ed8,2026-07-07T00:00:00Z,USA,Belgium,elimination,betsson,Betsson,2026-07-04T08:48:07Z,h2h,2026-07-04T08:48:07Z,Draw,3.35,
810f80b3ae79f5e86b3747ca15718ed8,2026-07-07T00:00:00Z,USA,Belgium,elimination,betsson,Betsson,2026-07-04T08:48:07Z,totals,2026-07-04T08:48:07Z,Over,1.78,2.5
810f80b3ae79f5e86b3747ca15718ed8,2026-07-07T00:00:00Z,USA,Belgium,elimination,betsson,Betsson,2026-07-04T08:48:07Z,totals,2026-07-04T08:48:07Z,Under,2.08,2.5
810f80b3ae79f5e86b3747ca15718ed8,2026-07-07T00:00:00Z,USA,Belgium,elimination,sport888,888sport,2026-07-04T08:49:02Z,h2h,2026-07-04T08:49:02Z,Belgium,2.5,
810f80b3ae79f5e86b3747ca15718ed8,2026-07-07T00:00:00Z,USA,Belgium,elimination,sport888,888sport,2026-07-04T08:49:02Z,h2h,2026-07-04T08:49:02Z,USA,2.62,
810f80b3ae79f5e86b3747ca15718ed8,2026-07-07T00:00:00Z,USA,Belgium,elimination,sport888,888sport,2026-07-04T08:49:02Z,h2h,2026-07-04T08:49:02Z,Draw,3.2,
810f80b3ae79f5e86b3747ca15718ed8,2026-07-07T00:00:00Z,USA,Belgium,elimination,williamhill,William Hill,2026-07-04T08:49:45Z,h2h,2026-07-04T08:49:45Z,Belgium,2.5,
810f80b3ae79f5e86b3747ca15718ed8,2026-07-07T00:00:00Z,USA,Belgium,elimination,williamhill,William Hill,2026-07-04T08:49:45Z,h2h,2026-07-04T08:49:45Z,USA,2.7,
810f80b3ae79f5e86b3747ca15718ed8,2026-07-07T00:00:00Z,USA,Belgium,elimination,williamhill,William Hill,2026-07-04T08:49:45Z,h2h,2026-07-04T08:49:45Z,Draw,3.25,
810f80b3ae79f5e86b3747ca15718ed8,2026-07-07T00:00:00Z,USA,Belgium,elimination,williamhill,William Hill,2026-07-04T08:49:45Z,totals,2026-07-04T08:49:45Z,Over,1.8,2.5
810f80b3ae79f5e86b3747ca15718ed8,2026-07-07T00:00:00Z,USA,Belgium,elimination,williamhill,William Hill,2026-07-04T08:49:45Z,totals,2026-07-04T08:49:45Z,Under,1.95,2.5
810f80b3ae79f5e86b3747ca15718ed8,2026-07-07T00:00:00Z,USA,Belgium,elimination,everygame,Everygame,2026-07-04T08:48:31Z,h2h,2026-07-04T08:48:31Z,Belgium,2.6,
810f80b3ae79f5e86b3747ca15718ed8,2026-07-07T00:00:00Z,USA,Belgium,elimination,everygame,Everygame,2026-07-04T08:48:31Z,h2h,2026-07-04T08:48:31Z,USA,2.75,
810f80b3ae79f5e86b3747ca15718ed8,2026-07-07T00:00:00Z,USA,Belgium,elimination,everygame,Everygame,2026-07-04T08:48:31Z,h2h,2026-07-04T08:48:31Z,Draw,3.35,
810f80b3ae79f5e86b3747ca15718ed8,2026-07-07T00:00:00Z,USA,Belgium,elimination,codere_it,Codere (IT),2026-07-04T08:49:01Z,h2h,2026-07-04T08:49:01Z,Belgium,2.6,
810f80b3ae79f5e86b3747ca15718ed8,2026-07-07T00:00:00Z,USA,Belgium,elimination,codere_it,Codere (IT),2026-07-04T08:49:01Z,h2h,2026-07-04T08:49:01Z,USA,2.7,
810f80b3ae79f5e86b3747ca15718ed8,2026-07-07T00:00:00Z,USA,Belgium,elimination,codere_it,Codere (IT),2026-07-04T08:49:01Z,h2h,2026-07-04T08:49:01Z,Draw,3.35,
810f80b3ae79f5e86b3747ca15718ed8,2026-07-07T00:00:00Z,USA,Belgium,elimination,codere_it,Codere (IT),2026-07-04T08:49:01Z,totals,2026-07-04T08:49:01Z,Over,1.69,2.5
810f80b3ae79f5e86b3747ca15718ed8,2026-07-07T00:00:00Z,USA,Belgium,elimination,codere_it,Codere (IT),2026-07-04T08:49:01Z,totals,2026-07-04T08:49:01Z,Under,2.0,2.5
810f80b3ae79f5e86b3747ca15718ed8,2026-07-07T00:00:00Z,USA,Belgium,elimination,coolbet,Coolbet,2026-07-04T08:48:51Z,h2h,2026-07-04T08:48:51Z,Belgium,2.65,
810f80b3ae79f5e86b3747ca15718ed8,2026-07-07T00:00:00Z,USA,Belgium,elimination,coolbet,Coolbet,2026-07-04T08:48:51Z,h2h,2026-07-04T08:48:51Z,USA,2.8,
810f80b3ae79f5e86b3747ca15718ed8,2026-07-07T00:00:00Z,USA,Belgium,elimination,coolbet,Coolbet,2026-07-04T08:48:51Z,h2h,2026-07-04T08:48:51Z,Draw,3.45,
810f80b3ae79f5e86b3747ca15718ed8,2026-07-07T00:00:00Z,USA,Belgium,elimination,coolbet,Coolbet,2026-07-04T08:48:51Z,totals,2026-07-04T08:48:51Z,Over,1.78,2.5
810f80b3ae79f5e86b3747ca15718ed8,2026-07-07T00:00:00Z,USA,Belgium,elimination,coolbet,Coolbet,2026-07-04T08:48:51Z,totals,2026-07-04T08:48:51Z,Under,2.11,2.5
810f80b3ae79f5e86b3747ca15718ed8,2026-07-07T00:00:00Z,USA,Belgium,elimination,betanysports,BetAnything,2026-07-04T08:48:50Z,h2h,2026-07-04T08:48:50Z,Belgium,2.6,
810f80b3ae79f5e86b3747ca15718ed8,2026-07-07T00:00:00Z,USA,Belgium,elimination,betanysports,BetAnything,2026-07-04T08:48:50Z,h2h,2026-07-04T08:48:50Z,USA,2.7,
810f80b3ae79f5e86b3747ca15718ed8,2026-07-07T00:00:00Z,USA,Belgium,elimination,betanysports,BetAnything,2026-07-04T08:48:50Z,h2h,2026-07-04T08:48:50Z,Draw,3.4,
810f80b3ae79f5e86b3747ca15718ed8,2026-07-07T00:00:00Z,USA,Belgium,elimination,betanysports,BetAnything,2026-07-04T08:48:50Z,spreads,2026-07-04T08:48:50Z,Belgium,1.88,0.0
810f80b3ae79f5e86b3747ca15718ed8,2026-07-07T00:00:00Z,USA,Belgium,elimination,betanysports,BetAnything,2026-07-04T08:48:50Z,spreads,2026-07-04T08:48:50Z,USA,1.93,0.0
810f80b3ae79f5e86b3747ca15718ed8,2026-07-07T00:00:00Z,USA,Belgium,elimination,betanysports,BetAnything,2026-07-04T08:48:50Z,totals,2026-07-04T08:48:50Z,Over,2.85,3.5
810f80b3ae79f5e86b3747ca15718ed8,2026-07-07T00:00:00Z,USA,Belgium,elimination,betanysports,BetAnything,2026-07-04T08:48:50Z,totals,2026-07-04T08:48:50Z,Under,1.43,3.5
190922affd0be754bfefd71548dbf90d,2026-07-07T16:00:00Z,Argentina,Egypt,elimination,unibet_nl,Unibet (NL),2026-07-04T08:49:13Z,h2h,2026-07-04T08:49:13Z,Argentina,1.36,
190922affd0be754bfefd71548dbf90d,2026-07-07T16:00:00Z,Argentina,Egypt,elimination,unibet_nl,Unibet (NL),2026-07-04T08:49:13Z,h2h,2026-07-04T08:49:13Z,Egypt,10.0,
190922affd0be754bfefd71548dbf90d,2026-07-07T16:00:00Z,Argentina,Egypt,elimination,unibet_nl,Unibet (NL),2026-07-04T08:49:13Z,h2h,2026-07-04T08:49:13Z,Draw,4.9,
190922affd0be754bfefd71548dbf90d,2026-07-07T16:00:00Z,Argentina,Egypt,elimination,unibet_nl,Unibet (NL),2026-07-04T08:49:13Z,totals,2026-07-04T08:49:13Z,Over,2.04,2.5
190922affd0be754bfefd71548dbf90d,2026-07-07T16:00:00Z,Argentina,Egypt,elimination,unibet_nl,Unibet (NL),2026-07-04T08:49:13Z,totals,2026-07-04T08:49:13Z,Under,1.75,2.5
190922affd0be754bfefd71548dbf90d,2026-07-07T16:00:00Z,Argentina,Egypt,elimination,unibet_se,Unibet (SE),2026-07-04T08:49:13Z,h2h,2026-07-04T08:49:13Z,Argentina,1.36,
190922affd0be754bfefd71548dbf90d,2026-07-07T16:00:00Z,Argentina,Egypt,elimination,unibet_se,Unibet (SE),2026-07-04T08:49:13Z,h2h,2026-07-04T08:49:13Z,Egypt,10.0,
190922affd0be754bfefd71548dbf90d,2026-07-07T16:00:00Z,Argentina,Egypt,elimination,unibet_se,Unibet (SE),2026-07-04T08:49:13Z,h2h,2026-07-04T08:49:13Z,Draw,4.9,
190922affd0be754bfefd71548dbf90d,2026-07-07T16:00:00Z,Argentina,Egypt,elimination,unibet_se,Unibet (SE),2026-07-04T08:49:13Z,totals,2026-07-04T08:49:13Z,Over,2.07,2.5
190922affd0be754bfefd71548dbf90d,2026-07-07T16:00:00Z,Argentina,Egypt,elimination,unibet_se,Unibet (SE),2026-07-04T08:49:13Z,totals,2026-07-04T08:49:13Z,Under,1.77,2.5
190922affd0be754bfefd71548dbf90d,2026-07-07T16:00:00Z,Argentina,Egypt,elimination,tipico_de,Tipico,2026-07-04T08:49:12Z,h2h,2026-07-04T08:49:12Z,Argentina,1.33,
190922affd0be754bfefd71548dbf90d,2026-07-07T16:00:00Z,Argentina,Egypt,elimination,tipico_de,Tipico,2026-07-04T08:49:12Z,h2h,2026-07-04T08:49:12Z,Egypt,10.5,
190922affd0be754bfefd71548dbf90d,2026-07-07T16:00:00Z,Argentina,Egypt,elimination,tipico_de,Tipico,2026-07-04T08:49:12Z,h2h,2026-07-04T08:49:12Z,Draw,4.9,
190922affd0be754bfefd71548dbf90d,2026-07-07T16:00:00Z,Argentina,Egypt,elimination,leovegas_se,LeoVegas (SE),2026-07-04T08:49:12Z,h2h,2026-07-04T08:49:12Z,Argentina,1.36,
190922affd0be754bfefd71548dbf90d,2026-07-07T16:00:00Z,Argentina,Egypt,elimination,leovegas_se,LeoVegas (SE),2026-07-04T08:49:12Z,h2h,2026-07-04T08:49:12Z,Egypt,9.5,
190922affd0be754bfefd71548dbf90d,2026-07-07T16:00:00Z,Argentina,Egypt,elimination,leovegas_se,LeoVegas (SE),2026-07-04T08:49:12Z,h2h,2026-07-04T08:49:12Z,Draw,4.8,
190922affd0be754bfefd71548dbf90d,2026-07-07T16:00:00Z,Argentina,Egypt,elimination,pmu_fr,PMU (FR),2026-07-04T08:48:50Z,h2h,2026-07-04T08:48:50Z,Argentina,1.34,
190922affd0be754bfefd71548dbf90d,2026-07-07T16:00:00Z,Argentina,Egypt,elimination,pmu_fr,PMU (FR),2026-07-04T08:48:50Z,h2h,2026-07-04T08:48:50Z,Egypt,9.0,
190922affd0be754bfefd71548dbf90d,2026-07-07T16:00:00Z,Argentina,Egypt,elimination,pmu_fr,PMU (FR),2026-07-04T08:48:50Z,h2h,2026-07-04T08:48:50Z,Draw,4.7,
190922affd0be754bfefd71548dbf90d,2026-07-07T16:00:00Z,Argentina,Egypt,elimination,pmu_fr,PMU (FR),2026-07-04T08:48:50Z,totals,2026-07-04T08:48:50Z,Over,2.0,2.5
190922affd0be754bfefd71548dbf90d,2026-07-07T16:00:00Z,Argentina,Egypt,elimination,pmu_fr,PMU (FR),2026-07-04T08:48:50Z,totals,2026-07-04T08:48:50Z,Under,1.71,2.5
190922affd0be754bfefd71548dbf90d,2026-07-07T16:00:00Z,Argentina,Egypt,elimination,marathonbet,Marathon Bet,2026-07-04T08:49:02Z,h2h,2026-07-04T08:49:02Z,Argentina,1.36,
190922affd0be754bfefd71548dbf90d,2026-07-07T16:00:00Z,Argentina,Egypt,elimination,marathonbet,Marathon Bet,2026-07-04T08:49:02Z,h2h,2026-07-04T08:49:02Z,Egypt,9.2,
190922affd0be754bfefd71548dbf90d,2026-07-07T16:00:00Z,Argentina,Egypt,elimination,marathonbet,Marathon Bet,2026-07-04T08:49:02Z,h2h,2026-07-04T08:49:02Z,Draw,4.8,
190922affd0be754bfefd71548dbf90d,2026-07-07T16:00:00Z,Argentina,Egypt,elimination,gtbets,GTbets,2026-07-04T08:49:24Z,h2h,2026-07-04T08:49:24Z,Argentina,1.41,
190922affd0be754bfefd71548dbf90d,2026-07-07T16:00:00Z,Argentina,Egypt,elimination,gtbets,GTbets,2026-07-04T08:49:24Z,h2h,2026-07-04T08:49:24Z,Egypt,9.55,
190922affd0be754bfefd71548dbf90d,2026-07-07T16:00:00Z,Argentina,Egypt,elimination,gtbets,GTbets,2026-07-04T08:49:24Z,h2h,2026-07-04T08:49:24Z,Draw,4.76,
190922affd0be754bfefd71548dbf90d,2026-07-07T16:00:00Z,Argentina,Egypt,elimination,gtbets,GTbets,2026-07-04T08:49:24Z,spreads,2026-07-04T08:49:24Z,Argentina,2.06,-1.5
190922affd0be754bfefd71548dbf90d,2026-07-07T16:00:00Z,Argentina,Egypt,elimination,gtbets,GTbets,2026-07-04T08:49:24Z,spreads,2026-07-04T08:49:24Z,Egypt,1.74,1.5
190922affd0be754bfefd71548dbf90d,2026-07-07T16:00:00Z,Argentina,Egypt,elimination,gtbets,GTbets,2026-07-04T08:49:24Z,totals,2026-07-04T08:49:24Z,Over,1.95,2.5
190922affd0be754bfefd71548dbf90d,2026-07-07T16:00:00Z,Argentina,Egypt,elimination,gtbets,GTbets,2026-07-04T08:49:24Z,totals,2026-07-04T08:49:24Z,Under,1.81,2.5
190922affd0be754bfefd71548dbf90d,2026-07-07T16:00:00Z,Argentina,Egypt,elimination,unibet_fr,Unibet (FR),2026-07-04T08:49:45Z,h2h,2026-07-04T08:49:45Z,Argentina,1.33,
190922affd0be754bfefd71548dbf90d,2026-07-07T16:00:00Z,Argentina,Egypt,elimination,unibet_fr,Unibet (FR),2026-07-04T08:49:45Z,h2h,2026-07-04T08:49:45Z,Egypt,10.0,
190922affd0be754bfefd71548dbf90d,2026-07-07T16:00:00Z,Argentina,Egypt,elimination,unibet_fr,Unibet (FR),2026-07-04T08:49:45Z,h2h,2026-07-04T08:49:45Z,Draw,5.1,
190922affd0be754bfefd71548dbf90d,2026-07-07T16:00:00Z,Argentina,Egypt,elimination,betclic_fr,Betclic (FR),2026-07-04T08:46:50Z,h2h,2026-07-04T08:46:50Z,Argentina,1.35,
190922affd0be754bfefd71548dbf90d,2026-07-07T16:00:00Z,Argentina,Egypt,elimination,betclic_fr,Betclic (FR),2026-07-04T08:46:50Z,h2h,2026-07-04T08:46:50Z,Egypt,9.5,
190922affd0be754bfefd71548dbf90d,2026-07-07T16:00:00Z,Argentina,Egypt,elimination,betclic_fr,Betclic (FR),2026-07-04T08:46:50Z,h2h,2026-07-04T08:46:50Z,Draw,4.95,
190922affd0be754bfefd71548dbf90d,2026-07-07T16:00:00Z,Argentina,Egypt,elimination,mybookieag,MyBookie.ag,2026-07-04T08:49:45Z,h2h,2026-07-04T08:49:45Z,Argentina,1.34,
190922affd0be754bfefd71548dbf90d,2026-07-07T16:00:00Z,Argentina,Egypt,elimination,mybookieag,MyBookie.ag,2026-07-04T08:49:45Z,h2h,2026-07-04T08:49:45Z,Egypt,9.2,
190922affd0be754bfefd71548dbf90d,2026-07-07T16:00:00Z,Argentina,Egypt,elimination,mybookieag,MyBookie.ag,2026-07-04T08:49:45Z,h2h,2026-07-04T08:49:45Z,Draw,4.8,
190922affd0be754bfefd71548dbf90d,2026-07-07T16:00:00Z,Argentina,Egypt,elimination,mybookieag,MyBookie.ag,2026-07-04T08:49:45Z,spreads,2026-07-04T08:49:45Z,Argentina,2.01,-1.5
190922affd0be754bfefd71548dbf90d,2026-07-07T16:00:00Z,Argentina,Egypt,elimination,mybookieag,MyBookie.ag,2026-07-04T08:49:45Z,spreads,2026-07-04T08:49:45Z,Egypt,1.71,1.5
190922affd0be754bfefd71548dbf90d,2026-07-07T16:00:00Z,Argentina,Egypt,elimination,mybookieag,MyBookie.ag,2026-07-04T08:49:45Z,totals,2026-07-04T08:49:45Z,Over,1.93,2.5
190922affd0be754bfefd71548dbf90d,2026-07-07T16:00:00Z,Argentina,Egypt,elimination,mybookieag,MyBookie.ag,2026-07-04T08:49:45Z,totals,2026-07-04T08:49:45Z,Under,1.79,2.5
190922affd0be754bfefd71548dbf90d,2026-07-07T16:00:00Z,Argentina,Egypt,elimination,onexbet,1xBet,2026-07-04T08:49:02Z,h2h,2026-07-04T08:49:02Z,Argentina,1.4,
190922affd0be754bfefd71548dbf90d,2026-07-07T16:00:00Z,Argentina,Egypt,elimination,onexbet,1xBet,2026-07-04T08:49:02Z,h2h,2026-07-04T08:49:02Z,Egypt,9.7,
190922affd0be754bfefd71548dbf90d,2026-07-07T16:00:00Z,Argentina,Egypt,elimination,onexbet,1xBet,2026-07-04T08:49:02Z,h2h,2026-07-04T08:49:02Z,Draw,5.06,
190922affd0be754bfefd71548dbf90d,2026-07-07T16:00:00Z,Argentina,Egypt,elimination,onexbet,1xBet,2026-07-04T08:49:02Z,spreads,2026-07-04T08:49:02Z,Argentina,2.14,-1.5
190922affd0be754bfefd71548dbf90d,2026-07-07T16:00:00Z,Argentina,Egypt,elimination,onexbet,1xBet,2026-07-04T08:49:02Z,spreads,2026-07-04T08:49:02Z,Egypt,1.75,1.5
190922affd0be754bfefd71548dbf90d,2026-07-07T16:00:00Z,Argentina,Egypt,elimination,onexbet,1xBet,2026-07-04T08:49:02Z,totals,2026-07-04T08:49:02Z,Over,2.02,2.5
190922affd0be754bfefd71548dbf90d,2026-07-07T16:00:00Z,Argentina,Egypt,elimination,onexbet,1xBet,2026-07-04T08:49:02Z,totals,2026-07-04T08:49:02Z,Under,1.85,2.5
190922affd0be754bfefd71548dbf90d,2026-07-07T16:00:00Z,Argentina,Egypt,elimination,winamax_de,Winamax (DE),2026-07-04T08:49:02Z,h2h,2026-07-04T08:49:02Z,Argentina,1.34,
190922affd0be754bfefd71548dbf90d,2026-07-07T16:00:00Z,Argentina,Egypt,elimination,winamax_de,Winamax (DE),2026-07-04T08:49:02Z,h2h,2026-07-04T08:49:02Z,Egypt,8.5,
190922affd0be754bfefd71548dbf90d,2026-07-07T16:00:00Z,Argentina,Egypt,elimination,winamax_de,Winamax (DE),2026-07-04T08:49:02Z,h2h,2026-07-04T08:49:02Z,Draw,5.1,
190922affd0be754bfefd71548dbf90d,2026-07-07T16:00:00Z,Argentina,Egypt,elimination,winamax_fr,Winamax (FR),2026-07-04T08:49:24Z,h2h,2026-07-04T08:49:24Z,Argentina,1.34,
190922affd0be754bfefd71548dbf90d,2026-07-07T16:00:00Z,Argentina,Egypt,elimination,winamax_fr,Winamax (FR),2026-07-04T08:49:24Z,h2h,2026-07-04T08:49:24Z,Egypt,8.0,
190922affd0be754bfefd71548dbf90d,2026-07-07T16:00:00Z,Argentina,Egypt,elimination,winamax_fr,Winamax (FR),2026-07-04T08:49:24Z,h2h,2026-07-04T08:49:24Z,Draw,5.0,
190922affd0be754bfefd71548dbf90d,2026-07-07T16:00:00Z,Argentina,Egypt,elimination,pinnacle,Pinnacle,2026-07-04T08:49:46Z,h2h,2026-07-04T08:49:46Z,Argentina,1.37,
190922affd0be754bfefd71548dbf90d,2026-07-07T16:00:00Z,Argentina,Egypt,elimination,pinnacle,Pinnacle,2026-07-04T08:49:46Z,h2h,2026-07-04T08:49:46Z,Egypt,9.65,
190922affd0be754bfefd71548dbf90d,2026-07-07T16:00:00Z,Argentina,Egypt,elimination,pinnacle,Pinnacle,2026-07-04T08:49:46Z,h2h,2026-07-04T08:49:46Z,Draw,4.87,
190922affd0be754bfefd71548dbf90d,2026-07-07T16:00:00Z,Argentina,Egypt,elimination,pinnacle,Pinnacle,2026-07-04T08:49:46Z,spreads,2026-07-04T08:49:46Z,Argentina,1.89,-1.25
190922affd0be754bfefd71548dbf90d,2026-07-07T16:00:00Z,Argentina,Egypt,elimination,pinnacle,Pinnacle,2026-07-04T08:49:46Z,spreads,2026-07-04T08:49:46Z,Egypt,2.02,1.25
190922affd0be754bfefd71548dbf90d,2026-07-07T16:00:00Z,Argentina,Egypt,elimination,pinnacle,Pinnacle,2026-07-04T08:49:46Z,totals,2026-07-04T08:49:46Z,Over,2.04,2.5
190922affd0be754bfefd71548dbf90d,2026-07-07T16:00:00Z,Argentina,Egypt,elimination,pinnacle,Pinnacle,2026-07-04T08:49:46Z,totals,2026-07-04T08:49:46Z,Under,1.85,2.5
190922affd0be754bfefd71548dbf90d,2026-07-07T16:00:00Z,Argentina,Egypt,elimination,matchbook,Matchbook,2026-07-04T08:49:45Z,h2h,2026-07-04T08:49:45Z,Argentina,1.38,
190922affd0be754bfefd71548dbf90d,2026-07-07T16:00:00Z,Argentina,Egypt,elimination,matchbook,Matchbook,2026-07-04T08:49:45Z,h2h,2026-07-04T08:49:45Z,Egypt,11.5,
190922affd0be754bfefd71548dbf90d,2026-07-07T16:00:00Z,Argentina,Egypt,elimination,matchbook,Matchbook,2026-07-04T08:49:45Z,h2h,2026-07-04T08:49:45Z,Draw,4.9,
190922affd0be754bfefd71548dbf90d,2026-07-07T16:00:00Z,Argentina,Egypt,elimination,matchbook,Matchbook,2026-07-04T08:49:45Z,spreads,2026-07-04T08:49:45Z,Argentina,1.91,-1.25
190922affd0be754bfefd71548dbf90d,2026-07-07T16:00:00Z,Argentina,Egypt,elimination,matchbook,Matchbook,2026-07-04T08:49:45Z,spreads,2026-07-04T08:49:45Z,Egypt,2.04,1.25
190922affd0be754bfefd71548dbf90d,2026-07-07T16:00:00Z,Argentina,Egypt,elimination,matchbook,Matchbook,2026-07-04T08:49:45Z,totals,2026-07-04T08:49:45Z,Over,2.04,2.5
190922affd0be754bfefd71548dbf90d,2026-07-07T16:00:00Z,Argentina,Egypt,elimination,matchbook,Matchbook,2026-07-04T08:49:45Z,totals,2026-07-04T08:49:45Z,Under,1.89,2.5
190922affd0be754bfefd71548dbf90d,2026-07-07T16:00:00Z,Argentina,Egypt,elimination,sport888,888sport,2026-07-04T08:49:02Z,h2h,2026-07-04T08:49:02Z,Argentina,1.33,
190922affd0be754bfefd71548dbf90d,2026-07-07T16:00:00Z,Argentina,Egypt,elimination,sport888,888sport,2026-07-04T08:49:02Z,h2h,2026-07-04T08:49:02Z,Egypt,8.5,
190922affd0be754bfefd71548dbf90d,2026-07-07T16:00:00Z,Argentina,Egypt,elimination,sport888,888sport,2026-07-04T08:49:02Z,h2h,2026-07-04T08:49:02Z,Draw,4.5,
190922affd0be754bfefd71548dbf90d,2026-07-07T16:00:00Z,Argentina,Egypt,elimination,williamhill,William Hill,2026-07-04T08:49:45Z,h2h,2026-07-04T08:49:45Z,Argentina,1.36,
190922affd0be754bfefd71548dbf90d,2026-07-07T16:00:00Z,Argentina,Egypt,elimination,williamhill,William Hill,2026-07-04T08:49:45Z,h2h,2026-07-04T08:49:45Z,Egypt,8.5,
190922affd0be754bfefd71548dbf90d,2026-07-07T16:00:00Z,Argentina,Egypt,elimination,williamhill,William Hill,2026-07-04T08:49:45Z,h2h,2026-07-04T08:49:45Z,Draw,4.6,
190922affd0be754bfefd71548dbf90d,2026-07-07T16:00:00Z,Argentina,Egypt,elimination,williamhill,William Hill,2026-07-04T08:49:45Z,totals,2026-07-04T08:49:45Z,Over,1.95,2.5
190922affd0be754bfefd71548dbf90d,2026-07-07T16:00:00Z,Argentina,Egypt,elimination,williamhill,William Hill,2026-07-04T08:49:45Z,totals,2026-07-04T08:49:45Z,Under,1.8,2.5
190922affd0be754bfefd71548dbf90d,2026-07-07T16:00:00Z,Argentina,Egypt,elimination,betfair_ex_eu,Betfair,2026-07-04T08:49:34Z,h2h,2026-07-04T08:49:34Z,Argentina,1.38,
190922affd0be754bfefd71548dbf90d,2026-07-07T16:00:00Z,Argentina,Egypt,elimination,betfair_ex_eu,Betfair,2026-07-04T08:49:34Z,h2h,2026-07-04T08:49:34Z,Egypt,11.0,
190922affd0be754bfefd71548dbf90d,2026-07-07T16:00:00Z,Argentina,Egypt,elimination,betfair_ex_eu,Betfair,2026-07-04T08:49:34Z,h2h,2026-07-04T08:49:34Z,Draw,4.9,
190922affd0be754bfefd71548dbf90d,2026-07-07T16:00:00Z,Argentina,Egypt,elimination,coolbet,Coolbet,2026-07-04T08:48:51Z,h2h,2026-07-04T08:48:51Z,Argentina,1.37,
190922affd0be754bfefd71548dbf90d,2026-07-07T16:00:00Z,Argentina,Egypt,elimination,coolbet,Coolbet,2026-07-04T08:48:51Z,h2h,2026-07-04T08:48:51Z,Egypt,10.0,
190922affd0be754bfefd71548dbf90d,2026-07-07T16:00:00Z,Argentina,Egypt,elimination,coolbet,Coolbet,2026-07-04T08:48:51Z,h2h,2026-07-04T08:48:51Z,Draw,5.0,
190922affd0be754bfefd71548dbf90d,2026-07-07T16:00:00Z,Argentina,Egypt,elimination,coolbet,Coolbet,2026-07-04T08:48:51Z,totals,2026-07-04T08:48:51Z,Over,2.01,2.5
190922affd0be754bfefd71548dbf90d,2026-07-07T16:00:00Z,Argentina,Egypt,elimination,coolbet,Coolbet,2026-07-04T08:48:51Z,totals,2026-07-04T08:48:51Z,Under,1.86,2.5
190922affd0be754bfefd71548dbf90d,2026-07-07T16:00:00Z,Argentina,Egypt,elimination,betonlineag,BetOnline.ag,2026-07-04T08:49:12Z,h2h,2026-07-04T08:49:12Z,Argentina,1.36,
190922affd0be754bfefd71548dbf90d,2026-07-07T16:00:00Z,Argentina,Egypt,elimination,betonlineag,BetOnline.ag,2026-07-04T08:49:12Z,h2h,2026-07-04T08:49:12Z,Egypt,10.5,
190922affd0be754bfefd71548dbf90d,2026-07-07T16:00:00Z,Argentina,Egypt,elimination,betonlineag,BetOnline.ag,2026-07-04T08:49:12Z,h2h,2026-07-04T08:49:12Z,Draw,5.0,
190922affd0be754bfefd71548dbf90d,2026-07-07T16:00:00Z,Argentina,Egypt,elimination,betonlineag,BetOnline.ag,2026-07-04T08:49:12Z,spreads,2026-07-04T08:49:12Z,Argentina,2.1,-1.5
190922affd0be754bfefd71548dbf90d,2026-07-07T16:00:00Z,Argentina,Egypt,elimination,betonlineag,BetOnline.ag,2026-07-04T08:49:12Z,spreads,2026-07-04T08:49:12Z,Egypt,1.79,1.5
190922affd0be754bfefd71548dbf90d,2026-07-07T16:00:00Z,Argentina,Egypt,elimination,betonlineag,BetOnline.ag,2026-07-04T08:49:12Z,totals,2026-07-04T08:49:12Z,Over,2.01,2.5
190922affd0be754bfefd71548dbf90d,2026-07-07T16:00:00Z,Argentina,Egypt,elimination,betonlineag,BetOnline.ag,2026-07-04T08:49:12Z,totals,2026-07-04T08:49:12Z,Under,1.85,2.5
190922affd0be754bfefd71548dbf90d,2026-07-07T16:00:00Z,Argentina,Egypt,elimination,betsson,Betsson,2026-07-04T08:48:07Z,h2h,2026-07-04T08:48:07Z,Argentina,1.38,
190922affd0be754bfefd71548dbf90d,2026-07-07T16:00:00Z,Argentina,Egypt,elimination,betsson,Betsson,2026-07-04T08:48:07Z,h2h,2026-07-04T08:48:07Z,Egypt,11.0,
190922affd0be754bfefd71548dbf90d,2026-07-07T16:00:00Z,Argentina,Egypt,elimination,betsson,Betsson,2026-07-04T08:48:07Z,h2h,2026-07-04T08:48:07Z,Draw,4.7,
190922affd0be754bfefd71548dbf90d,2026-07-07T16:00:00Z,Argentina,Egypt,elimination,betsson,Betsson,2026-07-04T08:48:07Z,totals,2026-07-04T08:48:07Z,Over,2.0,2.5
190922affd0be754bfefd71548dbf90d,2026-07-07T16:00:00Z,Argentina,Egypt,elimination,betsson,Betsson,2026-07-04T08:48:07Z,totals,2026-07-04T08:48:07Z,Under,1.85,2.5
190922affd0be754bfefd71548dbf90d,2026-07-07T16:00:00Z,Argentina,Egypt,elimination,nordicbet,Nordic Bet,2026-07-04T08:49:12Z,h2h,2026-07-04T08:49:12Z,Argentina,1.38,
190922affd0be754bfefd71548dbf90d,2026-07-07T16:00:00Z,Argentina,Egypt,elimination,nordicbet,Nordic Bet,2026-07-04T08:49:12Z,h2h,2026-07-04T08:49:12Z,Egypt,11.0,
190922affd0be754bfefd71548dbf90d,2026-07-07T16:00:00Z,Argentina,Egypt,elimination,nordicbet,Nordic Bet,2026-07-04T08:49:12Z,h2h,2026-07-04T08:49:12Z,Draw,4.7,
190922affd0be754bfefd71548dbf90d,2026-07-07T16:00:00Z,Argentina,Egypt,elimination,nordicbet,Nordic Bet,2026-07-04T08:49:12Z,totals,2026-07-04T08:49:12Z,Over,2.0,2.5
190922affd0be754bfefd71548dbf90d,2026-07-07T16:00:00Z,Argentina,Egypt,elimination,nordicbet,Nordic Bet,2026-07-04T08:49:12Z,totals,2026-07-04T08:49:12Z,Under,1.85,2.5
190922affd0be754bfefd71548dbf90d,2026-07-07T16:00:00Z,Argentina,Egypt,elimination,everygame,Everygame,2026-07-04T08:48:31Z,h2h,2026-07-04T08:48:31Z,Argentina,1.36,
190922affd0be754bfefd71548dbf90d,2026-07-07T16:00:00Z,Argentina,Egypt,elimination,everygame,Everygame,2026-07-04T08:48:31Z,h2h,2026-07-04T08:48:31Z,Egypt,9.5,
190922affd0be754bfefd71548dbf90d,2026-07-07T16:00:00Z,Argentina,Egypt,elimination,everygame,Everygame,2026-07-04T08:48:31Z,h2h,2026-07-04T08:48:31Z,Draw,4.75,
190922affd0be754bfefd71548dbf90d,2026-07-07T16:00:00Z,Argentina,Egypt,elimination,codere_it,Codere (IT),2026-07-04T08:49:01Z,h2h,2026-07-04T08:49:01Z,Argentina,1.35,
190922affd0be754bfefd71548dbf90d,2026-07-07T16:00:00Z,Argentina,Egypt,elimination,codere_it,Codere (IT),2026-07-04T08:49:01Z,h2h,2026-07-04T08:49:01Z,Egypt,9.4,
190922affd0be754bfefd71548dbf90d,2026-07-07T16:00:00Z,Argentina,Egypt,elimination,codere_it,Codere (IT),2026-07-04T08:49:01Z,h2h,2026-07-04T08:49:01Z,Draw,4.9,
190922affd0be754bfefd71548dbf90d,2026-07-07T16:00:00Z,Argentina,Egypt,elimination,codere_it,Codere (IT),2026-07-04T08:49:01Z,totals,2026-07-04T08:49:01Z,Over,1.91,2.5
190922affd0be754bfefd71548dbf90d,2026-07-07T16:00:00Z,Argentina,Egypt,elimination,codere_it,Codere (IT),2026-07-04T08:49:01Z,totals,2026-07-04T08:49:01Z,Under,1.77,2.5
a6da973c5749ce60adab77d64b3664f4,2026-07-07T20:00:00Z,Switzerland,Colombia,elimination,leovegas_se,LeoVegas (SE),2026-07-04T08:49:12Z,h2h,2026-07-04T08:49:12Z,Colombia,2.25,
a6da973c5749ce60adab77d64b3664f4,2026-07-07T20:00:00Z,Switzerland,Colombia,elimination,leovegas_se,LeoVegas (SE),2026-07-04T08:49:12Z,h2h,2026-07-04T08:49:12Z,Switzerland,3.65,
a6da973c5749ce60adab77d64b3664f4,2026-07-07T20:00:00Z,Switzerland,Colombia,elimination,leovegas_se,LeoVegas (SE),2026-07-04T08:49:12Z,h2h,2026-07-04T08:49:12Z,Draw,3.0,
a6da973c5749ce60adab77d64b3664f4,2026-07-07T20:00:00Z,Switzerland,Colombia,elimination,tipico_de,Tipico,2026-07-04T08:49:12Z,h2h,2026-07-04T08:49:12Z,Colombia,2.2,
a6da973c5749ce60adab77d64b3664f4,2026-07-07T20:00:00Z,Switzerland,Colombia,elimination,tipico_de,Tipico,2026-07-04T08:49:12Z,h2h,2026-07-04T08:49:12Z,Switzerland,3.5,
a6da973c5749ce60adab77d64b3664f4,2026-07-07T20:00:00Z,Switzerland,Colombia,elimination,tipico_de,Tipico,2026-07-04T08:49:12Z,h2h,2026-07-04T08:49:12Z,Draw,3.2,
a6da973c5749ce60adab77d64b3664f4,2026-07-07T20:00:00Z,Switzerland,Colombia,elimination,pmu_fr,PMU (FR),2026-07-04T08:48:50Z,h2h,2026-07-04T08:48:50Z,Colombia,2.23,
a6da973c5749ce60adab77d64b3664f4,2026-07-07T20:00:00Z,Switzerland,Colombia,elimination,pmu_fr,PMU (FR),2026-07-04T08:48:50Z,h2h,2026-07-04T08:48:50Z,Switzerland,3.55,
a6da973c5749ce60adab77d64b3664f4,2026-07-07T20:00:00Z,Switzerland,Colombia,elimination,pmu_fr,PMU (FR),2026-07-04T08:48:50Z,h2h,2026-07-04T08:48:50Z,Draw,2.95,
a6da973c5749ce60adab77d64b3664f4,2026-07-07T20:00:00Z,Switzerland,Colombia,elimination,pmu_fr,PMU (FR),2026-07-04T08:48:50Z,totals,2026-07-04T08:48:50Z,Over,2.23,2.5
a6da973c5749ce60adab77d64b3664f4,2026-07-07T20:00:00Z,Switzerland,Colombia,elimination,pmu_fr,PMU (FR),2026-07-04T08:48:50Z,totals,2026-07-04T08:48:50Z,Under,1.56,2.5
a6da973c5749ce60adab77d64b3664f4,2026-07-07T20:00:00Z,Switzerland,Colombia,elimination,unibet_se,Unibet (SE),2026-07-04T08:49:13Z,h2h,2026-07-04T08:49:13Z,Colombia,2.28,
a6da973c5749ce60adab77d64b3664f4,2026-07-07T20:00:00Z,Switzerland,Colombia,elimination,unibet_se,Unibet (SE),2026-07-04T08:49:13Z,h2h,2026-07-04T08:49:13Z,Switzerland,3.7,
a6da973c5749ce60adab77d64b3664f4,2026-07-07T20:00:00Z,Switzerland,Colombia,elimination,unibet_se,Unibet (SE),2026-07-04T08:49:13Z,h2h,2026-07-04T08:49:13Z,Draw,3.05,
a6da973c5749ce60adab77d64b3664f4,2026-07-07T20:00:00Z,Switzerland,Colombia,elimination,unibet_se,Unibet (SE),2026-07-04T08:49:13Z,totals,2026-07-04T08:49:13Z,Over,2.33,2.5
a6da973c5749ce60adab77d64b3664f4,2026-07-07T20:00:00Z,Switzerland,Colombia,elimination,unibet_se,Unibet (SE),2026-07-04T08:49:13Z,totals,2026-07-04T08:49:13Z,Under,1.62,2.5
a6da973c5749ce60adab77d64b3664f4,2026-07-07T20:00:00Z,Switzerland,Colombia,elimination,unibet_nl,Unibet (NL),2026-07-04T08:49:13Z,h2h,2026-07-04T08:49:13Z,Colombia,2.28,
a6da973c5749ce60adab77d64b3664f4,2026-07-07T20:00:00Z,Switzerland,Colombia,elimination,unibet_nl,Unibet (NL),2026-07-04T08:49:13Z,h2h,2026-07-04T08:49:13Z,Switzerland,3.7,
a6da973c5749ce60adab77d64b3664f4,2026-07-07T20:00:00Z,Switzerland,Colombia,elimination,unibet_nl,Unibet (NL),2026-07-04T08:49:13Z,h2h,2026-07-04T08:49:13Z,Draw,3.05,
a6da973c5749ce60adab77d64b3664f4,2026-07-07T20:00:00Z,Switzerland,Colombia,elimination,unibet_nl,Unibet (NL),2026-07-04T08:49:13Z,totals,2026-07-04T08:49:13Z,Over,2.3,2.5
a6da973c5749ce60adab77d64b3664f4,2026-07-07T20:00:00Z,Switzerland,Colombia,elimination,unibet_nl,Unibet (NL),2026-07-04T08:49:13Z,totals,2026-07-04T08:49:13Z,Under,1.6,2.5
a6da973c5749ce60adab77d64b3664f4,2026-07-07T20:00:00Z,Switzerland,Colombia,elimination,marathonbet,Marathon Bet,2026-07-04T08:49:02Z,h2h,2026-07-04T08:49:02Z,Colombia,2.21,
a6da973c5749ce60adab77d64b3664f4,2026-07-07T20:00:00Z,Switzerland,Colombia,elimination,marathonbet,Marathon Bet,2026-07-04T08:49:02Z,h2h,2026-07-04T08:49:02Z,Switzerland,3.46,
a6da973c5749ce60adab77d64b3664f4,2026-07-07T20:00:00Z,Switzerland,Colombia,elimination,marathonbet,Marathon Bet,2026-07-04T08:49:02Z,h2h,2026-07-04T08:49:02Z,Draw,3.24,
a6da973c5749ce60adab77d64b3664f4,2026-07-07T20:00:00Z,Switzerland,Colombia,elimination,betclic_fr,Betclic (FR),2026-07-04T08:46:50Z,h2h,2026-07-04T08:46:50Z,Colombia,2.2,
a6da973c5749ce60adab77d64b3664f4,2026-07-07T20:00:00Z,Switzerland,Colombia,elimination,betclic_fr,Betclic (FR),2026-07-04T08:46:50Z,h2h,2026-07-04T08:46:50Z,Switzerland,3.45,
a6da973c5749ce60adab77d64b3664f4,2026-07-07T20:00:00Z,Switzerland,Colombia,elimination,betclic_fr,Betclic (FR),2026-07-04T08:46:50Z,h2h,2026-07-04T08:46:50Z,Draw,3.27,
a6da973c5749ce60adab77d64b3664f4,2026-07-07T20:00:00Z,Switzerland,Colombia,elimination,codere_it,Codere (IT),2026-07-04T08:49:01Z,h2h,2026-07-04T08:49:01Z,Colombia,2.25,
a6da973c5749ce60adab77d64b3664f4,2026-07-07T20:00:00Z,Switzerland,Colombia,elimination,codere_it,Codere (IT),2026-07-04T08:49:01Z,h2h,2026-07-04T08:49:01Z,Switzerland,3.4,
a6da973c5749ce60adab77d64b3664f4,2026-07-07T20:00:00Z,Switzerland,Colombia,elimination,codere_it,Codere (IT),2026-07-04T08:49:01Z,h2h,2026-07-04T08:49:01Z,Draw,3.2,
a6da973c5749ce60adab77d64b3664f4,2026-07-07T20:00:00Z,Switzerland,Colombia,elimination,codere_it,Codere (IT),2026-07-04T08:49:01Z,totals,2026-07-04T08:49:01Z,Over,2.15,2.5
a6da973c5749ce60adab77d64b3664f4,2026-07-07T20:00:00Z,Switzerland,Colombia,elimination,codere_it,Codere (IT),2026-07-04T08:49:01Z,totals,2026-07-04T08:49:01Z,Under,1.6,2.5
a6da973c5749ce60adab77d64b3664f4,2026-07-07T20:00:00Z,Switzerland,Colombia,elimination,unibet_fr,Unibet (FR),2026-07-04T08:49:45Z,h2h,2026-07-04T08:49:45Z,Colombia,2.2,
a6da973c5749ce60adab77d64b3664f4,2026-07-07T20:00:00Z,Switzerland,Colombia,elimination,unibet_fr,Unibet (FR),2026-07-04T08:49:45Z,h2h,2026-07-04T08:49:45Z,Switzerland,3.45,
a6da973c5749ce60adab77d64b3664f4,2026-07-07T20:00:00Z,Switzerland,Colombia,elimination,unibet_fr,Unibet (FR),2026-07-04T08:49:45Z,h2h,2026-07-04T08:49:45Z,Draw,3.3,
a6da973c5749ce60adab77d64b3664f4,2026-07-07T20:00:00Z,Switzerland,Colombia,elimination,mybookieag,MyBookie.ag,2026-07-04T08:49:45Z,h2h,2026-07-04T08:49:45Z,Colombia,2.23,
a6da973c5749ce60adab77d64b3664f4,2026-07-07T20:00:00Z,Switzerland,Colombia,elimination,mybookieag,MyBookie.ag,2026-07-04T08:49:45Z,h2h,2026-07-04T08:49:45Z,Switzerland,3.36,
a6da973c5749ce60adab77d64b3664f4,2026-07-07T20:00:00Z,Switzerland,Colombia,elimination,mybookieag,MyBookie.ag,2026-07-04T08:49:45Z,h2h,2026-07-04T08:49:45Z,Draw,3.18,
a6da973c5749ce60adab77d64b3664f4,2026-07-07T20:00:00Z,Switzerland,Colombia,elimination,mybookieag,MyBookie.ag,2026-07-04T08:49:45Z,spreads,2026-07-04T08:49:45Z,Colombia,2.15,-0.5
a6da973c5749ce60adab77d64b3664f4,2026-07-07T20:00:00Z,Switzerland,Colombia,elimination,mybookieag,MyBookie.ag,2026-07-04T08:49:45Z,spreads,2026-07-04T08:49:45Z,Switzerland,1.63,0.5
a6da973c5749ce60adab77d64b3664f4,2026-07-07T20:00:00Z,Switzerland,Colombia,elimination,mybookieag,MyBookie.ag,2026-07-04T08:49:45Z,totals,2026-07-04T08:49:45Z,Over,1.63,2.0
a6da973c5749ce60adab77d64b3664f4,2026-07-07T20:00:00Z,Switzerland,Colombia,elimination,mybookieag,MyBookie.ag,2026-07-04T08:49:45Z,totals,2026-07-04T08:49:45Z,Under,2.14,2.0
a6da973c5749ce60adab77d64b3664f4,2026-07-07T20:00:00Z,Switzerland,Colombia,elimination,gtbets,GTbets,2026-07-04T08:49:24Z,h2h,2026-07-04T08:49:24Z,Colombia,2.31,
a6da973c5749ce60adab77d64b3664f4,2026-07-07T20:00:00Z,Switzerland,Colombia,elimination,gtbets,GTbets,2026-07-04T08:49:24Z,h2h,2026-07-04T08:49:24Z,Switzerland,3.39,
a6da973c5749ce60adab77d64b3664f4,2026-07-07T20:00:00Z,Switzerland,Colombia,elimination,gtbets,GTbets,2026-07-04T08:49:24Z,h2h,2026-07-04T08:49:24Z,Draw,3.29,
a6da973c5749ce60adab77d64b3664f4,2026-07-07T20:00:00Z,Switzerland,Colombia,elimination,gtbets,GTbets,2026-07-04T08:49:24Z,spreads,2026-07-04T08:49:24Z,Colombia,2.21,-0.5
a6da973c5749ce60adab77d64b3664f4,2026-07-07T20:00:00Z,Switzerland,Colombia,elimination,gtbets,GTbets,2026-07-04T08:49:24Z,spreads,2026-07-04T08:49:24Z,Switzerland,1.67,0.5
a6da973c5749ce60adab77d64b3664f4,2026-07-07T20:00:00Z,Switzerland,Colombia,elimination,gtbets,GTbets,2026-07-04T08:49:24Z,totals,2026-07-04T08:49:24Z,Over,2.21,2.5
a6da973c5749ce60adab77d64b3664f4,2026-07-07T20:00:00Z,Switzerland,Colombia,elimination,gtbets,GTbets,2026-07-04T08:49:24Z,totals,2026-07-04T08:49:24Z,Under,1.67,2.5
a6da973c5749ce60adab77d64b3664f4,2026-07-07T20:00:00Z,Switzerland,Colombia,elimination,winamax_de,Winamax (DE),2026-07-04T08:49:02Z,h2h,2026-07-04T08:49:02Z,Colombia,2.2,
a6da973c5749ce60adab77d64b3664f4,2026-07-07T20:00:00Z,Switzerland,Colombia,elimination,winamax_de,Winamax (DE),2026-07-04T08:49:02Z,h2h,2026-07-04T08:49:02Z,Switzerland,3.3,
a6da973c5749ce60adab77d64b3664f4,2026-07-07T20:00:00Z,Switzerland,Colombia,elimination,winamax_de,Winamax (DE),2026-07-04T08:49:02Z,h2h,2026-07-04T08:49:02Z,Draw,3.3,
a6da973c5749ce60adab77d64b3664f4,2026-07-07T20:00:00Z,Switzerland,Colombia,elimination,winamax_fr,Winamax (FR),2026-07-04T08:49:24Z,h2h,2026-07-04T08:49:24Z,Colombia,2.2,
a6da973c5749ce60adab77d64b3664f4,2026-07-07T20:00:00Z,Switzerland,Colombia,elimination,winamax_fr,Winamax (FR),2026-07-04T08:49:24Z,h2h,2026-07-04T08:49:24Z,Switzerland,3.3,
a6da973c5749ce60adab77d64b3664f4,2026-07-07T20:00:00Z,Switzerland,Colombia,elimination,winamax_fr,Winamax (FR),2026-07-04T08:49:24Z,h2h,2026-07-04T08:49:24Z,Draw,3.25,
a6da973c5749ce60adab77d64b3664f4,2026-07-07T20:00:00Z,Switzerland,Colombia,elimination,onexbet,1xBet,2026-07-04T08:49:02Z,h2h,2026-07-04T08:49:01Z,Colombia,2.29,
a6da973c5749ce60adab77d64b3664f4,2026-07-07T20:00:00Z,Switzerland,Colombia,elimination,onexbet,1xBet,2026-07-04T08:49:02Z,h2h,2026-07-04T08:49:01Z,Switzerland,3.58,
a6da973c5749ce60adab77d64b3664f4,2026-07-07T20:00:00Z,Switzerland,Colombia,elimination,onexbet,1xBet,2026-07-04T08:49:02Z,h2h,2026-07-04T08:49:01Z,Draw,3.35,
a6da973c5749ce60adab77d64b3664f4,2026-07-07T20:00:00Z,Switzerland,Colombia,elimination,onexbet,1xBet,2026-07-04T08:49:02Z,spreads,2026-07-04T08:49:01Z,Colombia,1.58,0.0
a6da973c5749ce60adab77d64b3664f4,2026-07-07T20:00:00Z,Switzerland,Colombia,elimination,onexbet,1xBet,2026-07-04T08:49:02Z,spreads,2026-07-04T08:49:01Z,Switzerland,2.47,0.0
a6da973c5749ce60adab77d64b3664f4,2026-07-07T20:00:00Z,Switzerland,Colombia,elimination,onexbet,1xBet,2026-07-04T08:49:02Z,totals,2026-07-04T08:49:01Z,Over,2.3,2.5
a6da973c5749ce60adab77d64b3664f4,2026-07-07T20:00:00Z,Switzerland,Colombia,elimination,onexbet,1xBet,2026-07-04T08:49:02Z,totals,2026-07-04T08:49:01Z,Under,1.66,2.5
a6da973c5749ce60adab77d64b3664f4,2026-07-07T20:00:00Z,Switzerland,Colombia,elimination,matchbook,Matchbook,2026-07-04T08:49:45Z,h2h,2026-07-04T08:49:45Z,Colombia,2.32,
a6da973c5749ce60adab77d64b3664f4,2026-07-07T20:00:00Z,Switzerland,Colombia,elimination,matchbook,Matchbook,2026-07-04T08:49:45Z,h2h,2026-07-04T08:49:45Z,Switzerland,3.65,
a6da973c5749ce60adab77d64b3664f4,2026-07-07T20:00:00Z,Switzerland,Colombia,elimination,matchbook,Matchbook,2026-07-04T08:49:45Z,h2h,2026-07-04T08:49:45Z,Draw,3.25,
a6da973c5749ce60adab77d64b3664f4,2026-07-07T20:00:00Z,Switzerland,Colombia,elimination,matchbook,Matchbook,2026-07-04T08:49:45Z,spreads,2026-07-04T08:49:45Z,Colombia,1.96,-0.25
a6da973c5749ce60adab77d64b3664f4,2026-07-07T20:00:00Z,Switzerland,Colombia,elimination,matchbook,Matchbook,2026-07-04T08:49:45Z,spreads,2026-07-04T08:49:45Z,Switzerland,2.0,0.25
a6da973c5749ce60adab77d64b3664f4,2026-07-07T20:00:00Z,Switzerland,Colombia,elimination,matchbook,Matchbook,2026-07-04T08:49:45Z,totals,2026-07-04T08:49:45Z,Over,2.4,2.5
a6da973c5749ce60adab77d64b3664f4,2026-07-07T20:00:00Z,Switzerland,Colombia,elimination,matchbook,Matchbook,2026-07-04T08:49:45Z,totals,2026-07-04T08:49:45Z,Under,1.69,2.5
a6da973c5749ce60adab77d64b3664f4,2026-07-07T20:00:00Z,Switzerland,Colombia,elimination,pinnacle,Pinnacle,2026-07-04T08:49:46Z,h2h,2026-07-04T08:49:46Z,Colombia,2.25,
a6da973c5749ce60adab77d64b3664f4,2026-07-07T20:00:00Z,Switzerland,Colombia,elimination,pinnacle,Pinnacle,2026-07-04T08:49:46Z,h2h,2026-07-04T08:49:46Z,Switzerland,3.55,
a6da973c5749ce60adab77d64b3664f4,2026-07-07T20:00:00Z,Switzerland,Colombia,elimination,pinnacle,Pinnacle,2026-07-04T08:49:46Z,h2h,2026-07-04T08:49:46Z,Draw,3.26,
a6da973c5749ce60adab77d64b3664f4,2026-07-07T20:00:00Z,Switzerland,Colombia,elimination,pinnacle,Pinnacle,2026-07-04T08:49:46Z,spreads,2026-07-04T08:49:46Z,Colombia,1.93,-0.25
a6da973c5749ce60adab77d64b3664f4,2026-07-07T20:00:00Z,Switzerland,Colombia,elimination,pinnacle,Pinnacle,2026-07-04T08:49:46Z,spreads,2026-07-04T08:49:46Z,Switzerland,1.98,0.25
a6da973c5749ce60adab77d64b3664f4,2026-07-07T20:00:00Z,Switzerland,Colombia,elimination,pinnacle,Pinnacle,2026-07-04T08:49:46Z,totals,2026-07-04T08:49:46Z,Over,2.03,2.25
a6da973c5749ce60adab77d64b3664f4,2026-07-07T20:00:00Z,Switzerland,Colombia,elimination,pinnacle,Pinnacle,2026-07-04T08:49:46Z,totals,2026-07-04T08:49:46Z,Under,1.86,2.25
a6da973c5749ce60adab77d64b3664f4,2026-07-07T20:00:00Z,Switzerland,Colombia,elimination,coolbet,Coolbet,2026-07-04T08:48:51Z,h2h,2026-07-04T08:48:51Z,Colombia,2.28,
a6da973c5749ce60adab77d64b3664f4,2026-07-07T20:00:00Z,Switzerland,Colombia,elimination,coolbet,Coolbet,2026-07-04T08:48:51Z,h2h,2026-07-04T08:48:51Z,Switzerland,3.65,
a6da973c5749ce60adab77d64b3664f4,2026-07-07T20:00:00Z,Switzerland,Colombia,elimination,coolbet,Coolbet,2026-07-04T08:48:51Z,h2h,2026-07-04T08:48:51Z,Draw,3.25,
a6da973c5749ce60adab77d64b3664f4,2026-07-07T20:00:00Z,Switzerland,Colombia,elimination,coolbet,Coolbet,2026-07-04T08:48:51Z,totals,2026-07-04T08:48:51Z,Over,1.74,2.0
a6da973c5749ce60adab77d64b3664f4,2026-07-07T20:00:00Z,Switzerland,Colombia,elimination,coolbet,Coolbet,2026-07-04T08:48:51Z,totals,2026-07-04T08:48:51Z,Under,2.18,2.0
a6da973c5749ce60adab77d64b3664f4,2026-07-07T20:00:00Z,Switzerland,Colombia,elimination,betonlineag,BetOnline.ag,2026-07-04T08:49:12Z,h2h,2026-07-04T08:49:12Z,Colombia,2.22,
a6da973c5749ce60adab77d64b3664f4,2026-07-07T20:00:00Z,Switzerland,Colombia,elimination,betonlineag,BetOnline.ag,2026-07-04T08:49:12Z,h2h,2026-07-04T08:49:12Z,Switzerland,3.58,
a6da973c5749ce60adab77d64b3664f4,2026-07-07T20:00:00Z,Switzerland,Colombia,elimination,betonlineag,BetOnline.ag,2026-07-04T08:49:12Z,h2h,2026-07-04T08:49:12Z,Draw,3.27,
a6da973c5749ce60adab77d64b3664f4,2026-07-07T20:00:00Z,Switzerland,Colombia,elimination,betonlineag,BetOnline.ag,2026-07-04T08:49:12Z,spreads,2026-07-04T08:49:12Z,Colombia,2.22,-0.5
a6da973c5749ce60adab77d64b3664f4,2026-07-07T20:00:00Z,Switzerland,Colombia,elimination,betonlineag,BetOnline.ag,2026-07-04T08:49:12Z,spreads,2026-07-04T08:49:12Z,Switzerland,1.72,0.5
a6da973c5749ce60adab77d64b3664f4,2026-07-07T20:00:00Z,Switzerland,Colombia,elimination,betonlineag,BetOnline.ag,2026-07-04T08:49:12Z,totals,2026-07-04T08:49:12Z,Over,1.7,2.0
a6da973c5749ce60adab77d64b3664f4,2026-07-07T20:00:00Z,Switzerland,Colombia,elimination,betonlineag,BetOnline.ag,2026-07-04T08:49:12Z,totals,2026-07-04T08:49:12Z,Under,2.25,2.0
a6da973c5749ce60adab77d64b3664f4,2026-07-07T20:00:00Z,Switzerland,Colombia,elimination,nordicbet,Nordic Bet,2026-07-04T08:49:12Z,totals,2026-07-04T08:49:12Z,Over,2.35,2.5
a6da973c5749ce60adab77d64b3664f4,2026-07-07T20:00:00Z,Switzerland,Colombia,elimination,nordicbet,Nordic Bet,2026-07-04T08:49:12Z,totals,2026-07-04T08:49:12Z,Under,1.62,2.5
a6da973c5749ce60adab77d64b3664f4,2026-07-07T20:00:00Z,Switzerland,Colombia,elimination,betsson,Betsson,2026-07-04T08:48:07Z,totals,2026-07-04T08:48:07Z,Over,2.35,2.5
a6da973c5749ce60adab77d64b3664f4,2026-07-07T20:00:00Z,Switzerland,Colombia,elimination,betsson,Betsson,2026-07-04T08:48:07Z,totals,2026-07-04T08:48:07Z,Under,1.62,2.5
a6da973c5749ce60adab77d64b3664f4,2026-07-07T20:00:00Z,Switzerland,Colombia,elimination,betfair_ex_eu,Betfair,2026-07-04T08:49:34Z,h2h,2026-07-04T08:49:34Z,Colombia,2.32,
a6da973c5749ce60adab77d64b3664f4,2026-07-07T20:00:00Z,Switzerland,Colombia,elimination,betfair_ex_eu,Betfair,2026-07-04T08:49:34Z,h2h,2026-07-04T08:49:34Z,Switzerland,3.65,
a6da973c5749ce60adab77d64b3664f4,2026-07-07T20:00:00Z,Switzerland,Colombia,elimination,betfair_ex_eu,Betfair,2026-07-04T08:49:34Z,h2h,2026-07-04T08:49:34Z,Draw,3.25,
a6da973c5749ce60adab77d64b3664f4,2026-07-07T20:00:00Z,Switzerland,Colombia,elimination,sport888,888sport,2026-07-04T08:49:02Z,h2h,2026-07-04T08:49:02Z,Colombia,2.15,
a6da973c5749ce60adab77d64b3664f4,2026-07-07T20:00:00Z,Switzerland,Colombia,elimination,sport888,888sport,2026-07-04T08:49:02Z,h2h,2026-07-04T08:49:02Z,Switzerland,3.3,
a6da973c5749ce60adab77d64b3664f4,2026-07-07T20:00:00Z,Switzerland,Colombia,elimination,sport888,888sport,2026-07-04T08:49:02Z,h2h,2026-07-04T08:49:02Z,Draw,3.0,
a6da973c5749ce60adab77d64b3664f4,2026-07-07T20:00:00Z,Switzerland,Colombia,elimination,williamhill,William Hill,2026-07-04T08:49:45Z,h2h,2026-07-04T08:49:45Z,Colombia,2.15,
a6da973c5749ce60adab77d64b3664f4,2026-07-07T20:00:00Z,Switzerland,Colombia,elimination,williamhill,William Hill,2026-07-04T08:49:45Z,h2h,2026-07-04T08:49:45Z,Switzerland,3.4,
a6da973c5749ce60adab77d64b3664f4,2026-07-07T20:00:00Z,Switzerland,Colombia,elimination,williamhill,William Hill,2026-07-04T08:49:45Z,h2h,2026-07-04T08:49:45Z,Draw,3.1,
a6da973c5749ce60adab77d64b3664f4,2026-07-07T20:00:00Z,Switzerland,Colombia,elimination,williamhill,William Hill,2026-07-04T08:49:45Z,totals,2026-07-04T08:49:45Z,Over,2.2,2.5
a6da973c5749ce60adab77d64b3664f4,2026-07-07T20:00:00Z,Switzerland,Colombia,elimination,williamhill,William Hill,2026-07-04T08:49:45Z,totals,2026-07-04T08:49:45Z,Under,1.62,2.5
a6da973c5749ce60adab77d64b3664f4,2026-07-07T20:00:00Z,Switzerland,Colombia,elimination,everygame,Everygame,2026-07-04T08:48:31Z,h2h,2026-07-04T08:48:31Z,Colombia,2.2,
a6da973c5749ce60adab77d64b3664f4,2026-07-07T20:00:00Z,Switzerland,Colombia,elimination,everygame,Everygame,2026-07-04T08:48:31Z,h2h,2026-07-04T08:48:31Z,Switzerland,3.5,
a6da973c5749ce60adab77d64b3664f4,2026-07-07T20:00:00Z,Switzerland,Colombia,elimination,everygame,Everygame,2026-07-04T08:48:31Z,h2h,2026-07-04T08:48:31Z,Draw,3.2,
