event_id,commence_time,home_team,away_team,game_stage,bookmaker_key,bookmaker,bookmaker_last_update,market,market_last_update,outcome,price,point
a4634eae056c18d705e3feffb347163f,2026-07-05T20:00:00Z,Brazil,Norway,elimination,tipico_de,Tipico,2026-07-05T11:28:25Z,h2h,2026-07-05T11:28:25Z,Brazil,1.75,
a4634eae056c18d705e3feffb347163f,2026-07-05T20:00:00Z,Brazil,Norway,elimination,tipico_de,Tipico,2026-07-05T11:28:25Z,h2h,2026-07-05T11:28:25Z,Norway,4.6,
a4634eae056c18d705e3feffb347163f,2026-07-05T20:00:00Z,Brazil,Norway,elimination,tipico_de,Tipico,2026-07-05T11:28:25Z,h2h,2026-07-05T11:28:25Z,Draw,3.8,
a4634eae056c18d705e3feffb347163f,2026-07-05T20:00:00Z,Brazil,Norway,elimination,pmu_fr,PMU (FR),2026-07-05T11:29:10Z,h2h,2026-07-05T11:29:10Z,Brazil,1.74,
a4634eae056c18d705e3feffb347163f,2026-07-05T20:00:00Z,Brazil,Norway,elimination,pmu_fr,PMU (FR),2026-07-05T11:29:10Z,h2h,2026-07-05T11:29:10Z,Norway,4.5,
a4634eae056c18d705e3feffb347163f,2026-07-05T20:00:00Z,Brazil,Norway,elimination,pmu_fr,PMU (FR),2026-07-05T11:29:10Z,h2h,2026-07-05T11:29:10Z,Draw,3.6,
a4634eae056c18d705e3feffb347163f,2026-07-05T20:00:00Z,Brazil,Norway,elimination,pmu_fr,PMU (FR),2026-07-05T11:29:10Z,totals,2026-07-05T11:29:10Z,Over,1.62,2.5
a4634eae056c18d705e3feffb347163f,2026-07-05T20:00:00Z,Brazil,Norway,elimination,pmu_fr,PMU (FR),2026-07-05T11:29:10Z,totals,2026-07-05T11:29:10Z,Under,2.14,2.5
a4634eae056c18d705e3feffb347163f,2026-07-05T20:00:00Z,Brazil,Norway,elimination,unibet_nl,Unibet (NL),2026-07-05T11:29:10Z,h2h,2026-07-05T11:29:10Z,Brazil,1.8,
a4634eae056c18d705e3feffb347163f,2026-07-05T20:00:00Z,Brazil,Norway,elimination,unibet_nl,Unibet (NL),2026-07-05T11:29:10Z,h2h,2026-07-05T11:29:10Z,Norway,4.8,
a4634eae056c18d705e3feffb347163f,2026-07-05T20:00:00Z,Brazil,Norway,elimination,unibet_nl,Unibet (NL),2026-07-05T11:29:10Z,h2h,2026-07-05T11:29:10Z,Draw,3.8,
a4634eae056c18d705e3feffb347163f,2026-07-05T20:00:00Z,Brazil,Norway,elimination,unibet_nl,Unibet (NL),2026-07-05T11:29:10Z,totals,2026-07-05T11:29:10Z,Over,1.65,2.5
a4634eae056c18d705e3feffb347163f,2026-07-05T20:00:00Z,Brazil,Norway,elimination,unibet_nl,Unibet (NL),2026-07-05T11:29:10Z,totals,2026-07-05T11:29:10Z,Under,2.18,2.5
a4634eae056c18d705e3feffb347163f,2026-07-05T20:00:00Z,Brazil,Norway,elimination,unibet_se,Unibet (SE),2026-07-05T11:28:47Z,h2h,2026-07-05T11:28:47Z,Brazil,1.8,
a4634eae056c18d705e3feffb347163f,2026-07-05T20:00:00Z,Brazil,Norway,elimination,unibet_se,Unibet (SE),2026-07-05T11:28:47Z,h2h,2026-07-05T11:28:47Z,Norway,4.8,
a4634eae056c18d705e3feffb347163f,2026-07-05T20:00:00Z,Brazil,Norway,elimination,unibet_se,Unibet (SE),2026-07-05T11:28:47Z,h2h,2026-07-05T11:28:47Z,Draw,3.8,
a4634eae056c18d705e3feffb347163f,2026-07-05T20:00:00Z,Brazil,Norway,elimination,unibet_se,Unibet (SE),2026-07-05T11:28:47Z,totals,2026-07-05T11:28:47Z,Over,1.68,2.5
a4634eae056c18d705e3feffb347163f,2026-07-05T20:00:00Z,Brazil,Norway,elimination,unibet_se,Unibet (SE),2026-07-05T11:28:47Z,totals,2026-07-05T11:28:47Z,Under,2.23,2.5
a4634eae056c18d705e3feffb347163f,2026-07-05T20:00:00Z,Brazil,Norway,elimination,leovegas_se,LeoVegas (SE),2026-07-05T11:29:11Z,h2h,2026-07-05T11:29:11Z,Brazil,1.77,
a4634eae056c18d705e3feffb347163f,2026-07-05T20:00:00Z,Brazil,Norway,elimination,leovegas_se,LeoVegas (SE),2026-07-05T11:29:11Z,h2h,2026-07-05T11:29:11Z,Norway,4.7,
a4634eae056c18d705e3feffb347163f,2026-07-05T20:00:00Z,Brazil,Norway,elimination,leovegas_se,LeoVegas (SE),2026-07-05T11:29:11Z,h2h,2026-07-05T11:29:11Z,Draw,3.7,
a4634eae056c18d705e3feffb347163f,2026-07-05T20:00:00Z,Brazil,Norway,elimination,marathonbet,Marathon Bet,2026-07-05T11:28:03Z,h2h,2026-07-05T11:28:03Z,Brazil,1.82,
a4634eae056c18d705e3feffb347163f,2026-07-05T20:00:00Z,Brazil,Norway,elimination,marathonbet,Marathon Bet,2026-07-05T11:28:03Z,h2h,2026-07-05T11:28:03Z,Norway,4.45,
a4634eae056c18d705e3feffb347163f,2026-07-05T20:00:00Z,Brazil,Norway,elimination,marathonbet,Marathon Bet,2026-07-05T11:28:03Z,h2h,2026-07-05T11:28:03Z,Draw,3.68,
a4634eae056c18d705e3feffb347163f,2026-07-05T20:00:00Z,Brazil,Norway,elimination,unibet_fr,Unibet (FR),2026-07-05T11:28:36Z,h2h,2026-07-05T11:28:36Z,Brazil,1.75,
a4634eae056c18d705e3feffb347163f,2026-07-05T20:00:00Z,Brazil,Norway,elimination,unibet_fr,Unibet (FR),2026-07-05T11:28:36Z,h2h,2026-07-05T11:28:36Z,Norway,4.9,
a4634eae056c18d705e3feffb347163f,2026-07-05T20:00:00Z,Brazil,Norway,elimination,unibet_fr,Unibet (FR),2026-07-05T11:28:36Z,h2h,2026-07-05T11:28:36Z,Draw,3.85,
a4634eae056c18d705e3feffb347163f,2026-07-05T20:00:00Z,Brazil,Norway,elimination,codere_it,Codere (IT),2026-07-05T11:29:10Z,h2h,2026-07-05T11:29:10Z,Brazil,1.81,
a4634eae056c18d705e3feffb347163f,2026-07-05T20:00:00Z,Brazil,Norway,elimination,codere_it,Codere (IT),2026-07-05T11:29:10Z,h2h,2026-07-05T11:29:10Z,Norway,4.4,
a4634eae056c18d705e3feffb347163f,2026-07-05T20:00:00Z,Brazil,Norway,elimination,codere_it,Codere (IT),2026-07-05T11:29:10Z,h2h,2026-07-05T11:29:10Z,Draw,3.7,
a4634eae056c18d705e3feffb347163f,2026-07-05T20:00:00Z,Brazil,Norway,elimination,codere_it,Codere (IT),2026-07-05T11:29:10Z,totals,2026-07-05T11:29:10Z,Over,1.66,2.5
a4634eae056c18d705e3feffb347163f,2026-07-05T20:00:00Z,Brazil,Norway,elimination,codere_it,Codere (IT),2026-07-05T11:29:10Z,totals,2026-07-05T11:29:10Z,Under,2.05,2.5
a4634eae056c18d705e3feffb347163f,2026-07-05T20:00:00Z,Brazil,Norway,elimination,onexbet,1xBet,2026-07-05T11:28:58Z,h2h,2026-07-05T11:28:58Z,Brazil,1.86,
a4634eae056c18d705e3feffb347163f,2026-07-05T20:00:00Z,Brazil,Norway,elimination,onexbet,1xBet,2026-07-05T11:28:58Z,h2h,2026-07-05T11:28:58Z,Norway,4.64,
a4634eae056c18d705e3feffb347163f,2026-07-05T20:00:00Z,Brazil,Norway,elimination,onexbet,1xBet,2026-07-05T11:28:58Z,h2h,2026-07-05T11:28:58Z,Draw,3.82,
a4634eae056c18d705e3feffb347163f,2026-07-05T20:00:00Z,Brazil,Norway,elimination,onexbet,1xBet,2026-07-05T11:28:58Z,spreads,2026-07-05T11:28:58Z,Brazil,3.12,-1.5
a4634eae056c18d705e3feffb347163f,2026-07-05T20:00:00Z,Brazil,Norway,elimination,onexbet,1xBet,2026-07-05T11:28:58Z,spreads,2026-07-05T11:28:58Z,Norway,1.4,1.5
a4634eae056c18d705e3feffb347163f,2026-07-05T20:00:00Z,Brazil,Norway,elimination,onexbet,1xBet,2026-07-05T11:28:58Z,totals,2026-07-05T11:28:58Z,Over,1.71,2.5
a4634eae056c18d705e3feffb347163f,2026-07-05T20:00:00Z,Brazil,Norway,elimination,onexbet,1xBet,2026-07-05T11:28:58Z,totals,2026-07-05T11:28:58Z,Under,2.22,2.5
a4634eae056c18d705e3feffb347163f,2026-07-05T20:00:00Z,Brazil,Norway,elimination,mybookieag,MyBookie.ag,2026-07-05T11:27:38Z,h2h,2026-07-05T11:27:38Z,Brazil,1.78,
a4634eae056c18d705e3feffb347163f,2026-07-05T20:00:00Z,Brazil,Norway,elimination,mybookieag,MyBookie.ag,2026-07-05T11:27:38Z,h2h,2026-07-05T11:27:38Z,Norway,4.35,
a4634eae056c18d705e3feffb347163f,2026-07-05T20:00:00Z,Brazil,Norway,elimination,mybookieag,MyBookie.ag,2026-07-05T11:27:38Z,h2h,2026-07-05T11:27:38Z,Draw,3.68,
a4634eae056c18d705e3feffb347163f,2026-07-05T20:00:00Z,Brazil,Norway,elimination,mybookieag,MyBookie.ag,2026-07-05T11:27:38Z,spreads,2026-07-05T11:27:38Z,Brazil,1.79,-0.5
a4634eae056c18d705e3feffb347163f,2026-07-05T20:00:00Z,Brazil,Norway,elimination,mybookieag,MyBookie.ag,2026-07-05T11:27:38Z,spreads,2026-07-05T11:27:38Z,Norway,2.03,0.5
a4634eae056c18d705e3feffb347163f,2026-07-05T20:00:00Z,Brazil,Norway,elimination,mybookieag,MyBookie.ag,2026-07-05T11:27:38Z,totals,2026-07-05T11:27:38Z,Over,1.71,2.5
a4634eae056c18d705e3feffb347163f,2026-07-05T20:00:00Z,Brazil,Norway,elimination,mybookieag,MyBookie.ag,2026-07-05T11:27:38Z,totals,2026-07-05T11:27:38Z,Under,2.14,2.5
a4634eae056c18d705e3feffb347163f,2026-07-05T20:00:00Z,Brazil,Norway,elimination,sport888,888sport,2026-07-05T11:28:13Z,h2h,2026-07-05T11:28:13Z,Brazil,1.75,
a4634eae056c18d705e3feffb347163f,2026-07-05T20:00:00Z,Brazil,Norway,elimination,sport888,888sport,2026-07-05T11:28:13Z,h2h,2026-07-05T11:28:13Z,Norway,4.2,
a4634eae056c18d705e3feffb347163f,2026-07-05T20:00:00Z,Brazil,Norway,elimination,sport888,888sport,2026-07-05T11:28:13Z,h2h,2026-07-05T11:28:13Z,Draw,3.4,
a4634eae056c18d705e3feffb347163f,2026-07-05T20:00:00Z,Brazil,Norway,elimination,williamhill,William Hill,2026-07-05T11:28:59Z,h2h,2026-07-05T11:28:59Z,Brazil,1.8,
a4634eae056c18d705e3feffb347163f,2026-07-05T20:00:00Z,Brazil,Norway,elimination,williamhill,William Hill,2026-07-05T11:28:59Z,h2h,2026-07-05T11:28:59Z,Norway,4.33,
a4634eae056c18d705e3feffb347163f,2026-07-05T20:00:00Z,Brazil,Norway,elimination,williamhill,William Hill,2026-07-05T11:28:59Z,h2h,2026-07-05T11:28:59Z,Draw,3.5,
a4634eae056c18d705e3feffb347163f,2026-07-05T20:00:00Z,Brazil,Norway,elimination,williamhill,William Hill,2026-07-05T11:28:59Z,totals,2026-07-05T11:28:59Z,Over,1.7,2.5
a4634eae056c18d705e3feffb347163f,2026-07-05T20:00:00Z,Brazil,Norway,elimination,williamhill,William Hill,2026-07-05T11:28:59Z,totals,2026-07-05T11:28:59Z,Under,2.05,2.5
a4634eae056c18d705e3feffb347163f,2026-07-05T20:00:00Z,Brazil,Norway,elimination,matchbook,Matchbook,2026-07-05T11:28:58Z,h2h,2026-07-05T11:28:58Z,Brazil,1.87,
a4634eae056c18d705e3feffb347163f,2026-07-05T20:00:00Z,Brazil,Norway,elimination,matchbook,Matchbook,2026-07-05T11:28:58Z,h2h,2026-07-05T11:28:58Z,Norway,4.9,
a4634eae056c18d705e3feffb347163f,2026-07-05T20:00:00Z,Brazil,Norway,elimination,matchbook,Matchbook,2026-07-05T11:28:58Z,h2h,2026-07-05T11:28:58Z,Draw,3.8,
a4634eae056c18d705e3feffb347163f,2026-07-05T20:00:00Z,Brazil,Norway,elimination,matchbook,Matchbook,2026-07-05T11:28:58Z,spreads,2026-07-05T11:28:58Z,Brazil,2.1,-0.75
a4634eae056c18d705e3feffb347163f,2026-07-05T20:00:00Z,Brazil,Norway,elimination,matchbook,Matchbook,2026-07-05T11:28:58Z,spreads,2026-07-05T11:28:58Z,Norway,1.88,0.75
a4634eae056c18d705e3feffb347163f,2026-07-05T20:00:00Z,Brazil,Norway,elimination,betfair_ex_eu,Betfair,2026-07-05T11:29:12Z,h2h,2026-07-05T11:29:12Z,Brazil,1.86,
a4634eae056c18d705e3feffb347163f,2026-07-05T20:00:00Z,Brazil,Norway,elimination,betfair_ex_eu,Betfair,2026-07-05T11:29:12Z,h2h,2026-07-05T11:29:12Z,Norway,4.9,
a4634eae056c18d705e3feffb347163f,2026-07-05T20:00:00Z,Brazil,Norway,elimination,betfair_ex_eu,Betfair,2026-07-05T11:29:12Z,h2h,2026-07-05T11:29:12Z,Draw,3.8,
a4634eae056c18d705e3feffb347163f,2026-07-05T20:00:00Z,Brazil,Norway,elimination,gtbets,GTbets,2026-07-05T11:28:14Z,h2h,2026-07-05T11:28:14Z,Brazil,1.78,
a4634eae056c18d705e3feffb347163f,2026-07-05T20:00:00Z,Brazil,Norway,elimination,gtbets,GTbets,2026-07-05T11:28:14Z,h2h,2026-07-05T11:28:14Z,Norway,4.59,
a4634eae056c18d705e3feffb347163f,2026-07-05T20:00:00Z,Brazil,Norway,elimination,gtbets,GTbets,2026-07-05T11:28:14Z,h2h,2026-07-05T11:28:14Z,Draw,3.69,
a4634eae056c18d705e3feffb347163f,2026-07-05T20:00:00Z,Brazil,Norway,elimination,gtbets,GTbets,2026-07-05T11:28:14Z,spreads,2026-07-05T11:28:14Z,Brazil,1.79,-0.5
a4634eae056c18d705e3feffb347163f,2026-07-05T20:00:00Z,Brazil,Norway,elimination,gtbets,GTbets,2026-07-05T11:28:14Z,spreads,2026-07-05T11:28:14Z,Norway,2.03,0.5
a4634eae056c18d705e3feffb347163f,2026-07-05T20:00:00Z,Brazil,Norway,elimination,gtbets,GTbets,2026-07-05T11:28:14Z,totals,2026-07-05T11:28:14Z,Over,1.7,2.5
a4634eae056c18d705e3feffb347163f,2026-07-05T20:00:00Z,Brazil,Norway,elimination,gtbets,GTbets,2026-07-05T11:28:14Z,totals,2026-07-05T11:28:14Z,Under,2.15,2.5
a4634eae056c18d705e3feffb347163f,2026-07-05T20:00:00Z,Brazil,Norway,elimination,pinnacle,Pinnacle,2026-07-05T11:29:11Z,h2h,2026-07-05T11:29:11Z,Brazil,1.84,
a4634eae056c18d705e3feffb347163f,2026-07-05T20:00:00Z,Brazil,Norway,elimination,pinnacle,Pinnacle,2026-07-05T11:29:11Z,h2h,2026-07-05T11:29:11Z,Norway,4.67,
a4634eae056c18d705e3feffb347163f,2026-07-05T20:00:00Z,Brazil,Norway,elimination,pinnacle,Pinnacle,2026-07-05T11:29:11Z,h2h,2026-07-05T11:29:11Z,Draw,3.76,
a4634eae056c18d705e3feffb347163f,2026-07-05T20:00:00Z,Brazil,Norway,elimination,pinnacle,Pinnacle,2026-07-05T11:29:11Z,spreads,2026-07-05T11:29:11Z,Brazil,2.08,-0.75
a4634eae056c18d705e3feffb347163f,2026-07-05T20:00:00Z,Brazil,Norway,elimination,pinnacle,Pinnacle,2026-07-05T11:29:11Z,spreads,2026-07-05T11:29:11Z,Norway,1.85,0.75
a4634eae056c18d705e3feffb347163f,2026-07-05T20:00:00Z,Brazil,Norway,elimination,pinnacle,Pinnacle,2026-07-05T11:29:11Z,totals,2026-07-05T11:29:11Z,Over,1.91,2.75
a4634eae056c18d705e3feffb347163f,2026-07-05T20:00:00Z,Brazil,Norway,elimination,pinnacle,Pinnacle,2026-07-05T11:29:11Z,totals,2026-07-05T11:29:11Z,Under,2.0,2.75
a4634eae056c18d705e3feffb347163f,2026-07-05T20:00:00Z,Brazil,Norway,elimination,winamax_de,Winamax (DE),2026-07-05T11:29:02Z,h2h,2026-07-05T11:29:02Z,Brazil,1.78,
a4634eae056c18d705e3feffb347163f,2026-07-05T20:00:00Z,Brazil,Norway,elimination,winamax_de,Winamax (DE),2026-07-05T11:29:02Z,h2h,2026-07-05T11:29:02Z,Norway,4.5,
a4634eae056c18d705e3feffb347163f,2026-07-05T20:00:00Z,Brazil,Norway,elimination,winamax_de,Winamax (DE),2026-07-05T11:29:02Z,h2h,2026-07-05T11:29:02Z,Draw,3.8,
a4634eae056c18d705e3feffb347163f,2026-07-05T20:00:00Z,Brazil,Norway,elimination,winamax_fr,Winamax (FR),2026-07-05T11:28:48Z,h2h,2026-07-05T11:28:48Z,Brazil,1.76,
a4634eae056c18d705e3feffb347163f,2026-07-05T20:00:00Z,Brazil,Norway,elimination,winamax_fr,Winamax (FR),2026-07-05T11:28:48Z,h2h,2026-07-05T11:28:48Z,Norway,4.4,
a4634eae056c18d705e3feffb347163f,2026-07-05T20:00:00Z,Brazil,Norway,elimination,winamax_fr,Winamax (FR),2026-07-05T11:28:48Z,h2h,2026-07-05T11:28:48Z,Draw,3.75,
a4634eae056c18d705e3feffb347163f,2026-07-05T20:00:00Z,Brazil,Norway,elimination,nordicbet,Nordic Bet,2026-07-05T11:28:14Z,h2h,2026-07-05T11:28:14Z,Brazil,1.88,
a4634eae056c18d705e3feffb347163f,2026-07-05T20:00:00Z,Brazil,Norway,elimination,nordicbet,Nordic Bet,2026-07-05T11:28:14Z,h2h,2026-07-05T11:28:14Z,Norway,4.4,
a4634eae056c18d705e3feffb347163f,2026-07-05T20:00:00Z,Brazil,Norway,elimination,nordicbet,Nordic Bet,2026-07-05T11:28:14Z,h2h,2026-07-05T11:28:14Z,Draw,3.75,
a4634eae056c18d705e3feffb347163f,2026-07-05T20:00:00Z,Brazil,Norway,elimination,nordicbet,Nordic Bet,2026-07-05T11:28:14Z,totals,2026-07-05T11:28:14Z,Over,1.72,2.5
a4634eae056c18d705e3feffb347163f,2026-07-05T20:00:00Z,Brazil,Norway,elimination,nordicbet,Nordic Bet,2026-07-05T11:28:14Z,totals,2026-07-05T11:28:14Z,Under,2.15,2.5
a4634eae056c18d705e3feffb347163f,2026-07-05T20:00:00Z,Brazil,Norway,elimination,betsson,Betsson,2026-07-05T11:28:03Z,h2h,2026-07-05T11:28:03Z,Brazil,1.88,
a4634eae056c18d705e3feffb347163f,2026-07-05T20:00:00Z,Brazil,Norway,elimination,betsson,Betsson,2026-07-05T11:28:03Z,h2h,2026-07-05T11:28:03Z,Norway,4.4,
a4634eae056c18d705e3feffb347163f,2026-07-05T20:00:00Z,Brazil,Norway,elimination,betsson,Betsson,2026-07-05T11:28:03Z,h2h,2026-07-05T11:28:03Z,Draw,3.75,
a4634eae056c18d705e3feffb347163f,2026-07-05T20:00:00Z,Brazil,Norway,elimination,betsson,Betsson,2026-07-05T11:28:03Z,totals,2026-07-05T11:28:03Z,Over,1.72,2.5
a4634eae056c18d705e3feffb347163f,2026-07-05T20:00:00Z,Brazil,Norway,elimination,betsson,Betsson,2026-07-05T11:28:03Z,totals,2026-07-05T11:28:03Z,Under,2.15,2.5
a4634eae056c18d705e3feffb347163f,2026-07-05T20:00:00Z,Brazil,Norway,elimination,betonlineag,BetOnline.ag,2026-07-05T11:28:49Z,h2h,2026-07-05T11:28:49Z,Brazil,1.83,
a4634eae056c18d705e3feffb347163f,2026-07-05T20:00:00Z,Brazil,Norway,elimination,betonlineag,BetOnline.ag,2026-07-05T11:28:49Z,h2h,2026-07-05T11:28:49Z,Norway,4.66,
a4634eae056c18d705e3feffb347163f,2026-07-05T20:00:00Z,Brazil,Norway,elimination,betonlineag,BetOnline.ag,2026-07-05T11:28:49Z,h2h,2026-07-05T11:28:49Z,Draw,3.7,
a4634eae056c18d705e3feffb347163f,2026-07-05T20:00:00Z,Brazil,Norway,elimination,betonlineag,BetOnline.ag,2026-07-05T11:28:49Z,spreads,2026-07-05T11:28:49Z,Brazil,1.83,-0.5
a4634eae056c18d705e3feffb347163f,2026-07-05T20:00:00Z,Brazil,Norway,elimination,betonlineag,BetOnline.ag,2026-07-05T11:28:49Z,spreads,2026-07-05T11:28:49Z,Norway,2.04,0.5
a4634eae056c18d705e3feffb347163f,2026-07-05T20:00:00Z,Brazil,Norway,elimination,betonlineag,BetOnline.ag,2026-07-05T11:28:49Z,totals,2026-07-05T11:28:49Z,Over,1.7,2.5
a4634eae056c18d705e3feffb347163f,2026-07-05T20:00:00Z,Brazil,Norway,elimination,betonlineag,BetOnline.ag,2026-07-05T11:28:49Z,totals,2026-07-05T11:28:49Z,Under,2.26,2.5
a4634eae056c18d705e3feffb347163f,2026-07-05T20:00:00Z,Brazil,Norway,elimination,betanysports,BetAnything,2026-07-05T11:28:25Z,h2h,2026-07-05T11:28:25Z,Brazil,1.83,
a4634eae056c18d705e3feffb347163f,2026-07-05T20:00:00Z,Brazil,Norway,elimination,betanysports,BetAnything,2026-07-05T11:28:25Z,h2h,2026-07-05T11:28:25Z,Norway,4.66,
a4634eae056c18d705e3feffb347163f,2026-07-05T20:00:00Z,Brazil,Norway,elimination,betanysports,BetAnything,2026-07-05T11:28:25Z,h2h,2026-07-05T11:28:25Z,Draw,3.7,
a4634eae056c18d705e3feffb347163f,2026-07-05T20:00:00Z,Brazil,Norway,elimination,betanysports,BetAnything,2026-07-05T11:28:25Z,spreads,2026-07-05T11:28:25Z,Brazil,1.83,-0.5
a4634eae056c18d705e3feffb347163f,2026-07-05T20:00:00Z,Brazil,Norway,elimination,betanysports,BetAnything,2026-07-05T11:28:25Z,spreads,2026-07-05T11:28:25Z,Norway,2.0,0.5
a4634eae056c18d705e3feffb347163f,2026-07-05T20:00:00Z,Brazil,Norway,elimination,betanysports,BetAnything,2026-07-05T11:28:25Z,totals,2026-07-05T11:28:25Z,Over,2.75,3.5
a4634eae056c18d705e3feffb347163f,2026-07-05T20:00:00Z,Brazil,Norway,elimination,betanysports,BetAnything,2026-07-05T11:28:25Z,totals,2026-07-05T11:28:25Z,Under,1.44,3.5
a4634eae056c18d705e3feffb347163f,2026-07-05T20:00:00Z,Brazil,Norway,elimination,everygame,Everygame,2026-07-05T11:27:17Z,h2h,2026-07-05T11:27:17Z,Brazil,1.8,
a4634eae056c18d705e3feffb347163f,2026-07-05T20:00:00Z,Brazil,Norway,elimination,everygame,Everygame,2026-07-05T11:27:17Z,h2h,2026-07-05T11:27:17Z,Norway,4.6,
a4634eae056c18d705e3feffb347163f,2026-07-05T20:00:00Z,Brazil,Norway,elimination,everygame,Everygame,2026-07-05T11:27:17Z,h2h,2026-07-05T11:27:17Z,Draw,3.65,
a4634eae056c18d705e3feffb347163f,2026-07-05T20:00:00Z,Brazil,Norway,elimination,coolbet,Coolbet,2026-07-05T11:21:00Z,h2h,2026-07-05T11:21:00Z,Brazil,1.86,
a4634eae056c18d705e3feffb347163f,2026-07-05T20:00:00Z,Brazil,Norway,elimination,coolbet,Coolbet,2026-07-05T11:21:00Z,h2h,2026-07-05T11:21:00Z,Norway,4.65,
a4634eae056c18d705e3feffb347163f,2026-07-05T20:00:00Z,Brazil,Norway,elimination,coolbet,Coolbet,2026-07-05T11:21:00Z,h2h,2026-07-05T11:21:00Z,Draw,3.7,
a4634eae056c18d705e3feffb347163f,2026-07-05T20:00:00Z,Brazil,Norway,elimination,coolbet,Coolbet,2026-07-05T11:21:00Z,totals,2026-07-05T11:21:00Z,Over,2.14,3.0
a4634eae056c18d705e3feffb347163f,2026-07-05T20:00:00Z,Brazil,Norway,elimination,coolbet,Coolbet,2026-07-05T11:21:00Z,totals,2026-07-05T11:21:00Z,Under,1.76,3.0
e61a7b471cadc8e3849158ed59d49cab,2026-07-06T00:00:00Z,Mexico,England,elimination,unibet_nl,Unibet (NL),2026-07-05T11:29:10Z,h2h,2026-07-05T11:29:10Z,England,2.48,
e61a7b471cadc8e3849158ed59d49cab,2026-07-06T00:00:00Z,Mexico,England,elimination,unibet_nl,Unibet (NL),2026-07-05T11:29:10Z,h2h,2026-07-05T11:29:10Z,Mexico,3.25,
e61a7b471cadc8e3849158ed59d49cab,2026-07-06T00:00:00Z,Mexico,England,elimination,unibet_nl,Unibet (NL),2026-07-05T11:29:10Z,h2h,2026-07-05T11:29:10Z,Draw,3.15,
e61a7b471cadc8e3849158ed59d49cab,2026-07-06T00:00:00Z,Mexico,England,elimination,unibet_nl,Unibet (NL),2026-07-05T11:29:10Z,totals,2026-07-05T11:29:10Z,Over,2.38,2.5
e61a7b471cadc8e3849158ed59d49cab,2026-07-06T00:00:00Z,Mexico,England,elimination,unibet_nl,Unibet (NL),2026-07-05T11:29:10Z,totals,2026-07-05T11:29:10Z,Under,1.56,2.5
e61a7b471cadc8e3849158ed59d49cab,2026-07-06T00:00:00Z,Mexico,England,elimination,onexbet,1xBet,2026-07-05T11:28:58Z,h2h,2026-07-05T11:28:58Z,England,2.52,
e61a7b471cadc8e3849158ed59d49cab,2026-07-06T00:00:00Z,Mexico,England,elimination,onexbet,1xBet,2026-07-05T11:28:58Z,h2h,2026-07-05T11:28:58Z,Mexico,3.19,
e61a7b471cadc8e3849158ed59d49cab,2026-07-06T00:00:00Z,Mexico,England,elimination,onexbet,1xBet,2026-07-05T11:28:58Z,h2h,2026-07-05T11:28:58Z,Draw,3.27,
e61a7b471cadc8e3849158ed59d49cab,2026-07-06T00:00:00Z,Mexico,England,elimination,onexbet,1xBet,2026-07-05T11:28:58Z,spreads,2026-07-05T11:28:58Z,England,1.73,0.0
e61a7b471cadc8e3849158ed59d49cab,2026-07-06T00:00:00Z,Mexico,England,elimination,onexbet,1xBet,2026-07-05T11:28:58Z,spreads,2026-07-05T11:28:58Z,Mexico,2.19,0.0
e61a7b471cadc8e3849158ed59d49cab,2026-07-06T00:00:00Z,Mexico,England,elimination,onexbet,1xBet,2026-07-05T11:28:58Z,totals,2026-07-05T11:28:58Z,Over,2.31,2.5
e61a7b471cadc8e3849158ed59d49cab,2026-07-06T00:00:00Z,Mexico,England,elimination,onexbet,1xBet,2026-07-05T11:28:58Z,totals,2026-07-05T11:28:58Z,Under,1.66,2.5
e61a7b471cadc8e3849158ed59d49cab,2026-07-06T00:00:00Z,Mexico,England,elimination,marathonbet,Marathon Bet,2026-07-05T11:28:03Z,h2h,2026-07-05T11:28:03Z,England,2.44,
e61a7b471cadc8e3849158ed59d49cab,2026-07-06T00:00:00Z,Mexico,England,elimination,marathonbet,Marathon Bet,2026-07-05T11:28:03Z,h2h,2026-07-05T11:28:03Z,Mexico,3.1,
e61a7b471cadc8e3849158ed59d49cab,2026-07-06T00:00:00Z,Mexico,England,elimination,marathonbet,Marathon Bet,2026-07-05T11:28:03Z,h2h,2026-07-05T11:28:03Z,Draw,3.18,
e61a7b471cadc8e3849158ed59d49cab,2026-07-06T00:00:00Z,Mexico,England,elimination,unibet_se,Unibet (SE),2026-07-05T11:28:47Z,h2h,2026-07-05T11:28:47Z,England,2.48,
e61a7b471cadc8e3849158ed59d49cab,2026-07-06T00:00:00Z,Mexico,England,elimination,unibet_se,Unibet (SE),2026-07-05T11:28:47Z,h2h,2026-07-05T11:28:47Z,Mexico,3.25,
e61a7b471cadc8e3849158ed59d49cab,2026-07-06T00:00:00Z,Mexico,England,elimination,unibet_se,Unibet (SE),2026-07-05T11:28:47Z,h2h,2026-07-05T11:28:47Z,Draw,3.15,
e61a7b471cadc8e3849158ed59d49cab,2026-07-06T00:00:00Z,Mexico,England,elimination,unibet_se,Unibet (SE),2026-07-05T11:28:47Z,totals,2026-07-05T11:28:47Z,Over,2.43,2.5
e61a7b471cadc8e3849158ed59d49cab,2026-07-06T00:00:00Z,Mexico,England,elimination,unibet_se,Unibet (SE),2026-07-05T11:28:47Z,totals,2026-07-05T11:28:47Z,Under,1.57,2.5
e61a7b471cadc8e3849158ed59d49cab,2026-07-06T00:00:00Z,Mexico,England,elimination,pmu_fr,PMU (FR),2026-07-05T11:29:10Z,h2h,2026-07-05T11:29:10Z,England,2.38,
e61a7b471cadc8e3849158ed59d49cab,2026-07-06T00:00:00Z,Mexico,England,elimination,pmu_fr,PMU (FR),2026-07-05T11:29:10Z,h2h,2026-07-05T11:29:10Z,Mexico,3.1,
e61a7b471cadc8e3849158ed59d49cab,2026-07-06T00:00:00Z,Mexico,England,elimination,pmu_fr,PMU (FR),2026-07-05T11:29:10Z,h2h,2026-07-05T11:29:10Z,Draw,3.0,
e61a7b471cadc8e3849158ed59d49cab,2026-07-06T00:00:00Z,Mexico,England,elimination,pmu_fr,PMU (FR),2026-07-05T11:29:10Z,totals,2026-07-05T11:29:10Z,Over,2.32,2.5
e61a7b471cadc8e3849158ed59d49cab,2026-07-06T00:00:00Z,Mexico,England,elimination,pmu_fr,PMU (FR),2026-07-05T11:29:10Z,totals,2026-07-05T11:29:10Z,Under,1.53,2.5
e61a7b471cadc8e3849158ed59d49cab,2026-07-06T00:00:00Z,Mexico,England,elimination,leovegas_se,LeoVegas (SE),2026-07-05T11:29:11Z,h2h,2026-07-05T11:29:11Z,England,2.43,
e61a7b471cadc8e3849158ed59d49cab,2026-07-06T00:00:00Z,Mexico,England,elimination,leovegas_se,LeoVegas (SE),2026-07-05T11:29:11Z,h2h,2026-07-05T11:29:11Z,Mexico,3.2,
e61a7b471cadc8e3849158ed59d49cab,2026-07-06T00:00:00Z,Mexico,England,elimination,leovegas_se,LeoVegas (SE),2026-07-05T11:29:11Z,h2h,2026-07-05T11:29:11Z,Draw,3.1,
e61a7b471cadc8e3849158ed59d49cab,2026-07-06T00:00:00Z,Mexico,England,elimination,tipico_de,Tipico,2026-07-05T11:28:25Z,h2h,2026-07-05T11:28:25Z,England,2.35,
e61a7b471cadc8e3849158ed59d49cab,2026-07-06T00:00:00Z,Mexico,England,elimination,tipico_de,Tipico,2026-07-05T11:28:25Z,h2h,2026-07-05T11:28:25Z,Mexico,3.2,
e61a7b471cadc8e3849158ed59d49cab,2026-07-06T00:00:00Z,Mexico,England,elimination,tipico_de,Tipico,2026-07-05T11:28:25Z,h2h,2026-07-05T11:28:25Z,Draw,3.2,
e61a7b471cadc8e3849158ed59d49cab,2026-07-06T00:00:00Z,Mexico,England,elimination,pinnacle,Pinnacle,2026-07-05T11:29:11Z,h2h,2026-07-05T11:29:11Z,England,2.47,
e61a7b471cadc8e3849158ed59d49cab,2026-07-06T00:00:00Z,Mexico,England,elimination,pinnacle,Pinnacle,2026-07-05T11:29:11Z,h2h,2026-07-05T11:29:11Z,Mexico,3.21,
e61a7b471cadc8e3849158ed59d49cab,2026-07-06T00:00:00Z,Mexico,England,elimination,pinnacle,Pinnacle,2026-07-05T11:29:11Z,h2h,2026-07-05T11:29:11Z,Draw,3.28,
e61a7b471cadc8e3849158ed59d49cab,2026-07-06T00:00:00Z,Mexico,England,elimination,pinnacle,Pinnacle,2026-07-05T11:29:11Z,spreads,2026-07-05T11:29:11Z,England,2.1,-0.25
e61a7b471cadc8e3849158ed59d49cab,2026-07-06T00:00:00Z,Mexico,England,elimination,pinnacle,Pinnacle,2026-07-05T11:29:11Z,spreads,2026-07-05T11:29:11Z,Mexico,1.84,0.25
e61a7b471cadc8e3849158ed59d49cab,2026-07-06T00:00:00Z,Mexico,England,elimination,pinnacle,Pinnacle,2026-07-05T11:29:11Z,totals,2026-07-05T11:29:11Z,Over,2.05,2.25
e61a7b471cadc8e3849158ed59d49cab,2026-07-06T00:00:00Z,Mexico,England,elimination,pinnacle,Pinnacle,2026-07-05T11:29:11Z,totals,2026-07-05T11:29:11Z,Under,1.86,2.25
e61a7b471cadc8e3849158ed59d49cab,2026-07-06T00:00:00Z,Mexico,England,elimination,sport888,888sport,2026-07-05T11:28:13Z,h2h,2026-07-05T11:28:13Z,England,2.38,
e61a7b471cadc8e3849158ed59d49cab,2026-07-06T00:00:00Z,Mexico,England,elimination,sport888,888sport,2026-07-05T11:28:13Z,h2h,2026-07-05T11:28:13Z,Mexico,3.0,
e61a7b471cadc8e3849158ed59d49cab,2026-07-06T00:00:00Z,Mexico,England,elimination,sport888,888sport,2026-07-05T11:28:13Z,h2h,2026-07-05T11:28:13Z,Draw,3.0,
e61a7b471cadc8e3849158ed59d49cab,2026-07-06T00:00:00Z,Mexico,England,elimination,unibet_fr,Unibet (FR),2026-07-05T11:28:36Z,h2h,2026-07-05T11:28:36Z,England,2.35,
e61a7b471cadc8e3849158ed59d49cab,2026-07-06T00:00:00Z,Mexico,England,elimination,unibet_fr,Unibet (FR),2026-07-05T11:28:36Z,h2h,2026-07-05T11:28:36Z,Mexico,3.3,
e61a7b471cadc8e3849158ed59d49cab,2026-07-06T00:00:00Z,Mexico,England,elimination,unibet_fr,Unibet (FR),2026-07-05T11:28:36Z,h2h,2026-07-05T11:28:36Z,Draw,3.3,
e61a7b471cadc8e3849158ed59d49cab,2026-07-06T00:00:00Z,Mexico,England,elimination,winamax_fr,Winamax (FR),2026-07-05T11:28:48Z,h2h,2026-07-05T11:28:48Z,England,2.35,
e61a7b471cadc8e3849158ed59d49cab,2026-07-06T00:00:00Z,Mexico,England,elimination,winamax_fr,Winamax (FR),2026-07-05T11:28:48Z,h2h,2026-07-05T11:28:48Z,Mexico,3.05,
e61a7b471cadc8e3849158ed59d49cab,2026-07-06T00:00:00Z,Mexico,England,elimination,winamax_fr,Winamax (FR),2026-07-05T11:28:48Z,h2h,2026-07-05T11:28:48Z,Draw,3.3,
e61a7b471cadc8e3849158ed59d49cab,2026-07-06T00:00:00Z,Mexico,England,elimination,codere_it,Codere (IT),2026-07-05T11:29:10Z,h2h,2026-07-05T11:29:10Z,England,2.4,
e61a7b471cadc8e3849158ed59d49cab,2026-07-06T00:00:00Z,Mexico,England,elimination,codere_it,Codere (IT),2026-07-05T11:29:10Z,h2h,2026-07-05T11:29:10Z,Mexico,3.1,
e61a7b471cadc8e3849158ed59d49cab,2026-07-06T00:00:00Z,Mexico,England,elimination,codere_it,Codere (IT),2026-07-05T11:29:10Z,h2h,2026-07-05T11:29:10Z,Draw,3.2,
e61a7b471cadc8e3849158ed59d49cab,2026-07-06T00:00:00Z,Mexico,England,elimination,codere_it,Codere (IT),2026-07-05T11:29:10Z,totals,2026-07-05T11:29:10Z,Over,2.21,2.5
e61a7b471cadc8e3849158ed59d49cab,2026-07-06T00:00:00Z,Mexico,England,elimination,codere_it,Codere (IT),2026-07-05T11:29:10Z,totals,2026-07-05T11:29:10Z,Under,1.57,2.5
e61a7b471cadc8e3849158ed59d49cab,2026-07-06T00:00:00Z,Mexico,England,elimination,winamax_de,Winamax (DE),2026-07-05T11:29:02Z,h2h,2026-07-05T11:29:02Z,England,2.35,
e61a7b471cadc8e3849158ed59d49cab,2026-07-06T00:00:00Z,Mexico,England,elimination,winamax_de,Winamax (DE),2026-07-05T11:29:02Z,h2h,2026-07-05T11:29:02Z,Mexico,3.1,
e61a7b471cadc8e3849158ed59d49cab,2026-07-06T00:00:00Z,Mexico,England,elimination,winamax_de,Winamax (DE),2026-07-05T11:29:02Z,h2h,2026-07-05T11:29:02Z,Draw,3.3,
e61a7b471cadc8e3849158ed59d49cab,2026-07-06T00:00:00Z,Mexico,England,elimination,williamhill,William Hill,2026-07-05T11:28:59Z,h2h,2026-07-05T11:28:59Z,England,2.4,
e61a7b471cadc8e3849158ed59d49cab,2026-07-06T00:00:00Z,Mexico,England,elimination,williamhill,William Hill,2026-07-05T11:28:59Z,h2h,2026-07-05T11:28:59Z,Mexico,3.0,
e61a7b471cadc8e3849158ed59d49cab,2026-07-06T00:00:00Z,Mexico,England,elimination,williamhill,William Hill,2026-07-05T11:28:59Z,h2h,2026-07-05T11:28:59Z,Draw,3.0,
e61a7b471cadc8e3849158ed59d49cab,2026-07-06T00:00:00Z,Mexico,England,elimination,williamhill,William Hill,2026-07-05T11:28:59Z,totals,2026-07-05T11:28:59Z,Over,2.25,2.5
e61a7b471cadc8e3849158ed59d49cab,2026-07-06T00:00:00Z,Mexico,England,elimination,williamhill,William Hill,2026-07-05T11:28:59Z,totals,2026-07-05T11:28:59Z,Under,1.6,2.5
e61a7b471cadc8e3849158ed59d49cab,2026-07-06T00:00:00Z,Mexico,England,elimination,matchbook,Matchbook,2026-07-05T11:28:58Z,h2h,2026-07-05T11:28:58Z,England,2.52,
e61a7b471cadc8e3849158ed59d49cab,2026-07-06T00:00:00Z,Mexico,England,elimination,matchbook,Matchbook,2026-07-05T11:28:58Z,h2h,2026-07-05T11:28:58Z,Mexico,3.25,
e61a7b471cadc8e3849158ed59d49cab,2026-07-06T00:00:00Z,Mexico,England,elimination,matchbook,Matchbook,2026-07-05T11:28:58Z,h2h,2026-07-05T11:28:58Z,Draw,3.25,
e61a7b471cadc8e3849158ed59d49cab,2026-07-06T00:00:00Z,Mexico,England,elimination,matchbook,Matchbook,2026-07-05T11:28:58Z,spreads,2026-07-05T11:28:58Z,England,2.12,-0.25
e61a7b471cadc8e3849158ed59d49cab,2026-07-06T00:00:00Z,Mexico,England,elimination,matchbook,Matchbook,2026-07-05T11:28:58Z,spreads,2026-07-05T11:28:58Z,Mexico,1.87,0.25
e61a7b471cadc8e3849158ed59d49cab,2026-07-06T00:00:00Z,Mexico,England,elimination,matchbook,Matchbook,2026-07-05T11:28:58Z,totals,2026-07-05T11:28:58Z,Over,2.48,2.5
e61a7b471cadc8e3849158ed59d49cab,2026-07-06T00:00:00Z,Mexico,England,elimination,matchbook,Matchbook,2026-07-05T11:28:58Z,totals,2026-07-05T11:28:58Z,Under,1.66,2.5
e61a7b471cadc8e3849158ed59d49cab,2026-07-06T00:00:00Z,Mexico,England,elimination,mybookieag,MyBookie.ag,2026-07-05T11:27:38Z,h2h,2026-07-05T11:27:38Z,England,2.39,
e61a7b471cadc8e3849158ed59d49cab,2026-07-06T00:00:00Z,Mexico,England,elimination,mybookieag,MyBookie.ag,2026-07-05T11:27:38Z,h2h,2026-07-05T11:27:38Z,Mexico,3.07,
e61a7b471cadc8e3849158ed59d49cab,2026-07-06T00:00:00Z,Mexico,England,elimination,mybookieag,MyBookie.ag,2026-07-05T11:27:38Z,h2h,2026-07-05T11:27:38Z,Draw,3.18,
e61a7b471cadc8e3849158ed59d49cab,2026-07-06T00:00:00Z,Mexico,England,elimination,mybookieag,MyBookie.ag,2026-07-05T11:27:38Z,spreads,2026-07-05T11:27:38Z,England,2.37,-0.5
e61a7b471cadc8e3849158ed59d49cab,2026-07-06T00:00:00Z,Mexico,England,elimination,mybookieag,MyBookie.ag,2026-07-05T11:27:38Z,spreads,2026-07-05T11:27:38Z,Mexico,1.59,0.5
e61a7b471cadc8e3849158ed59d49cab,2026-07-06T00:00:00Z,Mexico,England,elimination,mybookieag,MyBookie.ag,2026-07-05T11:27:38Z,totals,2026-07-05T11:27:38Z,Over,1.72,2.0
e61a7b471cadc8e3849158ed59d49cab,2026-07-06T00:00:00Z,Mexico,England,elimination,mybookieag,MyBookie.ag,2026-07-05T11:27:38Z,totals,2026-07-05T11:27:38Z,Under,2.13,2.0
e61a7b471cadc8e3849158ed59d49cab,2026-07-06T00:00:00Z,Mexico,England,elimination,gtbets,GTbets,2026-07-05T11:28:14Z,h2h,2026-07-05T11:28:14Z,England,2.41,
e61a7b471cadc8e3849158ed59d49cab,2026-07-06T00:00:00Z,Mexico,England,elimination,gtbets,GTbets,2026-07-05T11:28:14Z,h2h,2026-07-05T11:28:14Z,Mexico,3.13,
e61a7b471cadc8e3849158ed59d49cab,2026-07-06T00:00:00Z,Mexico,England,elimination,gtbets,GTbets,2026-07-05T11:28:14Z,h2h,2026-07-05T11:28:14Z,Draw,3.18,
e61a7b471cadc8e3849158ed59d49cab,2026-07-06T00:00:00Z,Mexico,England,elimination,gtbets,GTbets,2026-07-05T11:28:14Z,spreads,2026-07-05T11:28:14Z,England,2.33,-0.5
e61a7b471cadc8e3849158ed59d49cab,2026-07-06T00:00:00Z,Mexico,England,elimination,gtbets,GTbets,2026-07-05T11:28:14Z,spreads,2026-07-05T11:28:14Z,Mexico,1.61,0.5
e61a7b471cadc8e3849158ed59d49cab,2026-07-06T00:00:00Z,Mexico,England,elimination,gtbets,GTbets,2026-07-05T11:28:14Z,totals,2026-07-05T11:28:14Z,Over,2.33,2.5
e61a7b471cadc8e3849158ed59d49cab,2026-07-06T00:00:00Z,Mexico,England,elimination,gtbets,GTbets,2026-07-05T11:28:14Z,totals,2026-07-05T11:28:14Z,Under,1.57,2.5
e61a7b471cadc8e3849158ed59d49cab,2026-07-06T00:00:00Z,Mexico,England,elimination,betfair_ex_eu,Betfair,2026-07-05T11:29:12Z,h2h,2026-07-05T11:29:12Z,England,2.5,
e61a7b471cadc8e3849158ed59d49cab,2026-07-06T00:00:00Z,Mexico,England,elimination,betfair_ex_eu,Betfair,2026-07-05T11:29:12Z,h2h,2026-07-05T11:29:12Z,Mexico,3.3,
e61a7b471cadc8e3849158ed59d49cab,2026-07-06T00:00:00Z,Mexico,England,elimination,betfair_ex_eu,Betfair,2026-07-05T11:29:12Z,h2h,2026-07-05T11:29:12Z,Draw,3.3,
e61a7b471cadc8e3849158ed59d49cab,2026-07-06T00:00:00Z,Mexico,England,elimination,nordicbet,Nordic Bet,2026-07-05T11:28:14Z,h2h,2026-07-05T11:28:14Z,England,2.5,
e61a7b471cadc8e3849158ed59d49cab,2026-07-06T00:00:00Z,Mexico,England,elimination,nordicbet,Nordic Bet,2026-07-05T11:28:14Z,h2h,2026-07-05T11:28:14Z,Mexico,3.1,
e61a7b471cadc8e3849158ed59d49cab,2026-07-06T00:00:00Z,Mexico,England,elimination,nordicbet,Nordic Bet,2026-07-05T11:28:14Z,h2h,2026-07-05T11:28:14Z,Draw,3.25,
e61a7b471cadc8e3849158ed59d49cab,2026-07-06T00:00:00Z,Mexico,England,elimination,nordicbet,Nordic Bet,2026-07-05T11:28:14Z,totals,2026-07-05T11:28:14Z,Over,2.35,2.5
e61a7b471cadc8e3849158ed59d49cab,2026-07-06T00:00:00Z,Mexico,England,elimination,nordicbet,Nordic Bet,2026-07-05T11:28:14Z,totals,2026-07-05T11:28:14Z,Under,1.62,2.5
e61a7b471cadc8e3849158ed59d49cab,2026-07-06T00:00:00Z,Mexico,England,elimination,betsson,Betsson,2026-07-05T11:28:03Z,h2h,2026-07-05T11:28:03Z,England,2.5,
e61a7b471cadc8e3849158ed59d49cab,2026-07-06T00:00:00Z,Mexico,England,elimination,betsson,Betsson,2026-07-05T11:28:03Z,h2h,2026-07-05T11:28:03Z,Mexico,3.1,
e61a7b471cadc8e3849158ed59d49cab,2026-07-06T00:00:00Z,Mexico,England,elimination,betsson,Betsson,2026-07-05T11:28:03Z,h2h,2026-07-05T11:28:03Z,Draw,3.25,
e61a7b471cadc8e3849158ed59d49cab,2026-07-06T00:00:00Z,Mexico,England,elimination,betsson,Betsson,2026-07-05T11:28:03Z,totals,2026-07-05T11:28:03Z,Over,2.35,2.5
e61a7b471cadc8e3849158ed59d49cab,2026-07-06T00:00:00Z,Mexico,England,elimination,betsson,Betsson,2026-07-05T11:28:03Z,totals,2026-07-05T11:28:03Z,Under,1.62,2.5
e61a7b471cadc8e3849158ed59d49cab,2026-07-06T00:00:00Z,Mexico,England,elimination,betonlineag,BetOnline.ag,2026-07-05T11:28:49Z,h2h,2026-07-05T11:28:49Z,England,2.47,
e61a7b471cadc8e3849158ed59d49cab,2026-07-06T00:00:00Z,Mexico,England,elimination,betonlineag,BetOnline.ag,2026-07-05T11:28:49Z,h2h,2026-07-05T11:28:49Z,Mexico,3.2,
e61a7b471cadc8e3849158ed59d49cab,2026-07-06T00:00:00Z,Mexico,England,elimination,betonlineag,BetOnline.ag,2026-07-05T11:28:49Z,h2h,2026-07-05T11:28:49Z,Draw,3.21,
e61a7b471cadc8e3849158ed59d49cab,2026-07-06T00:00:00Z,Mexico,England,elimination,betonlineag,BetOnline.ag,2026-07-05T11:28:49Z,spreads,2026-07-05T11:28:49Z,England,1.72,0.0
e61a7b471cadc8e3849158ed59d49cab,2026-07-06T00:00:00Z,Mexico,England,elimination,betonlineag,BetOnline.ag,2026-07-05T11:28:49Z,spreads,2026-07-05T11:28:49Z,Mexico,2.22,0.0
e61a7b471cadc8e3849158ed59d49cab,2026-07-06T00:00:00Z,Mexico,England,elimination,betonlineag,BetOnline.ag,2026-07-05T11:28:49Z,totals,2026-07-05T11:28:49Z,Over,1.76,2.0
e61a7b471cadc8e3849158ed59d49cab,2026-07-06T00:00:00Z,Mexico,England,elimination,betonlineag,BetOnline.ag,2026-07-05T11:28:49Z,totals,2026-07-05T11:28:49Z,Under,2.16,2.0
e61a7b471cadc8e3849158ed59d49cab,2026-07-06T00:00:00Z,Mexico,England,elimination,everygame,Everygame,2026-07-05T11:27:17Z,h2h,2026-07-05T11:27:17Z,England,2.4,
e61a7b471cadc8e3849158ed59d49cab,2026-07-06T00:00:00Z,Mexico,England,elimination,everygame,Everygame,2026-07-05T11:27:17Z,h2h,2026-07-05T11:27:17Z,Mexico,3.15,
e61a7b471cadc8e3849158ed59d49cab,2026-07-06T00:00:00Z,Mexico,England,elimination,everygame,Everygame,2026-07-05T11:27:17Z,h2h,2026-07-05T11:27:17Z,Draw,3.2,
e61a7b471cadc8e3849158ed59d49cab,2026-07-06T00:00:00Z,Mexico,England,elimination,coolbet,Coolbet,2026-07-05T11:21:00Z,h2h,2026-07-05T11:21:00Z,England,2.48,
e61a7b471cadc8e3849158ed59d49cab,2026-07-06T00:00:00Z,Mexico,England,elimination,coolbet,Coolbet,2026-07-05T11:21:00Z,h2h,2026-07-05T11:21:00Z,Mexico,3.25,
e61a7b471cadc8e3849158ed59d49cab,2026-07-06T00:00:00Z,Mexico,England,elimination,coolbet,Coolbet,2026-07-05T11:21:00Z,h2h,2026-07-05T11:21:00Z,Draw,3.2,
e61a7b471cadc8e3849158ed59d49cab,2026-07-06T00:00:00Z,Mexico,England,elimination,coolbet,Coolbet,2026-07-05T11:21:00Z,totals,2026-07-05T11:21:00Z,Over,1.76,2.0
e61a7b471cadc8e3849158ed59d49cab,2026-07-06T00:00:00Z,Mexico,England,elimination,coolbet,Coolbet,2026-07-05T11:21:00Z,totals,2026-07-05T11:21:00Z,Under,2.15,2.0
e61a7b471cadc8e3849158ed59d49cab,2026-07-06T00:00:00Z,Mexico,England,elimination,betanysports,BetAnything,2026-07-05T11:28:25Z,h2h,2026-07-05T11:28:25Z,England,2.4,
e61a7b471cadc8e3849158ed59d49cab,2026-07-06T00:00:00Z,Mexico,England,elimination,betanysports,BetAnything,2026-07-05T11:28:25Z,h2h,2026-07-05T11:28:25Z,Mexico,3.1,
e61a7b471cadc8e3849158ed59d49cab,2026-07-06T00:00:00Z,Mexico,England,elimination,betanysports,BetAnything,2026-07-05T11:28:25Z,h2h,2026-07-05T11:28:25Z,Draw,3.15,
e61a7b471cadc8e3849158ed59d49cab,2026-07-06T00:00:00Z,Mexico,England,elimination,betanysports,BetAnything,2026-07-05T11:28:25Z,spreads,2026-07-05T11:28:25Z,England,1.72,0.0
e61a7b471cadc8e3849158ed59d49cab,2026-07-06T00:00:00Z,Mexico,England,elimination,betanysports,BetAnything,2026-07-05T11:28:25Z,spreads,2026-07-05T11:28:25Z,Mexico,2.18,0.0
e61a7b471cadc8e3849158ed59d49cab,2026-07-06T00:00:00Z,Mexico,England,elimination,betanysports,BetAnything,2026-07-05T11:28:25Z,totals,2026-07-05T11:28:25Z,Over,1.43,1.5
e61a7b471cadc8e3849158ed59d49cab,2026-07-06T00:00:00Z,Mexico,England,elimination,betanysports,BetAnything,2026-07-05T11:28:25Z,totals,2026-07-05T11:28:25Z,Under,2.8,1.5
16ed3adcf661b3a9bea39871a2d204df,2026-07-06T19:00:00Z,Portugal,Spain,elimination,pmu_fr,PMU (FR),2026-07-05T11:29:10Z,h2h,2026-07-05T11:29:10Z,Portugal,4.0,
16ed3adcf661b3a9bea39871a2d204df,2026-07-06T19:00:00Z,Portugal,Spain,elimination,pmu_fr,PMU (FR),2026-07-05T11:29:10Z,h2h,2026-07-05T11:29:10Z,Spain,1.87,
16ed3adcf661b3a9bea39871a2d204df,2026-07-06T19:00:00Z,Portugal,Spain,elimination,pmu_fr,PMU (FR),2026-07-05T11:29:10Z,h2h,2026-07-05T11:29:10Z,Draw,3.5,
16ed3adcf661b3a9bea39871a2d204df,2026-07-06T19:00:00Z,Portugal,Spain,elimination,pmu_fr,PMU (FR),2026-07-05T11:29:10Z,totals,2026-07-05T11:29:10Z,Over,1.79,2.5
16ed3adcf661b3a9bea39871a2d204df,2026-07-06T19:00:00Z,Portugal,Spain,elimination,pmu_fr,PMU (FR),2026-07-05T11:29:10Z,totals,2026-07-05T11:29:10Z,Under,1.89,2.5
16ed3adcf661b3a9bea39871a2d204df,2026-07-06T19:00:00Z,Portugal,Spain,elimination,unibet_se,Unibet (SE),2026-07-05T11:28:47Z,h2h,2026-07-05T11:28:47Z,Portugal,4.25,
16ed3adcf661b3a9bea39871a2d204df,2026-07-06T19:00:00Z,Portugal,Spain,elimination,unibet_se,Unibet (SE),2026-07-05T11:28:47Z,h2h,2026-07-05T11:28:47Z,Spain,1.93,
16ed3adcf661b3a9bea39871a2d204df,2026-07-06T19:00:00Z,Portugal,Spain,elimination,unibet_se,Unibet (SE),2026-07-05T11:28:47Z,h2h,2026-07-05T11:28:47Z,Draw,3.7,
16ed3adcf661b3a9bea39871a2d204df,2026-07-06T19:00:00Z,Portugal,Spain,elimination,unibet_se,Unibet (SE),2026-07-05T11:28:47Z,totals,2026-07-05T11:28:47Z,Over,1.85,2.5
16ed3adcf661b3a9bea39871a2d204df,2026-07-06T19:00:00Z,Portugal,Spain,elimination,unibet_se,Unibet (SE),2026-07-05T11:28:47Z,totals,2026-07-05T11:28:47Z,Under,1.96,2.5
16ed3adcf661b3a9bea39871a2d204df,2026-07-06T19:00:00Z,Portugal,Spain,elimination,leovegas_se,LeoVegas (SE),2026-07-05T11:29:11Z,h2h,2026-07-05T11:29:11Z,Portugal,4.1,
16ed3adcf661b3a9bea39871a2d204df,2026-07-06T19:00:00Z,Portugal,Spain,elimination,leovegas_se,LeoVegas (SE),2026-07-05T11:29:11Z,h2h,2026-07-05T11:29:11Z,Spain,1.89,
16ed3adcf661b3a9bea39871a2d204df,2026-07-06T19:00:00Z,Portugal,Spain,elimination,leovegas_se,LeoVegas (SE),2026-07-05T11:29:11Z,h2h,2026-07-05T11:29:11Z,Draw,3.6,
16ed3adcf661b3a9bea39871a2d204df,2026-07-06T19:00:00Z,Portugal,Spain,elimination,unibet_nl,Unibet (NL),2026-07-05T11:29:10Z,h2h,2026-07-05T11:29:10Z,Portugal,4.25,
16ed3adcf661b3a9bea39871a2d204df,2026-07-06T19:00:00Z,Portugal,Spain,elimination,unibet_nl,Unibet (NL),2026-07-05T11:29:10Z,h2h,2026-07-05T11:29:10Z,Spain,1.93,
16ed3adcf661b3a9bea39871a2d204df,2026-07-06T19:00:00Z,Portugal,Spain,elimination,unibet_nl,Unibet (NL),2026-07-05T11:29:10Z,h2h,2026-07-05T11:29:10Z,Draw,3.7,
16ed3adcf661b3a9bea39871a2d204df,2026-07-06T19:00:00Z,Portugal,Spain,elimination,unibet_nl,Unibet (NL),2026-07-05T11:29:10Z,totals,2026-07-05T11:29:10Z,Over,1.82,2.5
16ed3adcf661b3a9bea39871a2d204df,2026-07-06T19:00:00Z,Portugal,Spain,elimination,unibet_nl,Unibet (NL),2026-07-05T11:29:10Z,totals,2026-07-05T11:29:10Z,Under,1.93,2.5
16ed3adcf661b3a9bea39871a2d204df,2026-07-06T19:00:00Z,Portugal,Spain,elimination,tipico_de,Tipico,2026-07-05T11:28:25Z,h2h,2026-07-05T11:28:25Z,Portugal,4.1,
16ed3adcf661b3a9bea39871a2d204df,2026-07-06T19:00:00Z,Portugal,Spain,elimination,tipico_de,Tipico,2026-07-05T11:28:25Z,h2h,2026-07-05T11:28:25Z,Spain,1.87,
16ed3adcf661b3a9bea39871a2d204df,2026-07-06T19:00:00Z,Portugal,Spain,elimination,tipico_de,Tipico,2026-07-05T11:28:25Z,h2h,2026-07-05T11:28:25Z,Draw,3.7,
16ed3adcf661b3a9bea39871a2d204df,2026-07-06T19:00:00Z,Portugal,Spain,elimination,sport888,888sport,2026-07-05T11:28:13Z,h2h,2026-07-05T11:28:13Z,Portugal,3.7,
16ed3adcf661b3a9bea39871a2d204df,2026-07-06T19:00:00Z,Portugal,Spain,elimination,sport888,888sport,2026-07-05T11:28:13Z,h2h,2026-07-05T11:28:13Z,Spain,1.91,
16ed3adcf661b3a9bea39871a2d204df,2026-07-06T19:00:00Z,Portugal,Spain,elimination,sport888,888sport,2026-07-05T11:28:13Z,h2h,2026-07-05T11:28:13Z,Draw,3.4,
16ed3adcf661b3a9bea39871a2d204df,2026-07-06T19:00:00Z,Portugal,Spain,elimination,williamhill,William Hill,2026-07-05T11:28:59Z,h2h,2026-07-05T11:28:59Z,Portugal,3.8,
16ed3adcf661b3a9bea39871a2d204df,2026-07-06T19:00:00Z,Portugal,Spain,elimination,williamhill,William Hill,2026-07-05T11:28:59Z,h2h,2026-07-05T11:28:59Z,Spain,1.91,
16ed3adcf661b3a9bea39871a2d204df,2026-07-06T19:00:00Z,Portugal,Spain,elimination,williamhill,William Hill,2026-07-05T11:28:59Z,h2h,2026-07-05T11:28:59Z,Draw,3.5,
16ed3adcf661b3a9bea39871a2d204df,2026-07-06T19:00:00Z,Portugal,Spain,elimination,williamhill,William Hill,2026-07-05T11:28:59Z,totals,2026-07-05T11:28:59Z,Over,1.8,2.5
16ed3adcf661b3a9bea39871a2d204df,2026-07-06T19:00:00Z,Portugal,Spain,elimination,williamhill,William Hill,2026-07-05T11:28:59Z,totals,2026-07-05T11:28:59Z,Under,1.95,2.5
16ed3adcf661b3a9bea39871a2d204df,2026-07-06T19:00:00Z,Portugal,Spain,elimination,marathonbet,Marathon Bet,2026-07-05T11:28:03Z,h2h,2026-07-05T11:28:03Z,Portugal,3.92,
16ed3adcf661b3a9bea39871a2d204df,2026-07-06T19:00:00Z,Portugal,Spain,elimination,marathonbet,Marathon Bet,2026-07-05T11:28:03Z,h2h,2026-07-05T11:28:03Z,Spain,1.91,
16ed3adcf661b3a9bea39871a2d204df,2026-07-06T19:00:00Z,Portugal,Spain,elimination,marathonbet,Marathon Bet,2026-07-05T11:28:03Z,h2h,2026-07-05T11:28:03Z,Draw,3.72,
16ed3adcf661b3a9bea39871a2d204df,2026-07-06T19:00:00Z,Portugal,Spain,elimination,onexbet,1xBet,2026-07-05T11:28:58Z,h2h,2026-07-05T11:28:58Z,Portugal,4.04,
16ed3adcf661b3a9bea39871a2d204df,2026-07-06T19:00:00Z,Portugal,Spain,elimination,onexbet,1xBet,2026-07-05T11:28:58Z,h2h,2026-07-05T11:28:58Z,Spain,1.97,
16ed3adcf661b3a9bea39871a2d204df,2026-07-06T19:00:00Z,Portugal,Spain,elimination,onexbet,1xBet,2026-07-05T11:28:58Z,h2h,2026-07-05T11:28:58Z,Draw,3.83,
16ed3adcf661b3a9bea39871a2d204df,2026-07-06T19:00:00Z,Portugal,Spain,elimination,onexbet,1xBet,2026-07-05T11:28:58Z,spreads,2026-07-05T11:28:58Z,Portugal,2.94,0.0
16ed3adcf661b3a9bea39871a2d204df,2026-07-06T19:00:00Z,Portugal,Spain,elimination,onexbet,1xBet,2026-07-05T11:28:58Z,spreads,2026-07-05T11:28:58Z,Spain,1.44,0.0
16ed3adcf661b3a9bea39871a2d204df,2026-07-06T19:00:00Z,Portugal,Spain,elimination,onexbet,1xBet,2026-07-05T11:28:58Z,totals,2026-07-05T11:28:58Z,Over,1.8,2.5
16ed3adcf661b3a9bea39871a2d204df,2026-07-06T19:00:00Z,Portugal,Spain,elimination,onexbet,1xBet,2026-07-05T11:28:58Z,totals,2026-07-05T11:28:58Z,Under,2.08,2.5
16ed3adcf661b3a9bea39871a2d204df,2026-07-06T19:00:00Z,Portugal,Spain,elimination,pinnacle,Pinnacle,2026-07-05T11:29:11Z,h2h,2026-07-05T11:29:11Z,Portugal,4.07,
16ed3adcf661b3a9bea39871a2d204df,2026-07-06T19:00:00Z,Portugal,Spain,elimination,pinnacle,Pinnacle,2026-07-05T11:29:11Z,h2h,2026-07-05T11:29:11Z,Spain,1.91,
16ed3adcf661b3a9bea39871a2d204df,2026-07-06T19:00:00Z,Portugal,Spain,elimination,pinnacle,Pinnacle,2026-07-05T11:29:11Z,h2h,2026-07-05T11:29:11Z,Draw,3.75,
16ed3adcf661b3a9bea39871a2d204df,2026-07-06T19:00:00Z,Portugal,Spain,elimination,pinnacle,Pinnacle,2026-07-05T11:29:11Z,spreads,2026-07-05T11:29:11Z,Portugal,1.98,0.5
16ed3adcf661b3a9bea39871a2d204df,2026-07-06T19:00:00Z,Portugal,Spain,elimination,pinnacle,Pinnacle,2026-07-05T11:29:11Z,spreads,2026-07-05T11:29:11Z,Spain,1.92,-0.5
16ed3adcf661b3a9bea39871a2d204df,2026-07-06T19:00:00Z,Portugal,Spain,elimination,pinnacle,Pinnacle,2026-07-05T11:29:11Z,totals,2026-07-05T11:29:11Z,Over,2.0,2.75
16ed3adcf661b3a9bea39871a2d204df,2026-07-06T19:00:00Z,Portugal,Spain,elimination,pinnacle,Pinnacle,2026-07-05T11:29:11Z,totals,2026-07-05T11:29:11Z,Under,1.88,2.75
16ed3adcf661b3a9bea39871a2d204df,2026-07-06T19:00:00Z,Portugal,Spain,elimination,unibet_fr,Unibet (FR),2026-07-05T11:28:36Z,h2h,2026-07-05T11:28:36Z,Portugal,3.9,
16ed3adcf661b3a9bea39871a2d204df,2026-07-06T19:00:00Z,Portugal,Spain,elimination,unibet_fr,Unibet (FR),2026-07-05T11:28:36Z,h2h,2026-07-05T11:28:36Z,Spain,1.89,
16ed3adcf661b3a9bea39871a2d204df,2026-07-06T19:00:00Z,Portugal,Spain,elimination,unibet_fr,Unibet (FR),2026-07-05T11:28:36Z,h2h,2026-07-05T11:28:36Z,Draw,3.8,
16ed3adcf661b3a9bea39871a2d204df,2026-07-06T19:00:00Z,Portugal,Spain,elimination,gtbets,GTbets,2026-07-05T11:28:14Z,h2h,2026-07-05T11:28:14Z,Portugal,4.1,
16ed3adcf661b3a9bea39871a2d204df,2026-07-06T19:00:00Z,Portugal,Spain,elimination,gtbets,GTbets,2026-07-05T11:28:14Z,h2h,2026-07-05T11:28:14Z,Spain,1.89,
16ed3adcf661b3a9bea39871a2d204df,2026-07-06T19:00:00Z,Portugal,Spain,elimination,gtbets,GTbets,2026-07-05T11:28:14Z,h2h,2026-07-05T11:28:14Z,Draw,3.59,
16ed3adcf661b3a9bea39871a2d204df,2026-07-06T19:00:00Z,Portugal,Spain,elimination,gtbets,GTbets,2026-07-05T11:28:14Z,spreads,2026-07-05T11:28:14Z,Portugal,1.93,0.5
16ed3adcf661b3a9bea39871a2d204df,2026-07-06T19:00:00Z,Portugal,Spain,elimination,gtbets,GTbets,2026-07-05T11:28:14Z,spreads,2026-07-05T11:28:14Z,Spain,1.87,-0.5
16ed3adcf661b3a9bea39871a2d204df,2026-07-06T19:00:00Z,Portugal,Spain,elimination,gtbets,GTbets,2026-07-05T11:28:14Z,totals,2026-07-05T11:28:14Z,Over,1.76,2.5
16ed3adcf661b3a9bea39871a2d204df,2026-07-06T19:00:00Z,Portugal,Spain,elimination,gtbets,GTbets,2026-07-05T11:28:14Z,totals,2026-07-05T11:28:14Z,Under,2.02,2.5
16ed3adcf661b3a9bea39871a2d204df,2026-07-06T19:00:00Z,Portugal,Spain,elimination,matchbook,Matchbook,2026-07-05T11:28:58Z,h2h,2026-07-05T11:28:58Z,Portugal,4.3,
16ed3adcf661b3a9bea39871a2d204df,2026-07-06T19:00:00Z,Portugal,Spain,elimination,matchbook,Matchbook,2026-07-05T11:28:58Z,h2h,2026-07-05T11:28:58Z,Spain,1.97,
16ed3adcf661b3a9bea39871a2d204df,2026-07-06T19:00:00Z,Portugal,Spain,elimination,matchbook,Matchbook,2026-07-05T11:28:58Z,h2h,2026-07-05T11:28:58Z,Draw,3.75,
16ed3adcf661b3a9bea39871a2d204df,2026-07-06T19:00:00Z,Portugal,Spain,elimination,matchbook,Matchbook,2026-07-05T11:28:58Z,spreads,2026-07-05T11:28:58Z,Portugal,2.02,0.5
16ed3adcf661b3a9bea39871a2d204df,2026-07-06T19:00:00Z,Portugal,Spain,elimination,matchbook,Matchbook,2026-07-05T11:28:58Z,spreads,2026-07-05T11:28:58Z,Spain,1.97,-0.5
16ed3adcf661b3a9bea39871a2d204df,2026-07-06T19:00:00Z,Portugal,Spain,elimination,codere_it,Codere (IT),2026-07-05T11:29:10Z,h2h,2026-07-05T11:29:10Z,Portugal,4.0,
16ed3adcf661b3a9bea39871a2d204df,2026-07-06T19:00:00Z,Portugal,Spain,elimination,codere_it,Codere (IT),2026-07-05T11:29:10Z,h2h,2026-07-05T11:29:10Z,Spain,1.92,
16ed3adcf661b3a9bea39871a2d204df,2026-07-06T19:00:00Z,Portugal,Spain,elimination,codere_it,Codere (IT),2026-07-05T11:29:10Z,h2h,2026-07-05T11:29:10Z,Draw,3.6,
16ed3adcf661b3a9bea39871a2d204df,2026-07-06T19:00:00Z,Portugal,Spain,elimination,codere_it,Codere (IT),2026-07-05T11:29:10Z,totals,2026-07-05T11:29:10Z,Over,1.71,2.5
16ed3adcf661b3a9bea39871a2d204df,2026-07-06T19:00:00Z,Portugal,Spain,elimination,codere_it,Codere (IT),2026-07-05T11:29:10Z,totals,2026-07-05T11:29:10Z,Under,1.98,2.5
16ed3adcf661b3a9bea39871a2d204df,2026-07-06T19:00:00Z,Portugal,Spain,elimination,mybookieag,MyBookie.ag,2026-07-05T11:27:38Z,h2h,2026-07-05T11:27:38Z,Portugal,3.95,
16ed3adcf661b3a9bea39871a2d204df,2026-07-06T19:00:00Z,Portugal,Spain,elimination,mybookieag,MyBookie.ag,2026-07-05T11:27:38Z,h2h,2026-07-05T11:27:38Z,Spain,1.9,
16ed3adcf661b3a9bea39871a2d204df,2026-07-06T19:00:00Z,Portugal,Spain,elimination,mybookieag,MyBookie.ag,2026-07-05T11:27:38Z,h2h,2026-07-05T11:27:38Z,Draw,3.55,
16ed3adcf661b3a9bea39871a2d204df,2026-07-06T19:00:00Z,Portugal,Spain,elimination,mybookieag,MyBookie.ag,2026-07-05T11:27:38Z,spreads,2026-07-05T11:27:38Z,Portugal,1.85,0.5
16ed3adcf661b3a9bea39871a2d204df,2026-07-06T19:00:00Z,Portugal,Spain,elimination,mybookieag,MyBookie.ag,2026-07-05T11:27:38Z,spreads,2026-07-05T11:27:38Z,Spain,1.85,-0.5
16ed3adcf661b3a9bea39871a2d204df,2026-07-06T19:00:00Z,Portugal,Spain,elimination,mybookieag,MyBookie.ag,2026-07-05T11:27:38Z,totals,2026-07-05T11:27:38Z,Over,1.72,2.5
16ed3adcf661b3a9bea39871a2d204df,2026-07-06T19:00:00Z,Portugal,Spain,elimination,mybookieag,MyBookie.ag,2026-07-05T11:27:38Z,totals,2026-07-05T11:27:38Z,Under,2.0,2.5
16ed3adcf661b3a9bea39871a2d204df,2026-07-06T19:00:00Z,Portugal,Spain,elimination,betfair_ex_eu,Betfair,2026-07-05T11:29:12Z,h2h,2026-07-05T11:29:12Z,Portugal,4.3,
16ed3adcf661b3a9bea39871a2d204df,2026-07-06T19:00:00Z,Portugal,Spain,elimination,betfair_ex_eu,Betfair,2026-07-05T11:29:12Z,h2h,2026-07-05T11:29:12Z,Spain,1.97,
16ed3adcf661b3a9bea39871a2d204df,2026-07-06T19:00:00Z,Portugal,Spain,elimination,betfair_ex_eu,Betfair,2026-07-05T11:29:12Z,h2h,2026-07-05T11:29:12Z,Draw,3.75,
16ed3adcf661b3a9bea39871a2d204df,2026-07-06T19:00:00Z,Portugal,Spain,elimination,coolbet,Coolbet,2026-07-05T11:21:00Z,h2h,2026-07-05T11:21:00Z,Portugal,4.35,
16ed3adcf661b3a9bea39871a2d204df,2026-07-06T19:00:00Z,Portugal,Spain,elimination,coolbet,Coolbet,2026-07-05T11:21:00Z,h2h,2026-07-05T11:21:00Z,Spain,1.9,
16ed3adcf661b3a9bea39871a2d204df,2026-07-06T19:00:00Z,Portugal,Spain,elimination,coolbet,Coolbet,2026-07-05T11:21:00Z,h2h,2026-07-05T11:21:00Z,Draw,3.75,
16ed3adcf661b3a9bea39871a2d204df,2026-07-06T19:00:00Z,Portugal,Spain,elimination,coolbet,Coolbet,2026-07-05T11:21:00Z,totals,2026-07-05T11:21:00Z,Over,1.78,2.5
16ed3adcf661b3a9bea39871a2d204df,2026-07-06T19:00:00Z,Portugal,Spain,elimination,coolbet,Coolbet,2026-07-05T11:21:00Z,totals,2026-07-05T11:21:00Z,Under,2.11,2.5
16ed3adcf661b3a9bea39871a2d204df,2026-07-06T19:00:00Z,Portugal,Spain,elimination,winamax_de,Winamax (DE),2026-07-05T11:29:02Z,h2h,2026-07-05T11:29:02Z,Portugal,3.9,
16ed3adcf661b3a9bea39871a2d204df,2026-07-06T19:00:00Z,Portugal,Spain,elimination,winamax_de,Winamax (DE),2026-07-05T11:29:02Z,h2h,2026-07-05T11:29:02Z,Spain,1.9,
16ed3adcf661b3a9bea39871a2d204df,2026-07-06T19:00:00Z,Portugal,Spain,elimination,winamax_de,Winamax (DE),2026-07-05T11:29:02Z,h2h,2026-07-05T11:29:02Z,Draw,3.7,
16ed3adcf661b3a9bea39871a2d204df,2026-07-06T19:00:00Z,Portugal,Spain,elimination,winamax_fr,Winamax (FR),2026-07-05T11:28:48Z,h2h,2026-07-05T11:28:48Z,Portugal,3.85,
16ed3adcf661b3a9bea39871a2d204df,2026-07-06T19:00:00Z,Portugal,Spain,elimination,winamax_fr,Winamax (FR),2026-07-05T11:28:48Z,h2h,2026-07-05T11:28:48Z,Spain,1.88,
16ed3adcf661b3a9bea39871a2d204df,2026-07-06T19:00:00Z,Portugal,Spain,elimination,winamax_fr,Winamax (FR),2026-07-05T11:28:48Z,h2h,2026-07-05T11:28:48Z,Draw,3.65,
16ed3adcf661b3a9bea39871a2d204df,2026-07-06T19:00:00Z,Portugal,Spain,elimination,nordicbet,Nordic Bet,2026-07-05T11:28:14Z,h2h,2026-07-05T11:28:14Z,Portugal,4.0,
16ed3adcf661b3a9bea39871a2d204df,2026-07-06T19:00:00Z,Portugal,Spain,elimination,nordicbet,Nordic Bet,2026-07-05T11:28:14Z,h2h,2026-07-05T11:28:14Z,Spain,1.95,
16ed3adcf661b3a9bea39871a2d204df,2026-07-06T19:00:00Z,Portugal,Spain,elimination,nordicbet,Nordic Bet,2026-07-05T11:28:14Z,h2h,2026-07-05T11:28:14Z,Draw,3.7,
16ed3adcf661b3a9bea39871a2d204df,2026-07-06T19:00:00Z,Portugal,Spain,elimination,nordicbet,Nordic Bet,2026-07-05T11:28:14Z,totals,2026-07-05T11:28:14Z,Over,1.78,2.5
16ed3adcf661b3a9bea39871a2d204df,2026-07-06T19:00:00Z,Portugal,Spain,elimination,nordicbet,Nordic Bet,2026-07-05T11:28:14Z,totals,2026-07-05T11:28:14Z,Under,2.08,2.5
16ed3adcf661b3a9bea39871a2d204df,2026-07-06T19:00:00Z,Portugal,Spain,elimination,betsson,Betsson,2026-07-05T11:28:03Z,h2h,2026-07-05T11:28:03Z,Portugal,4.0,
16ed3adcf661b3a9bea39871a2d204df,2026-07-06T19:00:00Z,Portugal,Spain,elimination,betsson,Betsson,2026-07-05T11:28:03Z,h2h,2026-07-05T11:28:03Z,Spain,1.95,
16ed3adcf661b3a9bea39871a2d204df,2026-07-06T19:00:00Z,Portugal,Spain,elimination,betsson,Betsson,2026-07-05T11:28:03Z,h2h,2026-07-05T11:28:03Z,Draw,3.7,
16ed3adcf661b3a9bea39871a2d204df,2026-07-06T19:00:00Z,Portugal,Spain,elimination,betsson,Betsson,2026-07-05T11:28:03Z,totals,2026-07-05T11:28:03Z,Over,1.78,2.5
16ed3adcf661b3a9bea39871a2d204df,2026-07-06T19:00:00Z,Portugal,Spain,elimination,betsson,Betsson,2026-07-05T11:28:03Z,totals,2026-07-05T11:28:03Z,Under,2.08,2.5
16ed3adcf661b3a9bea39871a2d204df,2026-07-06T19:00:00Z,Portugal,Spain,elimination,betonlineag,BetOnline.ag,2026-07-05T11:28:49Z,h2h,2026-07-05T11:28:49Z,Portugal,4.22,
16ed3adcf661b3a9bea39871a2d204df,2026-07-06T19:00:00Z,Portugal,Spain,elimination,betonlineag,BetOnline.ag,2026-07-05T11:28:49Z,h2h,2026-07-05T11:28:49Z,Spain,1.91,
16ed3adcf661b3a9bea39871a2d204df,2026-07-06T19:00:00Z,Portugal,Spain,elimination,betonlineag,BetOnline.ag,2026-07-05T11:28:49Z,h2h,2026-07-05T11:28:49Z,Draw,3.65,
16ed3adcf661b3a9bea39871a2d204df,2026-07-06T19:00:00Z,Portugal,Spain,elimination,betonlineag,BetOnline.ag,2026-07-05T11:28:49Z,spreads,2026-07-05T11:28:49Z,Portugal,1.94,0.5
16ed3adcf661b3a9bea39871a2d204df,2026-07-06T19:00:00Z,Portugal,Spain,elimination,betonlineag,BetOnline.ag,2026-07-05T11:28:49Z,spreads,2026-07-05T11:28:49Z,Spain,1.91,-0.5
16ed3adcf661b3a9bea39871a2d204df,2026-07-06T19:00:00Z,Portugal,Spain,elimination,betonlineag,BetOnline.ag,2026-07-05T11:28:49Z,totals,2026-07-05T11:28:49Z,Over,1.78,2.5
16ed3adcf661b3a9bea39871a2d204df,2026-07-06T19:00:00Z,Portugal,Spain,elimination,betonlineag,BetOnline.ag,2026-07-05T11:28:49Z,totals,2026-07-05T11:28:49Z,Under,2.12,2.5
16ed3adcf661b3a9bea39871a2d204df,2026-07-06T19:00:00Z,Portugal,Spain,elimination,everygame,Everygame,2026-07-05T11:27:17Z,h2h,2026-07-05T11:27:17Z,Portugal,4.0,
16ed3adcf661b3a9bea39871a2d204df,2026-07-06T19:00:00Z,Portugal,Spain,elimination,everygame,Everygame,2026-07-05T11:27:17Z,h2h,2026-07-05T11:27:17Z,Spain,1.9,
16ed3adcf661b3a9bea39871a2d204df,2026-07-06T19:00:00Z,Portugal,Spain,elimination,everygame,Everygame,2026-07-05T11:27:17Z,h2h,2026-07-05T11:27:17Z,Draw,3.65,
16ed3adcf661b3a9bea39871a2d204df,2026-07-06T19:00:00Z,Portugal,Spain,elimination,betanysports,BetAnything,2026-07-05T11:28:25Z,h2h,2026-07-05T11:28:25Z,Portugal,4.22,
16ed3adcf661b3a9bea39871a2d204df,2026-07-06T19:00:00Z,Portugal,Spain,elimination,betanysports,BetAnything,2026-07-05T11:28:25Z,h2h,2026-07-05T11:28:25Z,Spain,1.91,
16ed3adcf661b3a9bea39871a2d204df,2026-07-06T19:00:00Z,Portugal,Spain,elimination,betanysports,BetAnything,2026-07-05T11:28:25Z,h2h,2026-07-05T11:28:25Z,Draw,3.65,
16ed3adcf661b3a9bea39871a2d204df,2026-07-06T19:00:00Z,Portugal,Spain,elimination,betanysports,BetAnything,2026-07-05T11:28:25Z,spreads,2026-07-05T11:28:25Z,Portugal,1.91,0.5
16ed3adcf661b3a9bea39871a2d204df,2026-07-06T19:00:00Z,Portugal,Spain,elimination,betanysports,BetAnything,2026-07-05T11:28:25Z,spreads,2026-07-05T11:28:25Z,Spain,1.91,-0.5
16ed3adcf661b3a9bea39871a2d204df,2026-07-06T19:00:00Z,Portugal,Spain,elimination,betanysports,BetAnything,2026-07-05T11:28:25Z,totals,2026-07-05T11:28:25Z,Over,1.38,2.0
16ed3adcf661b3a9bea39871a2d204df,2026-07-06T19:00:00Z,Portugal,Spain,elimination,betanysports,BetAnything,2026-07-05T11:28:25Z,totals,2026-07-05T11:28:25Z,Under,3.05,2.0
810f80b3ae79f5e86b3747ca15718ed8,2026-07-07T00:00:00Z,USA,Belgium,elimination,leovegas_se,LeoVegas (SE),2026-07-05T11:29:11Z,h2h,2026-07-05T11:29:11Z,Belgium,2.65,
810f80b3ae79f5e86b3747ca15718ed8,2026-07-07T00:00:00Z,USA,Belgium,elimination,leovegas_se,LeoVegas (SE),2026-07-05T11:29:11Z,h2h,2026-07-05T11:29:11Z,USA,2.65,
810f80b3ae79f5e86b3747ca15718ed8,2026-07-07T00:00:00Z,USA,Belgium,elimination,leovegas_se,LeoVegas (SE),2026-07-05T11:29:11Z,h2h,2026-07-05T11:29:11Z,Draw,3.35,
810f80b3ae79f5e86b3747ca15718ed8,2026-07-07T00:00:00Z,USA,Belgium,elimination,pmu_fr,PMU (FR),2026-07-05T11:29:10Z,h2h,2026-07-05T11:29:10Z,Belgium,2.6,
810f80b3ae79f5e86b3747ca15718ed8,2026-07-07T00:00:00Z,USA,Belgium,elimination,pmu_fr,PMU (FR),2026-07-05T11:29:10Z,h2h,2026-07-05T11:29:10Z,USA,2.63,
810f80b3ae79f5e86b3747ca15718ed8,2026-07-07T00:00:00Z,USA,Belgium,elimination,pmu_fr,PMU (FR),2026-07-05T11:29:10Z,h2h,2026-07-05T11:29:10Z,Draw,3.3,
810f80b3ae79f5e86b3747ca15718ed8,2026-07-07T00:00:00Z,USA,Belgium,elimination,pmu_fr,PMU (FR),2026-07-05T11:29:10Z,totals,2026-07-05T11:29:10Z,Over,1.7,2.5
810f80b3ae79f5e86b3747ca15718ed8,2026-07-07T00:00:00Z,USA,Belgium,elimination,pmu_fr,PMU (FR),2026-07-05T11:29:10Z,totals,2026-07-05T11:29:10Z,Under,2.0,2.5
810f80b3ae79f5e86b3747ca15718ed8,2026-07-07T00:00:00Z,USA,Belgium,elimination,unibet_se,Unibet (SE),2026-07-05T11:28:47Z,h2h,2026-07-05T11:28:47Z,Belgium,2.7,
810f80b3ae79f5e86b3747ca15718ed8,2026-07-07T00:00:00Z,USA,Belgium,elimination,unibet_se,Unibet (SE),2026-07-05T11:28:47Z,h2h,2026-07-05T11:28:47Z,USA,2.75,
810f80b3ae79f5e86b3747ca15718ed8,2026-07-07T00:00:00Z,USA,Belgium,elimination,unibet_se,Unibet (SE),2026-07-05T11:28:47Z,h2h,2026-07-05T11:28:47Z,Draw,3.45,
810f80b3ae79f5e86b3747ca15718ed8,2026-07-07T00:00:00Z,USA,Belgium,elimination,unibet_se,Unibet (SE),2026-07-05T11:28:47Z,totals,2026-07-05T11:28:47Z,Over,1.76,2.5
810f80b3ae79f5e86b3747ca15718ed8,2026-07-07T00:00:00Z,USA,Belgium,elimination,unibet_se,Unibet (SE),2026-07-05T11:28:47Z,totals,2026-07-05T11:28:47Z,Under,2.08,2.5
810f80b3ae79f5e86b3747ca15718ed8,2026-07-07T00:00:00Z,USA,Belgium,elimination,unibet_nl,Unibet (NL),2026-07-05T11:29:10Z,h2h,2026-07-05T11:29:10Z,Belgium,2.7,
810f80b3ae79f5e86b3747ca15718ed8,2026-07-07T00:00:00Z,USA,Belgium,elimination,unibet_nl,Unibet (NL),2026-07-05T11:29:10Z,h2h,2026-07-05T11:29:10Z,USA,2.75,
810f80b3ae79f5e86b3747ca15718ed8,2026-07-07T00:00:00Z,USA,Belgium,elimination,unibet_nl,Unibet (NL),2026-07-05T11:29:10Z,h2h,2026-07-05T11:29:10Z,Draw,3.45,
810f80b3ae79f5e86b3747ca15718ed8,2026-07-07T00:00:00Z,USA,Belgium,elimination,unibet_nl,Unibet (NL),2026-07-05T11:29:10Z,totals,2026-07-05T11:29:10Z,Over,1.73,2.5
810f80b3ae79f5e86b3747ca15718ed8,2026-07-07T00:00:00Z,USA,Belgium,elimination,unibet_nl,Unibet (NL),2026-07-05T11:29:10Z,totals,2026-07-05T11:29:10Z,Under,2.05,2.5
810f80b3ae79f5e86b3747ca15718ed8,2026-07-07T00:00:00Z,USA,Belgium,elimination,unibet_fr,Unibet (FR),2026-07-05T11:28:36Z,h2h,2026-07-05T11:28:36Z,Belgium,2.65,
810f80b3ae79f5e86b3747ca15718ed8,2026-07-07T00:00:00Z,USA,Belgium,elimination,unibet_fr,Unibet (FR),2026-07-05T11:28:36Z,h2h,2026-07-05T11:28:36Z,USA,2.6,
810f80b3ae79f5e86b3747ca15718ed8,2026-07-07T00:00:00Z,USA,Belgium,elimination,unibet_fr,Unibet (FR),2026-07-05T11:28:36Z,h2h,2026-07-05T11:28:36Z,Draw,3.5,
810f80b3ae79f5e86b3747ca15718ed8,2026-07-07T00:00:00Z,USA,Belgium,elimination,tipico_de,Tipico,2026-07-05T11:28:25Z,h2h,2026-07-05T11:28:25Z,Belgium,2.7,
810f80b3ae79f5e86b3747ca15718ed8,2026-07-07T00:00:00Z,USA,Belgium,elimination,tipico_de,Tipico,2026-07-05T11:28:25Z,h2h,2026-07-05T11:28:25Z,USA,2.6,
810f80b3ae79f5e86b3747ca15718ed8,2026-07-07T00:00:00Z,USA,Belgium,elimination,tipico_de,Tipico,2026-07-05T11:28:25Z,h2h,2026-07-05T11:28:25Z,Draw,3.4,
810f80b3ae79f5e86b3747ca15718ed8,2026-07-07T00:00:00Z,USA,Belgium,elimination,mybookieag,MyBookie.ag,2026-07-05T11:27:38Z,h2h,2026-07-05T11:27:38Z,Belgium,2.63,
810f80b3ae79f5e86b3747ca15718ed8,2026-07-07T00:00:00Z,USA,Belgium,elimination,mybookieag,MyBookie.ag,2026-07-05T11:27:38Z,h2h,2026-07-05T11:27:38Z,USA,2.62,
810f80b3ae79f5e86b3747ca15718ed8,2026-07-07T00:00:00Z,USA,Belgium,elimination,mybookieag,MyBookie.ag,2026-07-05T11:27:38Z,h2h,2026-07-05T11:27:38Z,Draw,3.34,
810f80b3ae79f5e86b3747ca15718ed8,2026-07-07T00:00:00Z,USA,Belgium,elimination,mybookieag,MyBookie.ag,2026-07-05T11:27:38Z,spreads,2026-07-05T11:27:38Z,Belgium,1.47,0.5
810f80b3ae79f5e86b3747ca15718ed8,2026-07-07T00:00:00Z,USA,Belgium,elimination,mybookieag,MyBookie.ag,2026-07-05T11:27:38Z,spreads,2026-07-05T11:27:38Z,USA,2.5,-0.5
810f80b3ae79f5e86b3747ca15718ed8,2026-07-07T00:00:00Z,USA,Belgium,elimination,mybookieag,MyBookie.ag,2026-07-05T11:27:38Z,totals,2026-07-05T11:27:38Z,Over,2.06,3.0
810f80b3ae79f5e86b3747ca15718ed8,2026-07-07T00:00:00Z,USA,Belgium,elimination,mybookieag,MyBookie.ag,2026-07-05T11:27:38Z,totals,2026-07-05T11:27:38Z,Under,1.68,3.0
810f80b3ae79f5e86b3747ca15718ed8,2026-07-07T00:00:00Z,USA,Belgium,elimination,marathonbet,Marathon Bet,2026-07-05T11:28:03Z,h2h,2026-07-05T11:28:03Z,Belgium,2.6,
810f80b3ae79f5e86b3747ca15718ed8,2026-07-07T00:00:00Z,USA,Belgium,elimination,marathonbet,Marathon Bet,2026-07-05T11:28:03Z,h2h,2026-07-05T11:28:03Z,USA,2.69,
810f80b3ae79f5e86b3747ca15718ed8,2026-07-07T00:00:00Z,USA,Belgium,elimination,marathonbet,Marathon Bet,2026-07-05T11:28:03Z,h2h,2026-07-05T11:28:03Z,Draw,3.44,
810f80b3ae79f5e86b3747ca15718ed8,2026-07-07T00:00:00Z,USA,Belgium,elimination,gtbets,GTbets,2026-07-05T11:28:14Z,h2h,2026-07-05T11:28:14Z,Belgium,2.68,
810f80b3ae79f5e86b3747ca15718ed8,2026-07-07T00:00:00Z,USA,Belgium,elimination,gtbets,GTbets,2026-07-05T11:28:14Z,h2h,2026-07-05T11:28:14Z,USA,2.75,
810f80b3ae79f5e86b3747ca15718ed8,2026-07-07T00:00:00Z,USA,Belgium,elimination,gtbets,GTbets,2026-07-05T11:28:14Z,h2h,2026-07-05T11:28:14Z,Draw,3.39,
810f80b3ae79f5e86b3747ca15718ed8,2026-07-07T00:00:00Z,USA,Belgium,elimination,gtbets,GTbets,2026-07-05T11:28:14Z,spreads,2026-07-05T11:28:14Z,Belgium,2.58,-0.5
810f80b3ae79f5e86b3747ca15718ed8,2026-07-07T00:00:00Z,USA,Belgium,elimination,gtbets,GTbets,2026-07-05T11:28:14Z,spreads,2026-07-05T11:28:14Z,USA,1.51,0.5
810f80b3ae79f5e86b3747ca15718ed8,2026-07-07T00:00:00Z,USA,Belgium,elimination,gtbets,GTbets,2026-07-05T11:28:14Z,totals,2026-07-05T11:28:14Z,Over,1.76,2.5
810f80b3ae79f5e86b3747ca15718ed8,2026-07-07T00:00:00Z,USA,Belgium,elimination,gtbets,GTbets,2026-07-05T11:28:14Z,totals,2026-07-05T11:28:14Z,Under,2.08,2.5
810f80b3ae79f5e86b3747ca15718ed8,2026-07-07T00:00:00Z,USA,Belgium,elimination,betfair_ex_eu,Betfair,2026-07-05T11:29:12Z,h2h,2026-07-05T11:29:12Z,Belgium,2.76,
810f80b3ae79f5e86b3747ca15718ed8,2026-07-07T00:00:00Z,USA,Belgium,elimination,betfair_ex_eu,Betfair,2026-07-05T11:29:12Z,h2h,2026-07-05T11:29:12Z,USA,2.82,
810f80b3ae79f5e86b3747ca15718ed8,2026-07-07T00:00:00Z,USA,Belgium,elimination,betfair_ex_eu,Betfair,2026-07-05T11:29:12Z,h2h,2026-07-05T11:29:12Z,Draw,3.5,
810f80b3ae79f5e86b3747ca15718ed8,2026-07-07T00:00:00Z,USA,Belgium,elimination,matchbook,Matchbook,2026-07-05T11:28:58Z,h2h,2026-07-05T11:28:58Z,Belgium,2.76,
810f80b3ae79f5e86b3747ca15718ed8,2026-07-07T00:00:00Z,USA,Belgium,elimination,matchbook,Matchbook,2026-07-05T11:28:58Z,h2h,2026-07-05T11:28:58Z,USA,2.82,
810f80b3ae79f5e86b3747ca15718ed8,2026-07-07T00:00:00Z,USA,Belgium,elimination,matchbook,Matchbook,2026-07-05T11:28:58Z,h2h,2026-07-05T11:28:58Z,Draw,3.5,
810f80b3ae79f5e86b3747ca15718ed8,2026-07-07T00:00:00Z,USA,Belgium,elimination,matchbook,Matchbook,2026-07-05T11:28:58Z,spreads,2026-07-05T11:28:58Z,Belgium,1.97,0.0
810f80b3ae79f5e86b3747ca15718ed8,2026-07-07T00:00:00Z,USA,Belgium,elimination,matchbook,Matchbook,2026-07-05T11:28:58Z,spreads,2026-07-05T11:28:58Z,USA,2.02,0.0
810f80b3ae79f5e86b3747ca15718ed8,2026-07-07T00:00:00Z,USA,Belgium,elimination,pinnacle,Pinnacle,2026-07-05T11:29:11Z,h2h,2026-07-05T11:29:11Z,Belgium,2.65,
810f80b3ae79f5e86b3747ca15718ed8,2026-07-07T00:00:00Z,USA,Belgium,elimination,pinnacle,Pinnacle,2026-07-05T11:29:11Z,h2h,2026-07-05T11:29:11Z,USA,2.72,
810f80b3ae79f5e86b3747ca15718ed8,2026-07-07T00:00:00Z,USA,Belgium,elimination,pinnacle,Pinnacle,2026-07-05T11:29:11Z,h2h,2026-07-05T11:29:11Z,Draw,3.48,
810f80b3ae79f5e86b3747ca15718ed8,2026-07-07T00:00:00Z,USA,Belgium,elimination,pinnacle,Pinnacle,2026-07-05T11:29:11Z,spreads,2026-07-05T11:29:11Z,Belgium,1.93,-0.0
810f80b3ae79f5e86b3747ca15718ed8,2026-07-07T00:00:00Z,USA,Belgium,elimination,pinnacle,Pinnacle,2026-07-05T11:29:11Z,spreads,2026-07-05T11:29:11Z,USA,1.98,0.0
810f80b3ae79f5e86b3747ca15718ed8,2026-07-07T00:00:00Z,USA,Belgium,elimination,pinnacle,Pinnacle,2026-07-05T11:29:11Z,totals,2026-07-05T11:29:11Z,Over,1.9,2.75
810f80b3ae79f5e86b3747ca15718ed8,2026-07-07T00:00:00Z,USA,Belgium,elimination,pinnacle,Pinnacle,2026-07-05T11:29:11Z,totals,2026-07-05T11:29:11Z,Under,1.99,2.75
810f80b3ae79f5e86b3747ca15718ed8,2026-07-07T00:00:00Z,USA,Belgium,elimination,onexbet,1xBet,2026-07-05T11:28:58Z,h2h,2026-07-05T11:28:58Z,Belgium,2.68,
810f80b3ae79f5e86b3747ca15718ed8,2026-07-07T00:00:00Z,USA,Belgium,elimination,onexbet,1xBet,2026-07-05T11:28:58Z,h2h,2026-07-05T11:28:58Z,USA,2.77,
810f80b3ae79f5e86b3747ca15718ed8,2026-07-07T00:00:00Z,USA,Belgium,elimination,onexbet,1xBet,2026-07-05T11:28:58Z,h2h,2026-07-05T11:28:58Z,Draw,3.54,
810f80b3ae79f5e86b3747ca15718ed8,2026-07-07T00:00:00Z,USA,Belgium,elimination,onexbet,1xBet,2026-07-05T11:28:58Z,spreads,2026-07-05T11:28:58Z,Belgium,1.91,0.0
810f80b3ae79f5e86b3747ca15718ed8,2026-07-07T00:00:00Z,USA,Belgium,elimination,onexbet,1xBet,2026-07-05T11:28:58Z,spreads,2026-07-05T11:28:58Z,USA,1.95,0.0
810f80b3ae79f5e86b3747ca15718ed8,2026-07-07T00:00:00Z,USA,Belgium,elimination,onexbet,1xBet,2026-07-05T11:28:58Z,totals,2026-07-05T11:28:58Z,Over,1.73,2.5
810f80b3ae79f5e86b3747ca15718ed8,2026-07-07T00:00:00Z,USA,Belgium,elimination,onexbet,1xBet,2026-07-05T11:28:58Z,totals,2026-07-05T11:28:58Z,Under,2.19,2.5
810f80b3ae79f5e86b3747ca15718ed8,2026-07-07T00:00:00Z,USA,Belgium,elimination,winamax_fr,Winamax (FR),2026-07-05T11:28:48Z,h2h,2026-07-05T11:28:48Z,Belgium,2.6,
810f80b3ae79f5e86b3747ca15718ed8,2026-07-07T00:00:00Z,USA,Belgium,elimination,winamax_fr,Winamax (FR),2026-07-05T11:28:48Z,h2h,2026-07-05T11:28:48Z,USA,2.55,
810f80b3ae79f5e86b3747ca15718ed8,2026-07-07T00:00:00Z,USA,Belgium,elimination,winamax_fr,Winamax (FR),2026-07-05T11:28:48Z,h2h,2026-07-05T11:28:48Z,Draw,3.4,
810f80b3ae79f5e86b3747ca15718ed8,2026-07-07T00:00:00Z,USA,Belgium,elimination,winamax_de,Winamax (DE),2026-07-05T11:29:02Z,h2h,2026-07-05T11:29:02Z,Belgium,2.6,
810f80b3ae79f5e86b3747ca15718ed8,2026-07-07T00:00:00Z,USA,Belgium,elimination,winamax_de,Winamax (DE),2026-07-05T11:29:02Z,h2h,2026-07-05T11:29:02Z,USA,2.6,
810f80b3ae79f5e86b3747ca15718ed8,2026-07-07T00:00:00Z,USA,Belgium,elimination,winamax_de,Winamax (DE),2026-07-05T11:29:02Z,h2h,2026-07-05T11:29:02Z,Draw,3.45,
810f80b3ae79f5e86b3747ca15718ed8,2026-07-07T00:00:00Z,USA,Belgium,elimination,betonlineag,BetOnline.ag,2026-07-05T11:28:49Z,h2h,2026-07-05T11:28:49Z,Belgium,2.66,
810f80b3ae79f5e86b3747ca15718ed8,2026-07-07T00:00:00Z,USA,Belgium,elimination,betonlineag,BetOnline.ag,2026-07-05T11:28:49Z,h2h,2026-07-05T11:28:49Z,USA,2.7,
810f80b3ae79f5e86b3747ca15718ed8,2026-07-07T00:00:00Z,USA,Belgium,elimination,betonlineag,BetOnline.ag,2026-07-05T11:28:49Z,h2h,2026-07-05T11:28:49Z,Draw,3.46,
810f80b3ae79f5e86b3747ca15718ed8,2026-07-07T00:00:00Z,USA,Belgium,elimination,betonlineag,BetOnline.ag,2026-07-05T11:28:49Z,spreads,2026-07-05T11:28:49Z,Belgium,1.92,0.0
810f80b3ae79f5e86b3747ca15718ed8,2026-07-07T00:00:00Z,USA,Belgium,elimination,betonlineag,BetOnline.ag,2026-07-05T11:28:49Z,spreads,2026-07-05T11:28:49Z,USA,1.93,0.0
810f80b3ae79f5e86b3747ca15718ed8,2026-07-07T00:00:00Z,USA,Belgium,elimination,betonlineag,BetOnline.ag,2026-07-05T11:28:49Z,totals,2026-07-05T11:28:49Z,Over,1.71,2.5
810f80b3ae79f5e86b3747ca15718ed8,2026-07-07T00:00:00Z,USA,Belgium,elimination,betonlineag,BetOnline.ag,2026-07-05T11:28:49Z,totals,2026-07-05T11:28:49Z,Under,2.23,2.5
810f80b3ae79f5e86b3747ca15718ed8,2026-07-07T00:00:00Z,USA,Belgium,elimination,nordicbet,Nordic Bet,2026-07-05T11:28:14Z,h2h,2026-07-05T11:28:14Z,Belgium,2.68,
810f80b3ae79f5e86b3747ca15718ed8,2026-07-07T00:00:00Z,USA,Belgium,elimination,nordicbet,Nordic Bet,2026-07-05T11:28:14Z,h2h,2026-07-05T11:28:14Z,USA,2.75,
810f80b3ae79f5e86b3747ca15718ed8,2026-07-07T00:00:00Z,USA,Belgium,elimination,nordicbet,Nordic Bet,2026-07-05T11:28:14Z,h2h,2026-07-05T11:28:14Z,Draw,3.4,
810f80b3ae79f5e86b3747ca15718ed8,2026-07-07T00:00:00Z,USA,Belgium,elimination,nordicbet,Nordic Bet,2026-07-05T11:28:14Z,totals,2026-07-05T11:28:14Z,Over,1.72,2.5
810f80b3ae79f5e86b3747ca15718ed8,2026-07-07T00:00:00Z,USA,Belgium,elimination,nordicbet,Nordic Bet,2026-07-05T11:28:14Z,totals,2026-07-05T11:28:14Z,Under,2.15,2.5
810f80b3ae79f5e86b3747ca15718ed8,2026-07-07T00:00:00Z,USA,Belgium,elimination,betsson,Betsson,2026-07-05T11:28:03Z,h2h,2026-07-05T11:28:03Z,Belgium,2.68,
810f80b3ae79f5e86b3747ca15718ed8,2026-07-07T00:00:00Z,USA,Belgium,elimination,betsson,Betsson,2026-07-05T11:28:03Z,h2h,2026-07-05T11:28:03Z,USA,2.75,
810f80b3ae79f5e86b3747ca15718ed8,2026-07-07T00:00:00Z,USA,Belgium,elimination,betsson,Betsson,2026-07-05T11:28:03Z,h2h,2026-07-05T11:28:03Z,Draw,3.4,
810f80b3ae79f5e86b3747ca15718ed8,2026-07-07T00:00:00Z,USA,Belgium,elimination,betsson,Betsson,2026-07-05T11:28:03Z,totals,2026-07-05T11:28:03Z,Over,1.72,2.5
810f80b3ae79f5e86b3747ca15718ed8,2026-07-07T00:00:00Z,USA,Belgium,elimination,betsson,Betsson,2026-07-05T11:28:03Z,totals,2026-07-05T11:28:03Z,Under,2.15,2.5
810f80b3ae79f5e86b3747ca15718ed8,2026-07-07T00:00:00Z,USA,Belgium,elimination,sport888,888sport,2026-07-05T11:28:13Z,h2h,2026-07-05T11:28:13Z,Belgium,2.5,
810f80b3ae79f5e86b3747ca15718ed8,2026-07-07T00:00:00Z,USA,Belgium,elimination,sport888,888sport,2026-07-05T11:28:13Z,h2h,2026-07-05T11:28:13Z,USA,2.6,
810f80b3ae79f5e86b3747ca15718ed8,2026-07-07T00:00:00Z,USA,Belgium,elimination,sport888,888sport,2026-07-05T11:28:13Z,h2h,2026-07-05T11:28:13Z,Draw,3.2,
810f80b3ae79f5e86b3747ca15718ed8,2026-07-07T00:00:00Z,USA,Belgium,elimination,williamhill,William Hill,2026-07-05T11:28:59Z,h2h,2026-07-05T11:28:59Z,Belgium,2.6,
810f80b3ae79f5e86b3747ca15718ed8,2026-07-07T00:00:00Z,USA,Belgium,elimination,williamhill,William Hill,2026-07-05T11:28:59Z,h2h,2026-07-05T11:28:59Z,USA,2.62,
810f80b3ae79f5e86b3747ca15718ed8,2026-07-07T00:00:00Z,USA,Belgium,elimination,williamhill,William Hill,2026-07-05T11:28:59Z,h2h,2026-07-05T11:28:59Z,Draw,3.25,
810f80b3ae79f5e86b3747ca15718ed8,2026-07-07T00:00:00Z,USA,Belgium,elimination,williamhill,William Hill,2026-07-05T11:28:59Z,totals,2026-07-05T11:28:59Z,Over,1.7,2.5
810f80b3ae79f5e86b3747ca15718ed8,2026-07-07T00:00:00Z,USA,Belgium,elimination,williamhill,William Hill,2026-07-05T11:28:59Z,totals,2026-07-05T11:28:59Z,Under,2.05,2.5
810f80b3ae79f5e86b3747ca15718ed8,2026-07-07T00:00:00Z,USA,Belgium,elimination,everygame,Everygame,2026-07-05T11:27:17Z,h2h,2026-07-05T11:27:17Z,Belgium,2.65,
810f80b3ae79f5e86b3747ca15718ed8,2026-07-07T00:00:00Z,USA,Belgium,elimination,everygame,Everygame,2026-07-05T11:27:17Z,h2h,2026-07-05T11:27:17Z,USA,2.65,
810f80b3ae79f5e86b3747ca15718ed8,2026-07-07T00:00:00Z,USA,Belgium,elimination,everygame,Everygame,2026-07-05T11:27:17Z,h2h,2026-07-05T11:27:17Z,Draw,3.4,
810f80b3ae79f5e86b3747ca15718ed8,2026-07-07T00:00:00Z,USA,Belgium,elimination,codere_it,Codere (IT),2026-07-05T11:29:10Z,h2h,2026-07-05T11:29:10Z,Belgium,2.65,
810f80b3ae79f5e86b3747ca15718ed8,2026-07-07T00:00:00Z,USA,Belgium,elimination,codere_it,Codere (IT),2026-07-05T11:29:10Z,h2h,2026-07-05T11:29:10Z,USA,2.65,
810f80b3ae79f5e86b3747ca15718ed8,2026-07-07T00:00:00Z,USA,Belgium,elimination,codere_it,Codere (IT),2026-07-05T11:29:10Z,h2h,2026-07-05T11:29:10Z,Draw,3.4,
810f80b3ae79f5e86b3747ca15718ed8,2026-07-07T00:00:00Z,USA,Belgium,elimination,codere_it,Codere (IT),2026-07-05T11:29:10Z,totals,2026-07-05T11:29:10Z,Over,1.65,2.5
810f80b3ae79f5e86b3747ca15718ed8,2026-07-07T00:00:00Z,USA,Belgium,elimination,codere_it,Codere (IT),2026-07-05T11:29:10Z,totals,2026-07-05T11:29:10Z,Under,2.07,2.5
810f80b3ae79f5e86b3747ca15718ed8,2026-07-07T00:00:00Z,USA,Belgium,elimination,coolbet,Coolbet,2026-07-05T11:21:00Z,h2h,2026-07-05T11:21:00Z,Belgium,2.7,
810f80b3ae79f5e86b3747ca15718ed8,2026-07-07T00:00:00Z,USA,Belgium,elimination,coolbet,Coolbet,2026-07-05T11:21:00Z,h2h,2026-07-05T11:21:00Z,USA,2.72,
810f80b3ae79f5e86b3747ca15718ed8,2026-07-07T00:00:00Z,USA,Belgium,elimination,coolbet,Coolbet,2026-07-05T11:21:00Z,h2h,2026-07-05T11:21:00Z,Draw,3.5,
810f80b3ae79f5e86b3747ca15718ed8,2026-07-07T00:00:00Z,USA,Belgium,elimination,coolbet,Coolbet,2026-07-05T11:21:00Z,totals,2026-07-05T11:21:00Z,Over,2.17,3.0
810f80b3ae79f5e86b3747ca15718ed8,2026-07-07T00:00:00Z,USA,Belgium,elimination,coolbet,Coolbet,2026-07-05T11:21:00Z,totals,2026-07-05T11:21:00Z,Under,1.74,3.0
810f80b3ae79f5e86b3747ca15718ed8,2026-07-07T00:00:00Z,USA,Belgium,elimination,betanysports,BetAnything,2026-07-05T11:28:25Z,h2h,2026-07-05T11:28:25Z,Belgium,2.65,
810f80b3ae79f5e86b3747ca15718ed8,2026-07-07T00:00:00Z,USA,Belgium,elimination,betanysports,BetAnything,2026-07-05T11:28:25Z,h2h,2026-07-05T11:28:25Z,USA,2.7,
810f80b3ae79f5e86b3747ca15718ed8,2026-07-07T00:00:00Z,USA,Belgium,elimination,betanysports,BetAnything,2026-07-05T11:28:25Z,h2h,2026-07-05T11:28:25Z,Draw,3.35,
810f80b3ae79f5e86b3747ca15718ed8,2026-07-07T00:00:00Z,USA,Belgium,elimination,betanysports,BetAnything,2026-07-05T11:28:25Z,spreads,2026-07-05T11:28:25Z,Belgium,1.87,0.0
810f80b3ae79f5e86b3747ca15718ed8,2026-07-07T00:00:00Z,USA,Belgium,elimination,betanysports,BetAnything,2026-07-05T11:28:25Z,spreads,2026-07-05T11:28:25Z,USA,1.95,0.0
810f80b3ae79f5e86b3747ca15718ed8,2026-07-07T00:00:00Z,USA,Belgium,elimination,betanysports,BetAnything,2026-07-05T11:28:25Z,totals,2026-07-05T11:28:25Z,Over,2.75,3.5
810f80b3ae79f5e86b3747ca15718ed8,2026-07-07T00:00:00Z,USA,Belgium,elimination,betanysports,BetAnything,2026-07-05T11:28:25Z,totals,2026-07-05T11:28:25Z,Under,1.44,3.5
190922affd0be754bfefd71548dbf90d,2026-07-07T16:00:00Z,Argentina,Egypt,elimination,unibet_nl,Unibet (NL),2026-07-05T11:29:10Z,h2h,2026-07-05T11:29:10Z,Argentina,1.38,
190922affd0be754bfefd71548dbf90d,2026-07-07T16:00:00Z,Argentina,Egypt,elimination,unibet_nl,Unibet (NL),2026-07-05T11:29:10Z,h2h,2026-07-05T11:29:10Z,Egypt,10.5,
190922affd0be754bfefd71548dbf90d,2026-07-07T16:00:00Z,Argentina,Egypt,elimination,unibet_nl,Unibet (NL),2026-07-05T11:29:10Z,h2h,2026-07-05T11:29:10Z,Draw,5.0,
190922affd0be754bfefd71548dbf90d,2026-07-07T16:00:00Z,Argentina,Egypt,elimination,unibet_nl,Unibet (NL),2026-07-05T11:29:10Z,totals,2026-07-05T11:29:10Z,Over,2.0,2.5
190922affd0be754bfefd71548dbf90d,2026-07-07T16:00:00Z,Argentina,Egypt,elimination,unibet_nl,Unibet (NL),2026-07-05T11:29:10Z,totals,2026-07-05T11:29:10Z,Under,1.77,2.5
190922affd0be754bfefd71548dbf90d,2026-07-07T16:00:00Z,Argentina,Egypt,elimination,unibet_se,Unibet (SE),2026-07-05T11:28:47Z,h2h,2026-07-05T11:28:47Z,Argentina,1.38,
190922affd0be754bfefd71548dbf90d,2026-07-07T16:00:00Z,Argentina,Egypt,elimination,unibet_se,Unibet (SE),2026-07-05T11:28:47Z,h2h,2026-07-05T11:28:47Z,Egypt,10.5,
190922affd0be754bfefd71548dbf90d,2026-07-07T16:00:00Z,Argentina,Egypt,elimination,unibet_se,Unibet (SE),2026-07-05T11:28:47Z,h2h,2026-07-05T11:28:47Z,Draw,5.0,
190922affd0be754bfefd71548dbf90d,2026-07-07T16:00:00Z,Argentina,Egypt,elimination,unibet_se,Unibet (SE),2026-07-05T11:28:47Z,totals,2026-07-05T11:28:47Z,Over,2.04,2.5
190922affd0be754bfefd71548dbf90d,2026-07-07T16:00:00Z,Argentina,Egypt,elimination,unibet_se,Unibet (SE),2026-07-05T11:28:47Z,totals,2026-07-05T11:28:47Z,Under,1.8,2.5
190922affd0be754bfefd71548dbf90d,2026-07-07T16:00:00Z,Argentina,Egypt,elimination,tipico_de,Tipico,2026-07-05T11:28:25Z,h2h,2026-07-05T11:28:25Z,Argentina,1.35,
190922affd0be754bfefd71548dbf90d,2026-07-07T16:00:00Z,Argentina,Egypt,elimination,tipico_de,Tipico,2026-07-05T11:28:25Z,h2h,2026-07-05T11:28:25Z,Egypt,9.5,
190922affd0be754bfefd71548dbf90d,2026-07-07T16:00:00Z,Argentina,Egypt,elimination,tipico_de,Tipico,2026-07-05T11:28:25Z,h2h,2026-07-05T11:28:25Z,Draw,4.9,
190922affd0be754bfefd71548dbf90d,2026-07-07T16:00:00Z,Argentina,Egypt,elimination,leovegas_se,LeoVegas (SE),2026-07-05T11:29:11Z,h2h,2026-07-05T11:29:11Z,Argentina,1.36,
190922affd0be754bfefd71548dbf90d,2026-07-07T16:00:00Z,Argentina,Egypt,elimination,leovegas_se,LeoVegas (SE),2026-07-05T11:29:11Z,h2h,2026-07-05T11:29:11Z,Egypt,9.5,
190922affd0be754bfefd71548dbf90d,2026-07-07T16:00:00Z,Argentina,Egypt,elimination,leovegas_se,LeoVegas (SE),2026-07-05T11:29:11Z,h2h,2026-07-05T11:29:11Z,Draw,4.8,
190922affd0be754bfefd71548dbf90d,2026-07-07T16:00:00Z,Argentina,Egypt,elimination,pmu_fr,PMU (FR),2026-07-05T11:29:10Z,h2h,2026-07-05T11:29:10Z,Argentina,1.34,
190922affd0be754bfefd71548dbf90d,2026-07-07T16:00:00Z,Argentina,Egypt,elimination,pmu_fr,PMU (FR),2026-07-05T11:29:10Z,h2h,2026-07-05T11:29:10Z,Egypt,9.0,
190922affd0be754bfefd71548dbf90d,2026-07-07T16:00:00Z,Argentina,Egypt,elimination,pmu_fr,PMU (FR),2026-07-05T11:29:10Z,h2h,2026-07-05T11:29:10Z,Draw,4.7,
190922affd0be754bfefd71548dbf90d,2026-07-07T16:00:00Z,Argentina,Egypt,elimination,pmu_fr,PMU (FR),2026-07-05T11:29:10Z,totals,2026-07-05T11:29:10Z,Over,1.95,2.5
190922affd0be754bfefd71548dbf90d,2026-07-07T16:00:00Z,Argentina,Egypt,elimination,pmu_fr,PMU (FR),2026-07-05T11:29:10Z,totals,2026-07-05T11:29:10Z,Under,1.73,2.5
190922affd0be754bfefd71548dbf90d,2026-07-07T16:00:00Z,Argentina,Egypt,elimination,marathonbet,Marathon Bet,2026-07-05T11:28:03Z,h2h,2026-07-05T11:28:03Z,Argentina,1.4,
190922affd0be754bfefd71548dbf90d,2026-07-07T16:00:00Z,Argentina,Egypt,elimination,marathonbet,Marathon Bet,2026-07-05T11:28:03Z,h2h,2026-07-05T11:28:03Z,Egypt,8.6,
190922affd0be754bfefd71548dbf90d,2026-07-07T16:00:00Z,Argentina,Egypt,elimination,marathonbet,Marathon Bet,2026-07-05T11:28:03Z,h2h,2026-07-05T11:28:03Z,Draw,4.6,
190922affd0be754bfefd71548dbf90d,2026-07-07T16:00:00Z,Argentina,Egypt,elimination,gtbets,GTbets,2026-07-05T11:28:14Z,h2h,2026-07-05T11:28:14Z,Argentina,1.41,
190922affd0be754bfefd71548dbf90d,2026-07-07T16:00:00Z,Argentina,Egypt,elimination,gtbets,GTbets,2026-07-05T11:28:14Z,h2h,2026-07-05T11:28:14Z,Egypt,8.54,
190922affd0be754bfefd71548dbf90d,2026-07-07T16:00:00Z,Argentina,Egypt,elimination,gtbets,GTbets,2026-07-05T11:28:14Z,h2h,2026-07-05T11:28:14Z,Draw,4.76,
190922affd0be754bfefd71548dbf90d,2026-07-07T16:00:00Z,Argentina,Egypt,elimination,gtbets,GTbets,2026-07-05T11:28:14Z,spreads,2026-07-05T11:28:14Z,Argentina,2.12,-1.5
190922affd0be754bfefd71548dbf90d,2026-07-07T16:00:00Z,Argentina,Egypt,elimination,gtbets,GTbets,2026-07-05T11:28:14Z,spreads,2026-07-05T11:28:14Z,Egypt,1.74,1.5
190922affd0be754bfefd71548dbf90d,2026-07-07T16:00:00Z,Argentina,Egypt,elimination,gtbets,GTbets,2026-07-05T11:28:14Z,totals,2026-07-05T11:28:14Z,Over,2.01,2.5
190922affd0be754bfefd71548dbf90d,2026-07-07T16:00:00Z,Argentina,Egypt,elimination,gtbets,GTbets,2026-07-05T11:28:14Z,totals,2026-07-05T11:28:14Z,Under,1.81,2.5
190922affd0be754bfefd71548dbf90d,2026-07-07T16:00:00Z,Argentina,Egypt,elimination,unibet_fr,Unibet (FR),2026-07-05T11:28:36Z,h2h,2026-07-05T11:28:36Z,Argentina,1.34,
190922affd0be754bfefd71548dbf90d,2026-07-07T16:00:00Z,Argentina,Egypt,elimination,unibet_fr,Unibet (FR),2026-07-05T11:28:36Z,h2h,2026-07-05T11:28:36Z,Egypt,10.0,
190922affd0be754bfefd71548dbf90d,2026-07-07T16:00:00Z,Argentina,Egypt,elimination,unibet_fr,Unibet (FR),2026-07-05T11:28:36Z,h2h,2026-07-05T11:28:36Z,Draw,5.0,
190922affd0be754bfefd71548dbf90d,2026-07-07T16:00:00Z,Argentina,Egypt,elimination,mybookieag,MyBookie.ag,2026-07-05T11:27:38Z,h2h,2026-07-05T11:27:38Z,Argentina,1.38,
190922affd0be754bfefd71548dbf90d,2026-07-07T16:00:00Z,Argentina,Egypt,elimination,mybookieag,MyBookie.ag,2026-07-05T11:27:38Z,h2h,2026-07-05T11:27:38Z,Egypt,8.5,
190922affd0be754bfefd71548dbf90d,2026-07-07T16:00:00Z,Argentina,Egypt,elimination,mybookieag,MyBookie.ag,2026-07-05T11:27:38Z,h2h,2026-07-05T11:27:38Z,Draw,4.5,
190922affd0be754bfefd71548dbf90d,2026-07-07T16:00:00Z,Argentina,Egypt,elimination,mybookieag,MyBookie.ag,2026-07-05T11:27:38Z,spreads,2026-07-05T11:27:38Z,Argentina,2.1,-1.5
190922affd0be754bfefd71548dbf90d,2026-07-07T16:00:00Z,Argentina,Egypt,elimination,mybookieag,MyBookie.ag,2026-07-05T11:27:38Z,spreads,2026-07-05T11:27:38Z,Egypt,1.65,1.5
190922affd0be754bfefd71548dbf90d,2026-07-07T16:00:00Z,Argentina,Egypt,elimination,mybookieag,MyBookie.ag,2026-07-05T11:27:38Z,totals,2026-07-05T11:27:38Z,Over,1.95,2.5
190922affd0be754bfefd71548dbf90d,2026-07-07T16:00:00Z,Argentina,Egypt,elimination,mybookieag,MyBookie.ag,2026-07-05T11:27:38Z,totals,2026-07-05T11:27:38Z,Under,1.76,2.5
190922affd0be754bfefd71548dbf90d,2026-07-07T16:00:00Z,Argentina,Egypt,elimination,onexbet,1xBet,2026-07-05T11:28:58Z,h2h,2026-07-05T11:28:58Z,Argentina,1.44,
190922affd0be754bfefd71548dbf90d,2026-07-07T16:00:00Z,Argentina,Egypt,elimination,onexbet,1xBet,2026-07-05T11:28:58Z,h2h,2026-07-05T11:28:58Z,Egypt,8.85,
190922affd0be754bfefd71548dbf90d,2026-07-07T16:00:00Z,Argentina,Egypt,elimination,onexbet,1xBet,2026-07-05T11:28:58Z,h2h,2026-07-05T11:28:58Z,Draw,4.76,
190922affd0be754bfefd71548dbf90d,2026-07-07T16:00:00Z,Argentina,Egypt,elimination,onexbet,1xBet,2026-07-05T11:28:58Z,spreads,2026-07-05T11:28:58Z,Argentina,2.22,-1.5
190922affd0be754bfefd71548dbf90d,2026-07-07T16:00:00Z,Argentina,Egypt,elimination,onexbet,1xBet,2026-07-05T11:28:58Z,spreads,2026-07-05T11:28:58Z,Egypt,1.71,1.5
190922affd0be754bfefd71548dbf90d,2026-07-07T16:00:00Z,Argentina,Egypt,elimination,onexbet,1xBet,2026-07-05T11:28:58Z,totals,2026-07-05T11:28:58Z,Over,2.05,2.5
190922affd0be754bfefd71548dbf90d,2026-07-07T16:00:00Z,Argentina,Egypt,elimination,onexbet,1xBet,2026-07-05T11:28:58Z,totals,2026-07-05T11:28:58Z,Under,1.82,2.5
190922affd0be754bfefd71548dbf90d,2026-07-07T16:00:00Z,Argentina,Egypt,elimination,winamax_de,Winamax (DE),2026-07-05T11:29:02Z,h2h,2026-07-05T11:29:02Z,Argentina,1.39,
190922affd0be754bfefd71548dbf90d,2026-07-07T16:00:00Z,Argentina,Egypt,elimination,winamax_de,Winamax (DE),2026-07-05T11:29:02Z,h2h,2026-07-05T11:29:02Z,Egypt,8.0,
190922affd0be754bfefd71548dbf90d,2026-07-07T16:00:00Z,Argentina,Egypt,elimination,winamax_de,Winamax (DE),2026-07-05T11:29:02Z,h2h,2026-07-05T11:29:02Z,Draw,4.8,
190922affd0be754bfefd71548dbf90d,2026-07-07T16:00:00Z,Argentina,Egypt,elimination,winamax_fr,Winamax (FR),2026-07-05T11:28:48Z,h2h,2026-07-05T11:28:48Z,Argentina,1.38,
190922affd0be754bfefd71548dbf90d,2026-07-07T16:00:00Z,Argentina,Egypt,elimination,winamax_fr,Winamax (FR),2026-07-05T11:28:48Z,h2h,2026-07-05T11:28:48Z,Egypt,7.75,
190922affd0be754bfefd71548dbf90d,2026-07-07T16:00:00Z,Argentina,Egypt,elimination,winamax_fr,Winamax (FR),2026-07-05T11:28:48Z,h2h,2026-07-05T11:28:48Z,Draw,4.7,
190922affd0be754bfefd71548dbf90d,2026-07-07T16:00:00Z,Argentina,Egypt,elimination,pinnacle,Pinnacle,2026-07-05T11:29:11Z,h2h,2026-07-05T11:29:11Z,Argentina,1.39,
190922affd0be754bfefd71548dbf90d,2026-07-07T16:00:00Z,Argentina,Egypt,elimination,pinnacle,Pinnacle,2026-07-05T11:29:11Z,h2h,2026-07-05T11:29:11Z,Egypt,9.21,
190922affd0be754bfefd71548dbf90d,2026-07-07T16:00:00Z,Argentina,Egypt,elimination,pinnacle,Pinnacle,2026-07-05T11:29:11Z,h2h,2026-07-05T11:29:11Z,Draw,4.71,
190922affd0be754bfefd71548dbf90d,2026-07-07T16:00:00Z,Argentina,Egypt,elimination,pinnacle,Pinnacle,2026-07-05T11:29:11Z,spreads,2026-07-05T11:29:11Z,Argentina,1.96,-1.25
190922affd0be754bfefd71548dbf90d,2026-07-07T16:00:00Z,Argentina,Egypt,elimination,pinnacle,Pinnacle,2026-07-05T11:29:11Z,spreads,2026-07-05T11:29:11Z,Egypt,1.94,1.25
190922affd0be754bfefd71548dbf90d,2026-07-07T16:00:00Z,Argentina,Egypt,elimination,pinnacle,Pinnacle,2026-07-05T11:29:11Z,totals,2026-07-05T11:29:11Z,Over,1.83,2.25
190922affd0be754bfefd71548dbf90d,2026-07-07T16:00:00Z,Argentina,Egypt,elimination,pinnacle,Pinnacle,2026-07-05T11:29:11Z,totals,2026-07-05T11:29:11Z,Under,2.07,2.25
190922affd0be754bfefd71548dbf90d,2026-07-07T16:00:00Z,Argentina,Egypt,elimination,matchbook,Matchbook,2026-07-05T11:28:58Z,h2h,2026-07-05T11:28:58Z,Argentina,1.4,
190922affd0be754bfefd71548dbf90d,2026-07-07T16:00:00Z,Argentina,Egypt,elimination,matchbook,Matchbook,2026-07-05T11:28:58Z,h2h,2026-07-05T11:28:58Z,Egypt,10.5,
190922affd0be754bfefd71548dbf90d,2026-07-07T16:00:00Z,Argentina,Egypt,elimination,matchbook,Matchbook,2026-07-05T11:28:58Z,h2h,2026-07-05T11:28:58Z,Draw,5.0,
190922affd0be754bfefd71548dbf90d,2026-07-07T16:00:00Z,Argentina,Egypt,elimination,matchbook,Matchbook,2026-07-05T11:28:58Z,spreads,2026-07-05T11:28:58Z,Argentina,1.96,-1.25
190922affd0be754bfefd71548dbf90d,2026-07-07T16:00:00Z,Argentina,Egypt,elimination,matchbook,Matchbook,2026-07-05T11:28:58Z,spreads,2026-07-05T11:28:58Z,Egypt,1.98,1.25
190922affd0be754bfefd71548dbf90d,2026-07-07T16:00:00Z,Argentina,Egypt,elimination,matchbook,Matchbook,2026-07-05T11:28:58Z,totals,2026-07-05T11:28:58Z,Over,2.12,2.5
190922affd0be754bfefd71548dbf90d,2026-07-07T16:00:00Z,Argentina,Egypt,elimination,matchbook,Matchbook,2026-07-05T11:28:58Z,totals,2026-07-05T11:28:58Z,Under,1.87,2.5
190922affd0be754bfefd71548dbf90d,2026-07-07T16:00:00Z,Argentina,Egypt,elimination,sport888,888sport,2026-07-05T11:28:13Z,h2h,2026-07-05T11:28:13Z,Argentina,1.4,
190922affd0be754bfefd71548dbf90d,2026-07-07T16:00:00Z,Argentina,Egypt,elimination,sport888,888sport,2026-07-05T11:28:13Z,h2h,2026-07-05T11:28:13Z,Egypt,7.5,
190922affd0be754bfefd71548dbf90d,2026-07-07T16:00:00Z,Argentina,Egypt,elimination,sport888,888sport,2026-07-05T11:28:13Z,h2h,2026-07-05T11:28:13Z,Draw,4.2,
190922affd0be754bfefd71548dbf90d,2026-07-07T16:00:00Z,Argentina,Egypt,elimination,williamhill,William Hill,2026-07-05T11:28:59Z,h2h,2026-07-05T11:28:59Z,Argentina,1.4,
190922affd0be754bfefd71548dbf90d,2026-07-07T16:00:00Z,Argentina,Egypt,elimination,williamhill,William Hill,2026-07-05T11:28:59Z,h2h,2026-07-05T11:28:59Z,Egypt,8.0,
190922affd0be754bfefd71548dbf90d,2026-07-07T16:00:00Z,Argentina,Egypt,elimination,williamhill,William Hill,2026-07-05T11:28:59Z,h2h,2026-07-05T11:28:59Z,Draw,4.33,
190922affd0be754bfefd71548dbf90d,2026-07-07T16:00:00Z,Argentina,Egypt,elimination,williamhill,William Hill,2026-07-05T11:28:59Z,totals,2026-07-05T11:28:59Z,Over,1.95,2.5
190922affd0be754bfefd71548dbf90d,2026-07-07T16:00:00Z,Argentina,Egypt,elimination,williamhill,William Hill,2026-07-05T11:28:59Z,totals,2026-07-05T11:28:59Z,Under,1.8,2.5
190922affd0be754bfefd71548dbf90d,2026-07-07T16:00:00Z,Argentina,Egypt,elimination,betfair_ex_eu,Betfair,2026-07-05T11:29:12Z,h2h,2026-07-05T11:29:12Z,Argentina,1.4,
190922affd0be754bfefd71548dbf90d,2026-07-07T16:00:00Z,Argentina,Egypt,elimination,betfair_ex_eu,Betfair,2026-07-05T11:29:12Z,h2h,2026-07-05T11:29:12Z,Egypt,10.5,
190922affd0be754bfefd71548dbf90d,2026-07-07T16:00:00Z,Argentina,Egypt,elimination,betfair_ex_eu,Betfair,2026-07-05T11:29:12Z,h2h,2026-07-05T11:29:12Z,Draw,5.0,
190922affd0be754bfefd71548dbf90d,2026-07-07T16:00:00Z,Argentina,Egypt,elimination,coolbet,Coolbet,2026-07-05T11:21:00Z,h2h,2026-07-05T11:21:00Z,Argentina,1.4,
190922affd0be754bfefd71548dbf90d,2026-07-07T16:00:00Z,Argentina,Egypt,elimination,coolbet,Coolbet,2026-07-05T11:21:00Z,h2h,2026-07-05T11:21:00Z,Egypt,10.5,
190922affd0be754bfefd71548dbf90d,2026-07-07T16:00:00Z,Argentina,Egypt,elimination,coolbet,Coolbet,2026-07-05T11:21:00Z,h2h,2026-07-05T11:21:00Z,Draw,4.75,
190922affd0be754bfefd71548dbf90d,2026-07-07T16:00:00Z,Argentina,Egypt,elimination,coolbet,Coolbet,2026-07-05T11:21:00Z,totals,2026-07-05T11:21:00Z,Over,2.08,2.5
190922affd0be754bfefd71548dbf90d,2026-07-07T16:00:00Z,Argentina,Egypt,elimination,coolbet,Coolbet,2026-07-05T11:21:00Z,totals,2026-07-05T11:21:00Z,Under,1.81,2.5
190922affd0be754bfefd71548dbf90d,2026-07-07T16:00:00Z,Argentina,Egypt,elimination,betonlineag,BetOnline.ag,2026-07-05T11:28:49Z,h2h,2026-07-05T11:28:49Z,Argentina,1.4,
190922affd0be754bfefd71548dbf90d,2026-07-07T16:00:00Z,Argentina,Egypt,elimination,betonlineag,BetOnline.ag,2026-07-05T11:28:49Z,h2h,2026-07-05T11:28:49Z,Egypt,9.5,
190922affd0be754bfefd71548dbf90d,2026-07-07T16:00:00Z,Argentina,Egypt,elimination,betonlineag,BetOnline.ag,2026-07-05T11:28:49Z,h2h,2026-07-05T11:28:49Z,Draw,4.8,
190922affd0be754bfefd71548dbf90d,2026-07-07T16:00:00Z,Argentina,Egypt,elimination,betonlineag,BetOnline.ag,2026-07-05T11:28:49Z,spreads,2026-07-05T11:28:49Z,Argentina,2.23,-1.5
190922affd0be754bfefd71548dbf90d,2026-07-07T16:00:00Z,Argentina,Egypt,elimination,betonlineag,BetOnline.ag,2026-07-05T11:28:49Z,spreads,2026-07-05T11:28:49Z,Egypt,1.71,1.5
190922affd0be754bfefd71548dbf90d,2026-07-07T16:00:00Z,Argentina,Egypt,elimination,betonlineag,BetOnline.ag,2026-07-05T11:28:49Z,totals,2026-07-05T11:28:49Z,Over,2.08,2.5
190922affd0be754bfefd71548dbf90d,2026-07-07T16:00:00Z,Argentina,Egypt,elimination,betonlineag,BetOnline.ag,2026-07-05T11:28:49Z,totals,2026-07-05T11:28:49Z,Under,1.81,2.5
190922affd0be754bfefd71548dbf90d,2026-07-07T16:00:00Z,Argentina,Egypt,elimination,betsson,Betsson,2026-07-05T11:28:03Z,h2h,2026-07-05T11:28:03Z,Argentina,1.4,
190922affd0be754bfefd71548dbf90d,2026-07-07T16:00:00Z,Argentina,Egypt,elimination,betsson,Betsson,2026-07-05T11:28:03Z,h2h,2026-07-05T11:28:03Z,Egypt,9.8,
190922affd0be754bfefd71548dbf90d,2026-07-07T16:00:00Z,Argentina,Egypt,elimination,betsson,Betsson,2026-07-05T11:28:03Z,h2h,2026-07-05T11:28:03Z,Draw,4.7,
190922affd0be754bfefd71548dbf90d,2026-07-07T16:00:00Z,Argentina,Egypt,elimination,betsson,Betsson,2026-07-05T11:28:03Z,totals,2026-07-05T11:28:03Z,Over,2.05,2.5
190922affd0be754bfefd71548dbf90d,2026-07-07T16:00:00Z,Argentina,Egypt,elimination,betsson,Betsson,2026-07-05T11:28:03Z,totals,2026-07-05T11:28:03Z,Under,1.82,2.5
190922affd0be754bfefd71548dbf90d,2026-07-07T16:00:00Z,Argentina,Egypt,elimination,nordicbet,Nordic Bet,2026-07-05T11:28:14Z,h2h,2026-07-05T11:28:14Z,Argentina,1.4,
190922affd0be754bfefd71548dbf90d,2026-07-07T16:00:00Z,Argentina,Egypt,elimination,nordicbet,Nordic Bet,2026-07-05T11:28:14Z,h2h,2026-07-05T11:28:14Z,Egypt,9.8,
190922affd0be754bfefd71548dbf90d,2026-07-07T16:00:00Z,Argentina,Egypt,elimination,nordicbet,Nordic Bet,2026-07-05T11:28:14Z,h2h,2026-07-05T11:28:14Z,Draw,4.7,
190922affd0be754bfefd71548dbf90d,2026-07-07T16:00:00Z,Argentina,Egypt,elimination,nordicbet,Nordic Bet,2026-07-05T11:28:14Z,totals,2026-07-05T11:28:14Z,Over,2.05,2.5
190922affd0be754bfefd71548dbf90d,2026-07-07T16:00:00Z,Argentina,Egypt,elimination,nordicbet,Nordic Bet,2026-07-05T11:28:14Z,totals,2026-07-05T11:28:14Z,Under,1.82,2.5
190922affd0be754bfefd71548dbf90d,2026-07-07T16:00:00Z,Argentina,Egypt,elimination,everygame,Everygame,2026-07-05T11:27:17Z,h2h,2026-07-05T11:27:17Z,Argentina,1.4,
190922affd0be754bfefd71548dbf90d,2026-07-07T16:00:00Z,Argentina,Egypt,elimination,everygame,Everygame,2026-07-05T11:27:17Z,h2h,2026-07-05T11:27:17Z,Egypt,9.0,
190922affd0be754bfefd71548dbf90d,2026-07-07T16:00:00Z,Argentina,Egypt,elimination,everygame,Everygame,2026-07-05T11:27:17Z,h2h,2026-07-05T11:27:17Z,Draw,4.6,
190922affd0be754bfefd71548dbf90d,2026-07-07T16:00:00Z,Argentina,Egypt,elimination,codere_it,Codere (IT),2026-07-05T11:29:10Z,h2h,2026-07-05T11:29:10Z,Argentina,1.39,
190922affd0be754bfefd71548dbf90d,2026-07-07T16:00:00Z,Argentina,Egypt,elimination,codere_it,Codere (IT),2026-07-05T11:29:10Z,h2h,2026-07-05T11:29:10Z,Egypt,8.6,
190922affd0be754bfefd71548dbf90d,2026-07-07T16:00:00Z,Argentina,Egypt,elimination,codere_it,Codere (IT),2026-07-05T11:29:10Z,h2h,2026-07-05T11:29:10Z,Draw,4.6,
190922affd0be754bfefd71548dbf90d,2026-07-07T16:00:00Z,Argentina,Egypt,elimination,codere_it,Codere (IT),2026-07-05T11:29:10Z,totals,2026-07-05T11:29:10Z,Over,1.93,2.5
190922affd0be754bfefd71548dbf90d,2026-07-07T16:00:00Z,Argentina,Egypt,elimination,codere_it,Codere (IT),2026-07-05T11:29:10Z,totals,2026-07-05T11:29:10Z,Under,1.75,2.5
190922affd0be754bfefd71548dbf90d,2026-07-07T16:00:00Z,Argentina,Egypt,elimination,betanysports,BetAnything,2026-07-05T11:28:25Z,h2h,2026-07-05T11:28:25Z,Argentina,1.41,
190922affd0be754bfefd71548dbf90d,2026-07-07T16:00:00Z,Argentina,Egypt,elimination,betanysports,BetAnything,2026-07-05T11:28:25Z,h2h,2026-07-05T11:28:25Z,Egypt,8.25,
190922affd0be754bfefd71548dbf90d,2026-07-07T16:00:00Z,Argentina,Egypt,elimination,betanysports,BetAnything,2026-07-05T11:28:25Z,h2h,2026-07-05T11:28:25Z,Draw,4.6,
190922affd0be754bfefd71548dbf90d,2026-07-07T16:00:00Z,Argentina,Egypt,elimination,betanysports,BetAnything,2026-07-05T11:28:25Z,spreads,2026-07-05T11:28:25Z,Argentina,2.2,-1.5
190922affd0be754bfefd71548dbf90d,2026-07-07T16:00:00Z,Argentina,Egypt,elimination,betanysports,BetAnything,2026-07-05T11:28:25Z,spreads,2026-07-05T11:28:25Z,Egypt,1.71,1.5
190922affd0be754bfefd71548dbf90d,2026-07-07T16:00:00Z,Argentina,Egypt,elimination,betanysports,BetAnything,2026-07-05T11:28:25Z,totals,2026-07-05T11:28:25Z,Over,2.9,3.0
190922affd0be754bfefd71548dbf90d,2026-07-07T16:00:00Z,Argentina,Egypt,elimination,betanysports,BetAnything,2026-07-05T11:28:25Z,totals,2026-07-05T11:28:25Z,Under,1.42,3.0
a6da973c5749ce60adab77d64b3664f4,2026-07-07T20:00:00Z,Switzerland,Colombia,elimination,leovegas_se,LeoVegas (SE),2026-07-05T11:29:11Z,h2h,2026-07-05T11:29:11Z,Colombia,2.28,
a6da973c5749ce60adab77d64b3664f4,2026-07-07T20:00:00Z,Switzerland,Colombia,elimination,leovegas_se,LeoVegas (SE),2026-07-05T11:29:11Z,h2h,2026-07-05T11:29:11Z,Switzerland,3.55,
a6da973c5749ce60adab77d64b3664f4,2026-07-07T20:00:00Z,Switzerland,Colombia,elimination,leovegas_se,LeoVegas (SE),2026-07-05T11:29:11Z,h2h,2026-07-05T11:29:11Z,Draw,3.05,
a6da973c5749ce60adab77d64b3664f4,2026-07-07T20:00:00Z,Switzerland,Colombia,elimination,tipico_de,Tipico,2026-07-05T11:28:25Z,h2h,2026-07-05T11:28:25Z,Colombia,2.25,
a6da973c5749ce60adab77d64b3664f4,2026-07-07T20:00:00Z,Switzerland,Colombia,elimination,tipico_de,Tipico,2026-07-05T11:28:25Z,h2h,2026-07-05T11:28:25Z,Switzerland,3.5,
a6da973c5749ce60adab77d64b3664f4,2026-07-07T20:00:00Z,Switzerland,Colombia,elimination,tipico_de,Tipico,2026-07-05T11:28:25Z,h2h,2026-07-05T11:28:25Z,Draw,3.1,
a6da973c5749ce60adab77d64b3664f4,2026-07-07T20:00:00Z,Switzerland,Colombia,elimination,pmu_fr,PMU (FR),2026-07-05T11:29:10Z,h2h,2026-07-05T11:29:10Z,Colombia,2.23,
a6da973c5749ce60adab77d64b3664f4,2026-07-07T20:00:00Z,Switzerland,Colombia,elimination,pmu_fr,PMU (FR),2026-07-05T11:29:10Z,h2h,2026-07-05T11:29:10Z,Switzerland,3.45,
a6da973c5749ce60adab77d64b3664f4,2026-07-07T20:00:00Z,Switzerland,Colombia,elimination,pmu_fr,PMU (FR),2026-07-05T11:29:10Z,h2h,2026-07-05T11:29:10Z,Draw,3.0,
a6da973c5749ce60adab77d64b3664f4,2026-07-07T20:00:00Z,Switzerland,Colombia,elimination,pmu_fr,PMU (FR),2026-07-05T11:29:10Z,totals,2026-07-05T11:29:10Z,Over,2.3,2.5
a6da973c5749ce60adab77d64b3664f4,2026-07-07T20:00:00Z,Switzerland,Colombia,elimination,pmu_fr,PMU (FR),2026-07-05T11:29:10Z,totals,2026-07-05T11:29:10Z,Under,1.53,2.5
a6da973c5749ce60adab77d64b3664f4,2026-07-07T20:00:00Z,Switzerland,Colombia,elimination,unibet_se,Unibet (SE),2026-07-05T11:28:47Z,h2h,2026-07-05T11:28:47Z,Colombia,2.32,
a6da973c5749ce60adab77d64b3664f4,2026-07-07T20:00:00Z,Switzerland,Colombia,elimination,unibet_se,Unibet (SE),2026-07-05T11:28:47Z,h2h,2026-07-05T11:28:47Z,Switzerland,3.65,
a6da973c5749ce60adab77d64b3664f4,2026-07-07T20:00:00Z,Switzerland,Colombia,elimination,unibet_se,Unibet (SE),2026-07-05T11:28:47Z,h2h,2026-07-05T11:28:47Z,Draw,3.15,
a6da973c5749ce60adab77d64b3664f4,2026-07-07T20:00:00Z,Switzerland,Colombia,elimination,unibet_se,Unibet (SE),2026-07-05T11:28:47Z,totals,2026-07-05T11:28:47Z,Over,2.4,2.5
a6da973c5749ce60adab77d64b3664f4,2026-07-07T20:00:00Z,Switzerland,Colombia,elimination,unibet_se,Unibet (SE),2026-07-05T11:28:47Z,totals,2026-07-05T11:28:47Z,Under,1.57,2.5
a6da973c5749ce60adab77d64b3664f4,2026-07-07T20:00:00Z,Switzerland,Colombia,elimination,unibet_nl,Unibet (NL),2026-07-05T11:29:10Z,h2h,2026-07-05T11:29:10Z,Colombia,2.32,
a6da973c5749ce60adab77d64b3664f4,2026-07-07T20:00:00Z,Switzerland,Colombia,elimination,unibet_nl,Unibet (NL),2026-07-05T11:29:10Z,h2h,2026-07-05T11:29:10Z,Switzerland,3.65,
a6da973c5749ce60adab77d64b3664f4,2026-07-07T20:00:00Z,Switzerland,Colombia,elimination,unibet_nl,Unibet (NL),2026-07-05T11:29:10Z,h2h,2026-07-05T11:29:10Z,Draw,3.15,
a6da973c5749ce60adab77d64b3664f4,2026-07-07T20:00:00Z,Switzerland,Colombia,elimination,unibet_nl,Unibet (NL),2026-07-05T11:29:10Z,totals,2026-07-05T11:29:10Z,Over,2.35,2.5
a6da973c5749ce60adab77d64b3664f4,2026-07-07T20:00:00Z,Switzerland,Colombia,elimination,unibet_nl,Unibet (NL),2026-07-05T11:29:10Z,totals,2026-07-05T11:29:10Z,Under,1.56,2.5
a6da973c5749ce60adab77d64b3664f4,2026-07-07T20:00:00Z,Switzerland,Colombia,elimination,marathonbet,Marathon Bet,2026-07-05T11:28:03Z,h2h,2026-07-05T11:28:03Z,Colombia,2.28,
a6da973c5749ce60adab77d64b3664f4,2026-07-07T20:00:00Z,Switzerland,Colombia,elimination,marathonbet,Marathon Bet,2026-07-05T11:28:03Z,h2h,2026-07-05T11:28:03Z,Switzerland,3.52,
a6da973c5749ce60adab77d64b3664f4,2026-07-07T20:00:00Z,Switzerland,Colombia,elimination,marathonbet,Marathon Bet,2026-07-05T11:28:03Z,h2h,2026-07-05T11:28:03Z,Draw,3.08,
a6da973c5749ce60adab77d64b3664f4,2026-07-07T20:00:00Z,Switzerland,Colombia,elimination,codere_it,Codere (IT),2026-07-05T11:29:10Z,h2h,2026-07-05T11:29:10Z,Colombia,2.26,
a6da973c5749ce60adab77d64b3664f4,2026-07-07T20:00:00Z,Switzerland,Colombia,elimination,codere_it,Codere (IT),2026-07-05T11:29:10Z,h2h,2026-07-05T11:29:10Z,Switzerland,3.5,
a6da973c5749ce60adab77d64b3664f4,2026-07-07T20:00:00Z,Switzerland,Colombia,elimination,codere_it,Codere (IT),2026-07-05T11:29:10Z,h2h,2026-07-05T11:29:10Z,Draw,3.1,
a6da973c5749ce60adab77d64b3664f4,2026-07-07T20:00:00Z,Switzerland,Colombia,elimination,codere_it,Codere (IT),2026-07-05T11:29:10Z,totals,2026-07-05T11:29:10Z,Over,2.25,2.5
a6da973c5749ce60adab77d64b3664f4,2026-07-07T20:00:00Z,Switzerland,Colombia,elimination,codere_it,Codere (IT),2026-07-05T11:29:10Z,totals,2026-07-05T11:29:10Z,Under,1.55,2.5
a6da973c5749ce60adab77d64b3664f4,2026-07-07T20:00:00Z,Switzerland,Colombia,elimination,unibet_fr,Unibet (FR),2026-07-05T11:28:36Z,h2h,2026-07-05T11:28:36Z,Colombia,2.2,
a6da973c5749ce60adab77d64b3664f4,2026-07-07T20:00:00Z,Switzerland,Colombia,elimination,unibet_fr,Unibet (FR),2026-07-05T11:28:36Z,h2h,2026-07-05T11:28:36Z,Switzerland,3.45,
a6da973c5749ce60adab77d64b3664f4,2026-07-07T20:00:00Z,Switzerland,Colombia,elimination,unibet_fr,Unibet (FR),2026-07-05T11:28:36Z,h2h,2026-07-05T11:28:36Z,Draw,3.3,
a6da973c5749ce60adab77d64b3664f4,2026-07-07T20:00:00Z,Switzerland,Colombia,elimination,mybookieag,MyBookie.ag,2026-07-05T11:27:38Z,h2h,2026-07-05T11:27:38Z,Colombia,2.24,
a6da973c5749ce60adab77d64b3664f4,2026-07-07T20:00:00Z,Switzerland,Colombia,elimination,mybookieag,MyBookie.ag,2026-07-05T11:27:38Z,h2h,2026-07-05T11:27:38Z,Switzerland,3.46,
a6da973c5749ce60adab77d64b3664f4,2026-07-07T20:00:00Z,Switzerland,Colombia,elimination,mybookieag,MyBookie.ag,2026-07-05T11:27:38Z,h2h,2026-07-05T11:27:38Z,Draw,3.08,
a6da973c5749ce60adab77d64b3664f4,2026-07-07T20:00:00Z,Switzerland,Colombia,elimination,mybookieag,MyBookie.ag,2026-07-05T11:27:38Z,spreads,2026-07-05T11:27:38Z,Colombia,2.15,-0.5
a6da973c5749ce60adab77d64b3664f4,2026-07-07T20:00:00Z,Switzerland,Colombia,elimination,mybookieag,MyBookie.ag,2026-07-05T11:27:38Z,spreads,2026-07-05T11:27:38Z,Switzerland,1.62,0.5
a6da973c5749ce60adab77d64b3664f4,2026-07-07T20:00:00Z,Switzerland,Colombia,elimination,mybookieag,MyBookie.ag,2026-07-05T11:27:38Z,totals,2026-07-05T11:27:38Z,Over,1.7,2.0
a6da973c5749ce60adab77d64b3664f4,2026-07-07T20:00:00Z,Switzerland,Colombia,elimination,mybookieag,MyBookie.ag,2026-07-05T11:27:38Z,totals,2026-07-05T11:27:38Z,Under,2.03,2.0
a6da973c5749ce60adab77d64b3664f4,2026-07-07T20:00:00Z,Switzerland,Colombia,elimination,gtbets,GTbets,2026-07-05T11:28:14Z,h2h,2026-07-05T11:28:14Z,Colombia,2.31,
a6da973c5749ce60adab77d64b3664f4,2026-07-07T20:00:00Z,Switzerland,Colombia,elimination,gtbets,GTbets,2026-07-05T11:28:14Z,h2h,2026-07-05T11:28:14Z,Switzerland,3.58,
a6da973c5749ce60adab77d64b3664f4,2026-07-07T20:00:00Z,Switzerland,Colombia,elimination,gtbets,GTbets,2026-07-05T11:28:14Z,h2h,2026-07-05T11:28:14Z,Draw,3.13,
a6da973c5749ce60adab77d64b3664f4,2026-07-07T20:00:00Z,Switzerland,Colombia,elimination,gtbets,GTbets,2026-07-05T11:28:14Z,spreads,2026-07-05T11:28:14Z,Colombia,1.32,0.5
a6da973c5749ce60adab77d64b3664f4,2026-07-07T20:00:00Z,Switzerland,Colombia,elimination,gtbets,GTbets,2026-07-05T11:28:14Z,spreads,2026-07-05T11:28:14Z,Switzerland,3.42,-0.5
a6da973c5749ce60adab77d64b3664f4,2026-07-07T20:00:00Z,Switzerland,Colombia,elimination,gtbets,GTbets,2026-07-05T11:28:14Z,totals,2026-07-05T11:28:14Z,Over,2.37,2.5
a6da973c5749ce60adab77d64b3664f4,2026-07-07T20:00:00Z,Switzerland,Colombia,elimination,gtbets,GTbets,2026-07-05T11:28:14Z,totals,2026-07-05T11:28:14Z,Under,1.62,2.5
a6da973c5749ce60adab77d64b3664f4,2026-07-07T20:00:00Z,Switzerland,Colombia,elimination,winamax_de,Winamax (DE),2026-07-05T11:29:02Z,h2h,2026-07-05T11:29:02Z,Colombia,2.2,
a6da973c5749ce60adab77d64b3664f4,2026-07-07T20:00:00Z,Switzerland,Colombia,elimination,winamax_de,Winamax (DE),2026-07-05T11:29:02Z,h2h,2026-07-05T11:29:02Z,Switzerland,3.4,
a6da973c5749ce60adab77d64b3664f4,2026-07-07T20:00:00Z,Switzerland,Colombia,elimination,winamax_de,Winamax (DE),2026-07-05T11:29:02Z,h2h,2026-07-05T11:29:02Z,Draw,3.2,
a6da973c5749ce60adab77d64b3664f4,2026-07-07T20:00:00Z,Switzerland,Colombia,elimination,winamax_fr,Winamax (FR),2026-07-05T11:28:48Z,h2h,2026-07-05T11:28:48Z,Colombia,2.2,
a6da973c5749ce60adab77d64b3664f4,2026-07-07T20:00:00Z,Switzerland,Colombia,elimination,winamax_fr,Winamax (FR),2026-07-05T11:28:48Z,h2h,2026-07-05T11:28:48Z,Switzerland,3.35,
a6da973c5749ce60adab77d64b3664f4,2026-07-07T20:00:00Z,Switzerland,Colombia,elimination,winamax_fr,Winamax (FR),2026-07-05T11:28:48Z,h2h,2026-07-05T11:28:48Z,Draw,3.15,
a6da973c5749ce60adab77d64b3664f4,2026-07-07T20:00:00Z,Switzerland,Colombia,elimination,onexbet,1xBet,2026-07-05T11:28:58Z,h2h,2026-07-05T11:28:58Z,Colombia,2.35,
a6da973c5749ce60adab77d64b3664f4,2026-07-07T20:00:00Z,Switzerland,Colombia,elimination,onexbet,1xBet,2026-07-05T11:28:58Z,h2h,2026-07-05T11:28:58Z,Switzerland,3.63,
a6da973c5749ce60adab77d64b3664f4,2026-07-07T20:00:00Z,Switzerland,Colombia,elimination,onexbet,1xBet,2026-07-05T11:28:58Z,h2h,2026-07-05T11:28:58Z,Draw,3.17,
a6da973c5749ce60adab77d64b3664f4,2026-07-07T20:00:00Z,Switzerland,Colombia,elimination,onexbet,1xBet,2026-07-05T11:28:58Z,spreads,2026-07-05T11:28:58Z,Colombia,1.58,0.0
a6da973c5749ce60adab77d64b3664f4,2026-07-07T20:00:00Z,Switzerland,Colombia,elimination,onexbet,1xBet,2026-07-05T11:28:58Z,spreads,2026-07-05T11:28:58Z,Switzerland,2.47,0.0
a6da973c5749ce60adab77d64b3664f4,2026-07-07T20:00:00Z,Switzerland,Colombia,elimination,onexbet,1xBet,2026-07-05T11:28:58Z,totals,2026-07-05T11:28:58Z,Over,2.42,2.5
a6da973c5749ce60adab77d64b3664f4,2026-07-07T20:00:00Z,Switzerland,Colombia,elimination,onexbet,1xBet,2026-07-05T11:28:58Z,totals,2026-07-05T11:28:58Z,Under,1.61,2.5
a6da973c5749ce60adab77d64b3664f4,2026-07-07T20:00:00Z,Switzerland,Colombia,elimination,matchbook,Matchbook,2026-07-05T11:28:58Z,h2h,2026-07-05T11:28:58Z,Colombia,2.34,
a6da973c5749ce60adab77d64b3664f4,2026-07-07T20:00:00Z,Switzerland,Colombia,elimination,matchbook,Matchbook,2026-07-05T11:28:58Z,h2h,2026-07-05T11:28:58Z,Switzerland,3.75,
a6da973c5749ce60adab77d64b3664f4,2026-07-07T20:00:00Z,Switzerland,Colombia,elimination,matchbook,Matchbook,2026-07-05T11:28:58Z,h2h,2026-07-05T11:28:58Z,Draw,3.15,
a6da973c5749ce60adab77d64b3664f4,2026-07-07T20:00:00Z,Switzerland,Colombia,elimination,matchbook,Matchbook,2026-07-05T11:28:58Z,spreads,2026-07-05T11:28:58Z,Colombia,1.98,-0.25
a6da973c5749ce60adab77d64b3664f4,2026-07-07T20:00:00Z,Switzerland,Colombia,elimination,matchbook,Matchbook,2026-07-05T11:28:58Z,spreads,2026-07-05T11:28:58Z,Switzerland,2.0,0.25
a6da973c5749ce60adab77d64b3664f4,2026-07-07T20:00:00Z,Switzerland,Colombia,elimination,matchbook,Matchbook,2026-07-05T11:28:58Z,totals,2026-07-05T11:28:58Z,Over,2.48,2.5
a6da973c5749ce60adab77d64b3664f4,2026-07-07T20:00:00Z,Switzerland,Colombia,elimination,matchbook,Matchbook,2026-07-05T11:28:58Z,totals,2026-07-05T11:28:58Z,Under,1.64,2.5
a6da973c5749ce60adab77d64b3664f4,2026-07-07T20:00:00Z,Switzerland,Colombia,elimination,pinnacle,Pinnacle,2026-07-05T11:29:11Z,h2h,2026-07-05T11:29:11Z,Colombia,2.31,
a6da973c5749ce60adab77d64b3664f4,2026-07-07T20:00:00Z,Switzerland,Colombia,elimination,pinnacle,Pinnacle,2026-07-05T11:29:11Z,h2h,2026-07-05T11:29:11Z,Switzerland,3.59,
a6da973c5749ce60adab77d64b3664f4,2026-07-07T20:00:00Z,Switzerland,Colombia,elimination,pinnacle,Pinnacle,2026-07-05T11:29:11Z,h2h,2026-07-05T11:29:11Z,Draw,3.09,
a6da973c5749ce60adab77d64b3664f4,2026-07-07T20:00:00Z,Switzerland,Colombia,elimination,pinnacle,Pinnacle,2026-07-05T11:29:11Z,spreads,2026-07-05T11:29:11Z,Colombia,1.96,-0.25
a6da973c5749ce60adab77d64b3664f4,2026-07-07T20:00:00Z,Switzerland,Colombia,elimination,pinnacle,Pinnacle,2026-07-05T11:29:11Z,spreads,2026-07-05T11:29:11Z,Switzerland,1.94,0.25
a6da973c5749ce60adab77d64b3664f4,2026-07-07T20:00:00Z,Switzerland,Colombia,elimination,pinnacle,Pinnacle,2026-07-05T11:29:11Z,totals,2026-07-05T11:29:11Z,Over,1.8,2.0
a6da973c5749ce60adab77d64b3664f4,2026-07-07T20:00:00Z,Switzerland,Colombia,elimination,pinnacle,Pinnacle,2026-07-05T11:29:11Z,totals,2026-07-05T11:29:11Z,Under,2.11,2.0
a6da973c5749ce60adab77d64b3664f4,2026-07-07T20:00:00Z,Switzerland,Colombia,elimination,coolbet,Coolbet,2026-07-05T11:21:00Z,h2h,2026-07-05T11:21:00Z,Colombia,2.31,
a6da973c5749ce60adab77d64b3664f4,2026-07-07T20:00:00Z,Switzerland,Colombia,elimination,coolbet,Coolbet,2026-07-05T11:21:00Z,h2h,2026-07-05T11:21:00Z,Switzerland,3.7,
a6da973c5749ce60adab77d64b3664f4,2026-07-07T20:00:00Z,Switzerland,Colombia,elimination,coolbet,Coolbet,2026-07-05T11:21:00Z,h2h,2026-07-05T11:21:00Z,Draw,3.12,
a6da973c5749ce60adab77d64b3664f4,2026-07-07T20:00:00Z,Switzerland,Colombia,elimination,coolbet,Coolbet,2026-07-05T11:21:00Z,totals,2026-07-05T11:21:00Z,Over,1.77,2.0
a6da973c5749ce60adab77d64b3664f4,2026-07-07T20:00:00Z,Switzerland,Colombia,elimination,coolbet,Coolbet,2026-07-05T11:21:00Z,totals,2026-07-05T11:21:00Z,Under,2.12,2.0
a6da973c5749ce60adab77d64b3664f4,2026-07-07T20:00:00Z,Switzerland,Colombia,elimination,betonlineag,BetOnline.ag,2026-07-05T11:28:49Z,h2h,2026-07-05T11:28:49Z,Colombia,2.3,
a6da973c5749ce60adab77d64b3664f4,2026-07-07T20:00:00Z,Switzerland,Colombia,elimination,betonlineag,BetOnline.ag,2026-07-05T11:28:49Z,h2h,2026-07-05T11:28:49Z,Switzerland,3.58,
a6da973c5749ce60adab77d64b3664f4,2026-07-07T20:00:00Z,Switzerland,Colombia,elimination,betonlineag,BetOnline.ag,2026-07-05T11:28:49Z,h2h,2026-07-05T11:28:49Z,Draw,3.12,
a6da973c5749ce60adab77d64b3664f4,2026-07-07T20:00:00Z,Switzerland,Colombia,elimination,betonlineag,BetOnline.ag,2026-07-05T11:28:49Z,spreads,2026-07-05T11:28:49Z,Colombia,2.3,-0.5
a6da973c5749ce60adab77d64b3664f4,2026-07-07T20:00:00Z,Switzerland,Colombia,elimination,betonlineag,BetOnline.ag,2026-07-05T11:28:49Z,spreads,2026-07-05T11:28:49Z,Switzerland,1.68,0.5
a6da973c5749ce60adab77d64b3664f4,2026-07-07T20:00:00Z,Switzerland,Colombia,elimination,betonlineag,BetOnline.ag,2026-07-05T11:28:49Z,totals,2026-07-05T11:28:49Z,Over,1.78,2.0
a6da973c5749ce60adab77d64b3664f4,2026-07-07T20:00:00Z,Switzerland,Colombia,elimination,betonlineag,BetOnline.ag,2026-07-05T11:28:49Z,totals,2026-07-05T11:28:49Z,Under,2.12,2.0
a6da973c5749ce60adab77d64b3664f4,2026-07-07T20:00:00Z,Switzerland,Colombia,elimination,nordicbet,Nordic Bet,2026-07-05T11:28:14Z,h2h,2026-07-05T11:28:14Z,Colombia,2.35,
a6da973c5749ce60adab77d64b3664f4,2026-07-07T20:00:00Z,Switzerland,Colombia,elimination,nordicbet,Nordic Bet,2026-07-05T11:28:14Z,h2h,2026-07-05T11:28:14Z,Switzerland,3.5,
a6da973c5749ce60adab77d64b3664f4,2026-07-07T20:00:00Z,Switzerland,Colombia,elimination,nordicbet,Nordic Bet,2026-07-05T11:28:14Z,h2h,2026-07-05T11:28:14Z,Draw,3.1,
a6da973c5749ce60adab77d64b3664f4,2026-07-07T20:00:00Z,Switzerland,Colombia,elimination,nordicbet,Nordic Bet,2026-07-05T11:28:14Z,totals,2026-07-05T11:28:14Z,Over,2.4,2.5
a6da973c5749ce60adab77d64b3664f4,2026-07-07T20:00:00Z,Switzerland,Colombia,elimination,nordicbet,Nordic Bet,2026-07-05T11:28:14Z,totals,2026-07-05T11:28:14Z,Under,1.6,2.5
a6da973c5749ce60adab77d64b3664f4,2026-07-07T20:00:00Z,Switzerland,Colombia,elimination,betsson,Betsson,2026-07-05T11:28:03Z,h2h,2026-07-05T11:28:03Z,Colombia,2.35,
a6da973c5749ce60adab77d64b3664f4,2026-07-07T20:00:00Z,Switzerland,Colombia,elimination,betsson,Betsson,2026-07-05T11:28:03Z,h2h,2026-07-05T11:28:03Z,Switzerland,3.5,
a6da973c5749ce60adab77d64b3664f4,2026-07-07T20:00:00Z,Switzerland,Colombia,elimination,betsson,Betsson,2026-07-05T11:28:03Z,h2h,2026-07-05T11:28:03Z,Draw,3.1,
a6da973c5749ce60adab77d64b3664f4,2026-07-07T20:00:00Z,Switzerland,Colombia,elimination,betsson,Betsson,2026-07-05T11:28:03Z,totals,2026-07-05T11:28:03Z,Over,2.4,2.5
a6da973c5749ce60adab77d64b3664f4,2026-07-07T20:00:00Z,Switzerland,Colombia,elimination,betsson,Betsson,2026-07-05T11:28:03Z,totals,2026-07-05T11:28:03Z,Under,1.6,2.5
a6da973c5749ce60adab77d64b3664f4,2026-07-07T20:00:00Z,Switzerland,Colombia,elimination,betfair_ex_eu,Betfair,2026-07-05T11:29:12Z,h2h,2026-07-05T11:29:12Z,Colombia,2.34,
a6da973c5749ce60adab77d64b3664f4,2026-07-07T20:00:00Z,Switzerland,Colombia,elimination,betfair_ex_eu,Betfair,2026-07-05T11:29:12Z,h2h,2026-07-05T11:29:12Z,Switzerland,3.75,
a6da973c5749ce60adab77d64b3664f4,2026-07-07T20:00:00Z,Switzerland,Colombia,elimination,betfair_ex_eu,Betfair,2026-07-05T11:29:12Z,h2h,2026-07-05T11:29:12Z,Draw,3.15,
a6da973c5749ce60adab77d64b3664f4,2026-07-07T20:00:00Z,Switzerland,Colombia,elimination,sport888,888sport,2026-07-05T11:28:13Z,h2h,2026-07-05T11:28:13Z,Colombia,2.2,
a6da973c5749ce60adab77d64b3664f4,2026-07-07T20:00:00Z,Switzerland,Colombia,elimination,sport888,888sport,2026-07-05T11:28:13Z,h2h,2026-07-05T11:28:13Z,Switzerland,3.4,
a6da973c5749ce60adab77d64b3664f4,2026-07-07T20:00:00Z,Switzerland,Colombia,elimination,sport888,888sport,2026-07-05T11:28:13Z,h2h,2026-07-05T11:28:13Z,Draw,2.9,
a6da973c5749ce60adab77d64b3664f4,2026-07-07T20:00:00Z,Switzerland,Colombia,elimination,williamhill,William Hill,2026-07-05T11:28:59Z,h2h,2026-07-05T11:28:59Z,Colombia,2.2,
a6da973c5749ce60adab77d64b3664f4,2026-07-07T20:00:00Z,Switzerland,Colombia,elimination,williamhill,William Hill,2026-07-05T11:28:59Z,h2h,2026-07-05T11:28:59Z,Switzerland,3.4,
a6da973c5749ce60adab77d64b3664f4,2026-07-07T20:00:00Z,Switzerland,Colombia,elimination,williamhill,William Hill,2026-07-05T11:28:59Z,h2h,2026-07-05T11:28:59Z,Draw,3.0,
a6da973c5749ce60adab77d64b3664f4,2026-07-07T20:00:00Z,Switzerland,Colombia,elimination,williamhill,William Hill,2026-07-05T11:28:59Z,totals,2026-07-05T11:28:59Z,Over,2.3,2.5
a6da973c5749ce60adab77d64b3664f4,2026-07-07T20:00:00Z,Switzerland,Colombia,elimination,williamhill,William Hill,2026-07-05T11:28:59Z,totals,2026-07-05T11:28:59Z,Under,1.57,2.5
a6da973c5749ce60adab77d64b3664f4,2026-07-07T20:00:00Z,Switzerland,Colombia,elimination,everygame,Everygame,2026-07-05T11:27:17Z,h2h,2026-07-05T11:27:17Z,Colombia,2.3,
a6da973c5749ce60adab77d64b3664f4,2026-07-07T20:00:00Z,Switzerland,Colombia,elimination,everygame,Everygame,2026-07-05T11:27:17Z,h2h,2026-07-05T11:27:17Z,Switzerland,3.5,
a6da973c5749ce60adab77d64b3664f4,2026-07-07T20:00:00Z,Switzerland,Colombia,elimination,everygame,Everygame,2026-07-05T11:27:17Z,h2h,2026-07-05T11:27:17Z,Draw,3.05,
a6da973c5749ce60adab77d64b3664f4,2026-07-07T20:00:00Z,Switzerland,Colombia,elimination,betanysports,BetAnything,2026-07-05T11:28:25Z,h2h,2026-07-05T11:28:25Z,Colombia,2.3,
a6da973c5749ce60adab77d64b3664f4,2026-07-07T20:00:00Z,Switzerland,Colombia,elimination,betanysports,BetAnything,2026-07-05T11:28:25Z,h2h,2026-07-05T11:28:25Z,Switzerland,3.58,
a6da973c5749ce60adab77d64b3664f4,2026-07-07T20:00:00Z,Switzerland,Colombia,elimination,betanysports,BetAnything,2026-07-05T11:28:25Z,h2h,2026-07-05T11:28:25Z,Draw,3.12,
a6da973c5749ce60adab77d64b3664f4,2026-07-07T20:00:00Z,Switzerland,Colombia,elimination,betanysports,BetAnything,2026-07-05T11:28:25Z,spreads,2026-07-05T11:28:25Z,Colombia,2.27,-0.5
a6da973c5749ce60adab77d64b3664f4,2026-07-07T20:00:00Z,Switzerland,Colombia,elimination,betanysports,BetAnything,2026-07-05T11:28:25Z,spreads,2026-07-05T11:28:25Z,Switzerland,1.68,0.5
a6da973c5749ce60adab77d64b3664f4,2026-07-07T20:00:00Z,Switzerland,Colombia,elimination,betanysports,BetAnything,2026-07-05T11:28:25Z,totals,2026-07-05T11:28:25Z,Over,2.4,2.5
a6da973c5749ce60adab77d64b3664f4,2026-07-07T20:00:00Z,Switzerland,Colombia,elimination,betanysports,BetAnything,2026-07-05T11:28:25Z,totals,2026-07-05T11:28:25Z,Under,1.59,2.5
