match,commence_time,logged_at_utc,submission_id,score,actual_score,displayed_probability_pct,hit
Mexico vs South Africa,2026-06-11T19:00:00Z,2026-06-11T00:01:00+00:00,conversation-02-mexico,1-0,2-0,10.0,0
Mexico vs South Africa,2026-06-11T19:00:00Z,2026-06-11T00:01:00+00:00,conversation-02-mexico,2-0,2-0,26.0,1
Mexico vs South Africa,2026-06-11T19:00:00Z,2026-06-11T00:01:00+00:00,conversation-02-mexico,2-1,2-0,25.0,0
Mexico vs South Africa,2026-06-11T19:00:00Z,2026-06-11T00:01:00+00:00,conversation-02-mexico,3-0,2-0,6.0,0
Mexico vs South Africa,2026-06-11T19:00:00Z,2026-06-11T00:01:00+00:00,conversation-02-mexico,3-1,2-0,9.0,0
Mexico vs South Africa,2026-06-11T19:00:00Z,2026-06-11T00:01:00+00:00,conversation-02-mexico,3-2,2-0,3.0,0
Mexico vs South Africa,2026-06-11T19:00:00Z,2026-06-11T00:01:00+00:00,conversation-02-mexico,4-0,2-0,7.0,0
Mexico vs South Africa,2026-06-11T19:00:00Z,2026-06-11T00:01:00+00:00,conversation-02-mexico,4-1,2-0,2.0,0
Mexico vs South Africa,2026-06-11T19:00:00Z,2026-06-11T00:01:00+00:00,conversation-02-mexico,4-2,2-0,0.0,0
Mexico vs South Africa,2026-06-11T19:00:00Z,2026-06-11T00:01:00+00:00,conversation-02-mexico,4-3,2-0,0.0,0
Mexico vs South Africa,2026-06-11T19:00:00Z,2026-06-11T00:01:00+00:00,conversation-02-mexico,5-0,2-0,7.0,0
Mexico vs South Africa,2026-06-11T19:00:00Z,2026-06-11T00:01:00+00:00,conversation-02-mexico,5-1,2-0,0.0,0
Mexico vs South Africa,2026-06-11T19:00:00Z,2026-06-11T00:01:00+00:00,conversation-02-mexico,5-2,2-0,0.0,0
Mexico vs South Africa,2026-06-11T19:00:00Z,2026-06-11T00:01:00+00:00,conversation-02-mexico,5-3,2-0,0.0,0
Mexico vs South Africa,2026-06-11T19:00:00Z,2026-06-11T00:01:00+00:00,conversation-02-mexico,5-4,2-0,0.0,0
Mexico vs South Africa,2026-06-11T19:00:00Z,2026-06-11T00:01:00+00:00,conversation-02-mexico,0-0,2-0,3.0,0
Mexico vs South Africa,2026-06-11T19:00:00Z,2026-06-11T00:01:00+00:00,conversation-02-mexico,1-1,2-0,7.0,0
Mexico vs South Africa,2026-06-11T19:00:00Z,2026-06-11T00:01:00+00:00,conversation-02-mexico,2-2,2-0,2.0,0
Mexico vs South Africa,2026-06-11T19:00:00Z,2026-06-11T00:01:00+00:00,conversation-02-mexico,3-3,2-0,0.0,0
Mexico vs South Africa,2026-06-11T19:00:00Z,2026-06-11T00:01:00+00:00,conversation-02-mexico,4-4,2-0,0.0,0
Mexico vs South Africa,2026-06-11T19:00:00Z,2026-06-11T00:01:00+00:00,conversation-02-mexico,0-1,2-0,7.0,0
Mexico vs South Africa,2026-06-11T19:00:00Z,2026-06-11T00:01:00+00:00,conversation-02-mexico,0-2,2-0,0.0,0
Mexico vs South Africa,2026-06-11T19:00:00Z,2026-06-11T00:01:00+00:00,conversation-02-mexico,1-2,2-0,2.0,0
Mexico vs South Africa,2026-06-11T19:00:00Z,2026-06-11T00:01:00+00:00,conversation-02-mexico,0-3,2-0,0.0,0
Mexico vs South Africa,2026-06-11T19:00:00Z,2026-06-11T00:01:00+00:00,conversation-02-mexico,1-3,2-0,0.0,0
Mexico vs South Africa,2026-06-11T19:00:00Z,2026-06-11T00:01:00+00:00,conversation-02-mexico,2-3,2-0,0.0,0
Mexico vs South Africa,2026-06-11T19:00:00Z,2026-06-11T00:01:00+00:00,conversation-02-mexico,0-4,2-0,0.0,0
Mexico vs South Africa,2026-06-11T19:00:00Z,2026-06-11T00:01:00+00:00,conversation-02-mexico,1-4,2-0,0.0,0
Mexico vs South Africa,2026-06-11T19:00:00Z,2026-06-11T00:01:00+00:00,conversation-02-mexico,2-4,2-0,0.0,0
Mexico vs South Africa,2026-06-11T19:00:00Z,2026-06-11T00:01:00+00:00,conversation-02-mexico,3-4,2-0,0.0,0
Mexico vs South Africa,2026-06-11T19:00:00Z,2026-06-11T00:01:00+00:00,conversation-02-mexico,0-5,2-0,0.0,0
Mexico vs South Africa,2026-06-11T19:00:00Z,2026-06-11T00:01:00+00:00,conversation-02-mexico,1-5,2-0,0.0,0
Mexico vs South Africa,2026-06-11T19:00:00Z,2026-06-11T00:01:00+00:00,conversation-02-mexico,2-5,2-0,0.0,0
Mexico vs South Africa,2026-06-11T19:00:00Z,2026-06-11T00:01:00+00:00,conversation-02-mexico,3-5,2-0,0.0,0
Mexico vs South Africa,2026-06-11T19:00:00Z,2026-06-11T00:01:00+00:00,conversation-02-mexico,4-5,2-0,7.0,0
South Korea vs Czech Republic,2026-06-12T02:00:00Z,2026-06-11T00:02:00+00:00,conversation-03-korea,1-0,2-1,6.0,0
South Korea vs Czech Republic,2026-06-12T02:00:00Z,2026-06-11T00:02:00+00:00,conversation-03-korea,2-0,2-1,3.0,0
South Korea vs Czech Republic,2026-06-12T02:00:00Z,2026-06-11T00:02:00+00:00,conversation-03-korea,2-1,2-1,11.0,1
South Korea vs Czech Republic,2026-06-12T02:00:00Z,2026-06-11T00:02:00+00:00,conversation-03-korea,3-0,2-1,0.0,0
South Korea vs Czech Republic,2026-06-12T02:00:00Z,2026-06-11T00:02:00+00:00,conversation-03-korea,3-1,2-1,1.0,0
South Korea vs Czech Republic,2026-06-12T02:00:00Z,2026-06-11T00:02:00+00:00,conversation-03-korea,3-2,2-1,0.0,0
South Korea vs Czech Republic,2026-06-12T02:00:00Z,2026-06-11T00:02:00+00:00,conversation-03-korea,4-0,2-1,0.0,0
South Korea vs Czech Republic,2026-06-12T02:00:00Z,2026-06-11T00:02:00+00:00,conversation-03-korea,4-1,2-1,0.0,0
South Korea vs Czech Republic,2026-06-12T02:00:00Z,2026-06-11T00:02:00+00:00,conversation-03-korea,4-2,2-1,0.0,0
South Korea vs Czech Republic,2026-06-12T02:00:00Z,2026-06-11T00:02:00+00:00,conversation-03-korea,4-3,2-1,0.0,0
South Korea vs Czech Republic,2026-06-12T02:00:00Z,2026-06-11T00:02:00+00:00,conversation-03-korea,5-0,2-1,0.0,0
South Korea vs Czech Republic,2026-06-12T02:00:00Z,2026-06-11T00:02:00+00:00,conversation-03-korea,5-1,2-1,0.0,0
South Korea vs Czech Republic,2026-06-12T02:00:00Z,2026-06-11T00:02:00+00:00,conversation-03-korea,5-2,2-1,0.0,0
South Korea vs Czech Republic,2026-06-12T02:00:00Z,2026-06-11T00:02:00+00:00,conversation-03-korea,5-3,2-1,0.0,0
South Korea vs Czech Republic,2026-06-12T02:00:00Z,2026-06-11T00:02:00+00:00,conversation-03-korea,5-4,2-1,0.0,0
South Korea vs Czech Republic,2026-06-12T02:00:00Z,2026-06-11T00:02:00+00:00,conversation-03-korea,0-0,2-1,11.0,0
South Korea vs Czech Republic,2026-06-12T02:00:00Z,2026-06-11T00:02:00+00:00,conversation-03-korea,1-1,2-1,34.0,0
South Korea vs Czech Republic,2026-06-12T02:00:00Z,2026-06-11T00:02:00+00:00,conversation-03-korea,2-2,2-1,11.0,0
South Korea vs Czech Republic,2026-06-12T02:00:00Z,2026-06-11T00:02:00+00:00,conversation-03-korea,3-3,2-1,1.0,0
South Korea vs Czech Republic,2026-06-12T02:00:00Z,2026-06-11T00:02:00+00:00,conversation-03-korea,4-4,2-1,0.0,0
South Korea vs Czech Republic,2026-06-12T02:00:00Z,2026-06-11T00:02:00+00:00,conversation-03-korea,0-1,2-1,4.0,0
South Korea vs Czech Republic,2026-06-12T02:00:00Z,2026-06-11T00:02:00+00:00,conversation-03-korea,0-2,2-1,2.0,0
South Korea vs Czech Republic,2026-06-12T02:00:00Z,2026-06-11T00:02:00+00:00,conversation-03-korea,1-2,2-1,11.0,0
South Korea vs Czech Republic,2026-06-12T02:00:00Z,2026-06-11T00:02:00+00:00,conversation-03-korea,0-3,2-1,0.0,0
South Korea vs Czech Republic,2026-06-12T02:00:00Z,2026-06-11T00:02:00+00:00,conversation-03-korea,1-3,2-1,2.0,0
South Korea vs Czech Republic,2026-06-12T02:00:00Z,2026-06-11T00:02:00+00:00,conversation-03-korea,2-3,2-1,1.0,0
South Korea vs Czech Republic,2026-06-12T02:00:00Z,2026-06-11T00:02:00+00:00,conversation-03-korea,0-4,2-1,0.0,0
South Korea vs Czech Republic,2026-06-12T02:00:00Z,2026-06-11T00:02:00+00:00,conversation-03-korea,1-4,2-1,0.0,0
South Korea vs Czech Republic,2026-06-12T02:00:00Z,2026-06-11T00:02:00+00:00,conversation-03-korea,2-4,2-1,0.0,0
South Korea vs Czech Republic,2026-06-12T02:00:00Z,2026-06-11T00:02:00+00:00,conversation-03-korea,3-4,2-1,0.0,0
South Korea vs Czech Republic,2026-06-12T02:00:00Z,2026-06-11T00:02:00+00:00,conversation-03-korea,0-5,2-1,0.0,0
South Korea vs Czech Republic,2026-06-12T02:00:00Z,2026-06-11T00:02:00+00:00,conversation-03-korea,1-5,2-1,0.0,0
South Korea vs Czech Republic,2026-06-12T02:00:00Z,2026-06-11T00:02:00+00:00,conversation-03-korea,2-5,2-1,0.0,0
South Korea vs Czech Republic,2026-06-12T02:00:00Z,2026-06-11T00:02:00+00:00,conversation-03-korea,3-5,2-1,0.0,0
South Korea vs Czech Republic,2026-06-12T02:00:00Z,2026-06-11T00:02:00+00:00,conversation-03-korea,4-5,2-1,1.0,0
Canada vs Bosnia & Herzegovina,2026-06-12T19:02:00Z,2026-06-11T00:03:00+00:00,conversation-04-canada,1-0,1-1,10.0,0
Canada vs Bosnia & Herzegovina,2026-06-12T19:02:00Z,2026-06-11T00:03:00+00:00,conversation-04-canada,2-0,1-1,11.0,0
Canada vs Bosnia & Herzegovina,2026-06-12T19:02:00Z,2026-06-11T00:03:00+00:00,conversation-04-canada,2-1,1-1,23.0,0
Canada vs Bosnia & Herzegovina,2026-06-12T19:02:00Z,2026-06-11T00:03:00+00:00,conversation-04-canada,3-0,1-1,2.0,0
Canada vs Bosnia & Herzegovina,2026-06-12T19:02:00Z,2026-06-11T00:03:00+00:00,conversation-04-canada,3-1,1-1,4.0,0
Canada vs Bosnia & Herzegovina,2026-06-12T19:02:00Z,2026-06-11T00:03:00+00:00,conversation-04-canada,3-2,1-1,1.0,0
Canada vs Bosnia & Herzegovina,2026-06-12T19:02:00Z,2026-06-11T00:03:00+00:00,conversation-04-canada,4-0,1-1,1.0,0
Canada vs Bosnia & Herzegovina,2026-06-12T19:02:00Z,2026-06-11T00:03:00+00:00,conversation-04-canada,4-1,1-1,1.0,0
Canada vs Bosnia & Herzegovina,2026-06-12T19:02:00Z,2026-06-11T00:03:00+00:00,conversation-04-canada,4-2,1-1,0.0,0
Canada vs Bosnia & Herzegovina,2026-06-12T19:02:00Z,2026-06-11T00:03:00+00:00,conversation-04-canada,4-3,1-1,0.0,0
Canada vs Bosnia & Herzegovina,2026-06-12T19:02:00Z,2026-06-11T00:03:00+00:00,conversation-04-canada,5-0,1-1,0.0,0
Canada vs Bosnia & Herzegovina,2026-06-12T19:02:00Z,2026-06-11T00:03:00+00:00,conversation-04-canada,5-1,1-1,0.0,0
Canada vs Bosnia & Herzegovina,2026-06-12T19:02:00Z,2026-06-11T00:03:00+00:00,conversation-04-canada,5-2,1-1,0.0,0
Canada vs Bosnia & Herzegovina,2026-06-12T19:02:00Z,2026-06-11T00:03:00+00:00,conversation-04-canada,5-3,1-1,0.0,0
Canada vs Bosnia & Herzegovina,2026-06-12T19:02:00Z,2026-06-11T00:03:00+00:00,conversation-04-canada,5-4,1-1,0.0,0
Canada vs Bosnia & Herzegovina,2026-06-12T19:02:00Z,2026-06-11T00:03:00+00:00,conversation-04-canada,0-0,1-1,19.0,0
Canada vs Bosnia & Herzegovina,2026-06-12T19:02:00Z,2026-06-11T00:03:00+00:00,conversation-04-canada,1-1,1-1,13.0,1
Canada vs Bosnia & Herzegovina,2026-06-12T19:02:00Z,2026-06-11T00:03:00+00:00,conversation-04-canada,2-2,1-1,3.0,0
Canada vs Bosnia & Herzegovina,2026-06-12T19:02:00Z,2026-06-11T00:03:00+00:00,conversation-04-canada,3-3,1-1,0.0,0
Canada vs Bosnia & Herzegovina,2026-06-12T19:02:00Z,2026-06-11T00:03:00+00:00,conversation-04-canada,4-4,1-1,0.0,0
Canada vs Bosnia & Herzegovina,2026-06-12T19:02:00Z,2026-06-11T00:03:00+00:00,conversation-04-canada,0-1,1-1,2.0,0
Canada vs Bosnia & Herzegovina,2026-06-12T19:02:00Z,2026-06-11T00:03:00+00:00,conversation-04-canada,0-2,1-1,1.0,0
Canada vs Bosnia & Herzegovina,2026-06-12T19:02:00Z,2026-06-11T00:03:00+00:00,conversation-04-canada,1-2,1-1,6.0,0
Canada vs Bosnia & Herzegovina,2026-06-12T19:02:00Z,2026-06-11T00:03:00+00:00,conversation-04-canada,0-3,1-1,0.0,0
Canada vs Bosnia & Herzegovina,2026-06-12T19:02:00Z,2026-06-11T00:03:00+00:00,conversation-04-canada,1-3,1-1,2.0,0
Canada vs Bosnia & Herzegovina,2026-06-12T19:02:00Z,2026-06-11T00:03:00+00:00,conversation-04-canada,2-3,1-1,0.0,0
Canada vs Bosnia & Herzegovina,2026-06-12T19:02:00Z,2026-06-11T00:03:00+00:00,conversation-04-canada,0-4,1-1,0.0,0
Canada vs Bosnia & Herzegovina,2026-06-12T19:02:00Z,2026-06-11T00:03:00+00:00,conversation-04-canada,1-4,1-1,0.0,0
Canada vs Bosnia & Herzegovina,2026-06-12T19:02:00Z,2026-06-11T00:03:00+00:00,conversation-04-canada,2-4,1-1,0.0,0
Canada vs Bosnia & Herzegovina,2026-06-12T19:02:00Z,2026-06-11T00:03:00+00:00,conversation-04-canada,3-4,1-1,0.0,0
Canada vs Bosnia & Herzegovina,2026-06-12T19:02:00Z,2026-06-11T00:03:00+00:00,conversation-04-canada,0-5,1-1,0.0,0
Canada vs Bosnia & Herzegovina,2026-06-12T19:02:00Z,2026-06-11T00:03:00+00:00,conversation-04-canada,1-5,1-1,0.0,0
Canada vs Bosnia & Herzegovina,2026-06-12T19:02:00Z,2026-06-11T00:03:00+00:00,conversation-04-canada,2-5,1-1,0.0,0
Canada vs Bosnia & Herzegovina,2026-06-12T19:02:00Z,2026-06-11T00:03:00+00:00,conversation-04-canada,3-5,1-1,0.0,0
Canada vs Bosnia & Herzegovina,2026-06-12T19:02:00Z,2026-06-11T00:03:00+00:00,conversation-04-canada,4-5,1-1,0.0,0
USA vs Paraguay,2026-06-13T01:02:00Z,2026-06-11T00:04:00+00:00,conversation-05-usa-paraguay,1-0,4-1,16.0,0
USA vs Paraguay,2026-06-13T01:02:00Z,2026-06-11T00:04:00+00:00,conversation-05-usa-paraguay,2-0,4-1,11.0,0
USA vs Paraguay,2026-06-13T01:02:00Z,2026-06-11T00:04:00+00:00,conversation-05-usa-paraguay,2-1,4-1,29.0,0
USA vs Paraguay,2026-06-13T01:02:00Z,2026-06-11T00:04:00+00:00,conversation-05-usa-paraguay,3-0,4-1,2.0,0
USA vs Paraguay,2026-06-13T01:02:00Z,2026-06-11T00:04:00+00:00,conversation-05-usa-paraguay,3-1,4-1,7.0,0
USA vs Paraguay,2026-06-13T01:02:00Z,2026-06-11T00:04:00+00:00,conversation-05-usa-paraguay,3-2,4-1,1.0,0
USA vs Paraguay,2026-06-13T01:02:00Z,2026-06-11T00:04:00+00:00,conversation-05-usa-paraguay,4-0,4-1,1.0,0
USA vs Paraguay,2026-06-13T01:02:00Z,2026-06-11T00:04:00+00:00,conversation-05-usa-paraguay,4-1,4-1,1.0,1
USA vs Paraguay,2026-06-13T01:02:00Z,2026-06-11T00:04:00+00:00,conversation-05-usa-paraguay,4-2,4-1,0.0,0
USA vs Paraguay,2026-06-13T01:02:00Z,2026-06-11T00:04:00+00:00,conversation-05-usa-paraguay,4-3,4-1,0.0,0
USA vs Paraguay,2026-06-13T01:02:00Z,2026-06-11T00:04:00+00:00,conversation-05-usa-paraguay,5-0,4-1,0.0,0
USA vs Paraguay,2026-06-13T01:02:00Z,2026-06-11T00:04:00+00:00,conversation-05-usa-paraguay,5-1,4-1,0.0,0
USA vs Paraguay,2026-06-13T01:02:00Z,2026-06-11T00:04:00+00:00,conversation-05-usa-paraguay,5-2,4-1,0.0,0
USA vs Paraguay,2026-06-13T01:02:00Z,2026-06-11T00:04:00+00:00,conversation-05-usa-paraguay,5-3,4-1,0.0,0
USA vs Paraguay,2026-06-13T01:02:00Z,2026-06-11T00:04:00+00:00,conversation-05-usa-paraguay,5-4,4-1,0.0,0
USA vs Paraguay,2026-06-13T01:02:00Z,2026-06-11T00:04:00+00:00,conversation-05-usa-paraguay,0-0,4-1,12.0,0
USA vs Paraguay,2026-06-13T01:02:00Z,2026-06-11T00:04:00+00:00,conversation-05-usa-paraguay,1-1,4-1,10.0,0
USA vs Paraguay,2026-06-13T01:02:00Z,2026-06-11T00:04:00+00:00,conversation-05-usa-paraguay,2-2,4-1,3.0,0
USA vs Paraguay,2026-06-13T01:02:00Z,2026-06-11T00:04:00+00:00,conversation-05-usa-paraguay,3-3,4-1,0.0,0
USA vs Paraguay,2026-06-13T01:02:00Z,2026-06-11T00:04:00+00:00,conversation-05-usa-paraguay,4-4,4-1,0.0,0
USA vs Paraguay,2026-06-13T01:02:00Z,2026-06-11T00:04:00+00:00,conversation-05-usa-paraguay,0-1,4-1,7.0,0
USA vs Paraguay,2026-06-13T01:02:00Z,2026-06-11T00:04:00+00:00,conversation-05-usa-paraguay,0-2,4-1,1.0,0
USA vs Paraguay,2026-06-13T01:02:00Z,2026-06-11T00:04:00+00:00,conversation-05-usa-paraguay,1-2,4-1,2.0,0
USA vs Paraguay,2026-06-13T01:02:00Z,2026-06-11T00:04:00+00:00,conversation-05-usa-paraguay,0-3,4-1,1.0,0
USA vs Paraguay,2026-06-13T01:02:00Z,2026-06-11T00:04:00+00:00,conversation-05-usa-paraguay,1-3,4-1,1.0,0
USA vs Paraguay,2026-06-13T01:02:00Z,2026-06-11T00:04:00+00:00,conversation-05-usa-paraguay,2-3,4-1,0.0,0
USA vs Paraguay,2026-06-13T01:02:00Z,2026-06-11T00:04:00+00:00,conversation-05-usa-paraguay,0-4,4-1,0.0,0
USA vs Paraguay,2026-06-13T01:02:00Z,2026-06-11T00:04:00+00:00,conversation-05-usa-paraguay,1-4,4-1,0.0,0
USA vs Paraguay,2026-06-13T01:02:00Z,2026-06-11T00:04:00+00:00,conversation-05-usa-paraguay,2-4,4-1,0.0,0
USA vs Paraguay,2026-06-13T01:02:00Z,2026-06-11T00:04:00+00:00,conversation-05-usa-paraguay,3-4,4-1,0.0,0
USA vs Paraguay,2026-06-13T01:02:00Z,2026-06-11T00:04:00+00:00,conversation-05-usa-paraguay,0-5,4-1,0.0,0
USA vs Paraguay,2026-06-13T01:02:00Z,2026-06-11T00:04:00+00:00,conversation-05-usa-paraguay,1-5,4-1,0.0,0
USA vs Paraguay,2026-06-13T01:02:00Z,2026-06-11T00:04:00+00:00,conversation-05-usa-paraguay,2-5,4-1,0.0,0
USA vs Paraguay,2026-06-13T01:02:00Z,2026-06-11T00:04:00+00:00,conversation-05-usa-paraguay,3-5,4-1,0.0,0
USA vs Paraguay,2026-06-13T01:02:00Z,2026-06-11T00:04:00+00:00,conversation-05-usa-paraguay,4-5,4-1,0.0,0
Qatar vs Switzerland,2026-06-13T19:04:00Z,2026-06-12T22:39:19+00:00,conversation-10-qatar-switzerland,1-0,1-1,1.0,0
Qatar vs Switzerland,2026-06-13T19:04:00Z,2026-06-12T22:39:19+00:00,conversation-10-qatar-switzerland,2-0,1-1,1.0,0
Qatar vs Switzerland,2026-06-13T19:04:00Z,2026-06-12T22:39:19+00:00,conversation-10-qatar-switzerland,2-1,1-1,1.0,0
Qatar vs Switzerland,2026-06-13T19:04:00Z,2026-06-12T22:39:19+00:00,conversation-10-qatar-switzerland,3-0,1-1,1.0,0
Qatar vs Switzerland,2026-06-13T19:04:00Z,2026-06-12T22:39:19+00:00,conversation-10-qatar-switzerland,3-1,1-1,0.0,0
Qatar vs Switzerland,2026-06-13T19:04:00Z,2026-06-12T22:39:19+00:00,conversation-10-qatar-switzerland,3-2,1-1,0.0,0
Qatar vs Switzerland,2026-06-13T19:04:00Z,2026-06-12T22:39:19+00:00,conversation-10-qatar-switzerland,4-0,1-1,1.0,0
Qatar vs Switzerland,2026-06-13T19:04:00Z,2026-06-12T22:39:19+00:00,conversation-10-qatar-switzerland,4-1,1-1,0.0,0
Qatar vs Switzerland,2026-06-13T19:04:00Z,2026-06-12T22:39:19+00:00,conversation-10-qatar-switzerland,4-2,1-1,0.0,0
Qatar vs Switzerland,2026-06-13T19:04:00Z,2026-06-12T22:39:19+00:00,conversation-10-qatar-switzerland,4-3,1-1,0.0,0
Qatar vs Switzerland,2026-06-13T19:04:00Z,2026-06-12T22:39:19+00:00,conversation-10-qatar-switzerland,5-0,1-1,0.0,0
Qatar vs Switzerland,2026-06-13T19:04:00Z,2026-06-12T22:39:19+00:00,conversation-10-qatar-switzerland,5-1,1-1,0.0,0
Qatar vs Switzerland,2026-06-13T19:04:00Z,2026-06-12T22:39:19+00:00,conversation-10-qatar-switzerland,5-2,1-1,0.0,0
Qatar vs Switzerland,2026-06-13T19:04:00Z,2026-06-12T22:39:19+00:00,conversation-10-qatar-switzerland,5-3,1-1,0.0,0
Qatar vs Switzerland,2026-06-13T19:04:00Z,2026-06-12T22:39:19+00:00,conversation-10-qatar-switzerland,5-4,1-1,0.0,0
Qatar vs Switzerland,2026-06-13T19:04:00Z,2026-06-12T22:39:19+00:00,conversation-10-qatar-switzerland,0-0,1-1,4.0,0
Qatar vs Switzerland,2026-06-13T19:04:00Z,2026-06-12T22:39:19+00:00,conversation-10-qatar-switzerland,1-1,1-1,1.0,1
Qatar vs Switzerland,2026-06-13T19:04:00Z,2026-06-12T22:39:19+00:00,conversation-10-qatar-switzerland,2-2,1-1,0.0,0
Qatar vs Switzerland,2026-06-13T19:04:00Z,2026-06-12T22:39:19+00:00,conversation-10-qatar-switzerland,3-3,1-1,0.0,0
Qatar vs Switzerland,2026-06-13T19:04:00Z,2026-06-12T22:39:19+00:00,conversation-10-qatar-switzerland,4-4,1-1,0.0,0
Qatar vs Switzerland,2026-06-13T19:04:00Z,2026-06-12T22:39:19+00:00,conversation-10-qatar-switzerland,0-1,1-1,4.0,0
Qatar vs Switzerland,2026-06-13T19:04:00Z,2026-06-12T22:39:19+00:00,conversation-10-qatar-switzerland,0-2,1-1,32.0,0
Qatar vs Switzerland,2026-06-13T19:04:00Z,2026-06-12T22:39:19+00:00,conversation-10-qatar-switzerland,1-2,1-1,7.0,0
Qatar vs Switzerland,2026-06-13T19:04:00Z,2026-06-12T22:39:19+00:00,conversation-10-qatar-switzerland,0-3,1-1,27.0,0
Qatar vs Switzerland,2026-06-13T19:04:00Z,2026-06-12T22:39:19+00:00,conversation-10-qatar-switzerland,1-3,1-1,6.0,0
Qatar vs Switzerland,2026-06-13T19:04:00Z,2026-06-12T22:39:19+00:00,conversation-10-qatar-switzerland,2-3,1-1,0.0,0
Qatar vs Switzerland,2026-06-13T19:04:00Z,2026-06-12T22:39:19+00:00,conversation-10-qatar-switzerland,0-4,1-1,7.0,0
Qatar vs Switzerland,2026-06-13T19:04:00Z,2026-06-12T22:39:19+00:00,conversation-10-qatar-switzerland,1-4,1-1,1.0,0
Qatar vs Switzerland,2026-06-13T19:04:00Z,2026-06-12T22:39:19+00:00,conversation-10-qatar-switzerland,2-4,1-1,2.0,0
Qatar vs Switzerland,2026-06-13T19:04:00Z,2026-06-12T22:39:19+00:00,conversation-10-qatar-switzerland,3-4,1-1,0.0,0
Qatar vs Switzerland,2026-06-13T19:04:00Z,2026-06-12T22:39:19+00:00,conversation-10-qatar-switzerland,0-5,1-1,1.0,0
Qatar vs Switzerland,2026-06-13T19:04:00Z,2026-06-12T22:39:19+00:00,conversation-10-qatar-switzerland,1-5,1-1,0.0,0
Qatar vs Switzerland,2026-06-13T19:04:00Z,2026-06-12T22:39:19+00:00,conversation-10-qatar-switzerland,2-5,1-1,0.0,0
Qatar vs Switzerland,2026-06-13T19:04:00Z,2026-06-12T22:39:19+00:00,conversation-10-qatar-switzerland,3-5,1-1,1.0,0
Qatar vs Switzerland,2026-06-13T19:04:00Z,2026-06-12T22:39:19+00:00,conversation-10-qatar-switzerland,4-5,1-1,1.0,0
Brazil vs Morocco,2026-06-13T22:04:00Z,2026-06-12T22:27:34+00:00,conversation-06-brazil-morocco,1-0,1-1,8.0,0
Brazil vs Morocco,2026-06-13T22:04:00Z,2026-06-12T22:27:34+00:00,conversation-06-brazil-morocco,2-0,1-1,7.0,0
Brazil vs Morocco,2026-06-13T22:04:00Z,2026-06-12T22:27:34+00:00,conversation-06-brazil-morocco,2-1,1-1,23.0,0
Brazil vs Morocco,2026-06-13T22:04:00Z,2026-06-12T22:27:34+00:00,conversation-06-brazil-morocco,3-0,1-1,1.0,0
Brazil vs Morocco,2026-06-13T22:04:00Z,2026-06-12T22:27:34+00:00,conversation-06-brazil-morocco,3-1,1-1,6.0,0
Brazil vs Morocco,2026-06-13T22:04:00Z,2026-06-12T22:27:34+00:00,conversation-06-brazil-morocco,3-2,1-1,7.0,0
Brazil vs Morocco,2026-06-13T22:04:00Z,2026-06-12T22:27:34+00:00,conversation-06-brazil-morocco,4-0,1-1,1.0,0
Brazil vs Morocco,2026-06-13T22:04:00Z,2026-06-12T22:27:34+00:00,conversation-06-brazil-morocco,4-1,1-1,1.0,0
Brazil vs Morocco,2026-06-13T22:04:00Z,2026-06-12T22:27:34+00:00,conversation-06-brazil-morocco,4-2,1-1,0.0,0
Brazil vs Morocco,2026-06-13T22:04:00Z,2026-06-12T22:27:34+00:00,conversation-06-brazil-morocco,4-3,1-1,0.0,0
Brazil vs Morocco,2026-06-13T22:04:00Z,2026-06-12T22:27:34+00:00,conversation-06-brazil-morocco,5-0,1-1,0.0,0
Brazil vs Morocco,2026-06-13T22:04:00Z,2026-06-12T22:27:34+00:00,conversation-06-brazil-morocco,5-1,1-1,1.0,0
Brazil vs Morocco,2026-06-13T22:04:00Z,2026-06-12T22:27:34+00:00,conversation-06-brazil-morocco,5-2,1-1,0.0,0
Brazil vs Morocco,2026-06-13T22:04:00Z,2026-06-12T22:27:34+00:00,conversation-06-brazil-morocco,5-3,1-1,0.0,0
Brazil vs Morocco,2026-06-13T22:04:00Z,2026-06-12T22:27:34+00:00,conversation-06-brazil-morocco,5-4,1-1,0.0,0
Brazil vs Morocco,2026-06-13T22:04:00Z,2026-06-12T22:27:34+00:00,conversation-06-brazil-morocco,0-0,1-1,4.0,0
Brazil vs Morocco,2026-06-13T22:04:00Z,2026-06-12T22:27:34+00:00,conversation-06-brazil-morocco,1-1,1-1,9.0,1
Brazil vs Morocco,2026-06-13T22:04:00Z,2026-06-12T22:27:34+00:00,conversation-06-brazil-morocco,2-2,1-1,12.0,0
Brazil vs Morocco,2026-06-13T22:04:00Z,2026-06-12T22:27:34+00:00,conversation-06-brazil-morocco,3-3,1-1,1.0,0
Brazil vs Morocco,2026-06-13T22:04:00Z,2026-06-12T22:27:34+00:00,conversation-06-brazil-morocco,4-4,1-1,1.0,0
Brazil vs Morocco,2026-06-13T22:04:00Z,2026-06-12T22:27:34+00:00,conversation-06-brazil-morocco,0-1,1-1,2.0,0
Brazil vs Morocco,2026-06-13T22:04:00Z,2026-06-12T22:27:34+00:00,conversation-06-brazil-morocco,0-2,1-1,2.0,0
Brazil vs Morocco,2026-06-13T22:04:00Z,2026-06-12T22:27:34+00:00,conversation-06-brazil-morocco,1-2,1-1,15.0,0
Brazil vs Morocco,2026-06-13T22:04:00Z,2026-06-12T22:27:34+00:00,conversation-06-brazil-morocco,0-3,1-1,1.0,0
Brazil vs Morocco,2026-06-13T22:04:00Z,2026-06-12T22:27:34+00:00,conversation-06-brazil-morocco,1-3,1-1,2.0,0
Brazil vs Morocco,2026-06-13T22:04:00Z,2026-06-12T22:27:34+00:00,conversation-06-brazil-morocco,2-3,1-1,2.0,0
Brazil vs Morocco,2026-06-13T22:04:00Z,2026-06-12T22:27:34+00:00,conversation-06-brazil-morocco,0-4,1-1,0.0,0
Brazil vs Morocco,2026-06-13T22:04:00Z,2026-06-12T22:27:34+00:00,conversation-06-brazil-morocco,1-4,1-1,0.0,0
Brazil vs Morocco,2026-06-13T22:04:00Z,2026-06-12T22:27:34+00:00,conversation-06-brazil-morocco,2-4,1-1,0.0,0
Brazil vs Morocco,2026-06-13T22:04:00Z,2026-06-12T22:27:34+00:00,conversation-06-brazil-morocco,3-4,1-1,0.0,0
Brazil vs Morocco,2026-06-13T22:04:00Z,2026-06-12T22:27:34+00:00,conversation-06-brazil-morocco,0-5,1-1,0.0,0
Brazil vs Morocco,2026-06-13T22:04:00Z,2026-06-12T22:27:34+00:00,conversation-06-brazil-morocco,1-5,1-1,0.0,0
Brazil vs Morocco,2026-06-13T22:04:00Z,2026-06-12T22:27:34+00:00,conversation-06-brazil-morocco,2-5,1-1,0.0,0
Brazil vs Morocco,2026-06-13T22:04:00Z,2026-06-12T22:27:34+00:00,conversation-06-brazil-morocco,3-5,1-1,0.0,0
Brazil vs Morocco,2026-06-13T22:04:00Z,2026-06-12T22:27:34+00:00,conversation-06-brazil-morocco,4-5,1-1,0.0,0
Haiti vs Scotland,2026-06-14T01:00:00Z,2026-06-12T22:29:41+00:00,conversation-07-haiti-scotland,1-0,0-1,2.0,0
Haiti vs Scotland,2026-06-14T01:00:00Z,2026-06-12T22:29:41+00:00,conversation-07-haiti-scotland,2-0,0-1,1.0,0
Haiti vs Scotland,2026-06-14T01:00:00Z,2026-06-12T22:29:41+00:00,conversation-07-haiti-scotland,2-1,0-1,2.0,0
Haiti vs Scotland,2026-06-14T01:00:00Z,2026-06-12T22:29:41+00:00,conversation-07-haiti-scotland,3-0,0-1,1.0,0
Haiti vs Scotland,2026-06-14T01:00:00Z,2026-06-12T22:29:41+00:00,conversation-07-haiti-scotland,3-1,0-1,0.0,0
Haiti vs Scotland,2026-06-14T01:00:00Z,2026-06-12T22:29:41+00:00,conversation-07-haiti-scotland,3-2,0-1,0.0,0
Haiti vs Scotland,2026-06-14T01:00:00Z,2026-06-12T22:29:41+00:00,conversation-07-haiti-scotland,4-0,0-1,0.0,0
Haiti vs Scotland,2026-06-14T01:00:00Z,2026-06-12T22:29:41+00:00,conversation-07-haiti-scotland,4-1,0-1,0.0,0
Haiti vs Scotland,2026-06-14T01:00:00Z,2026-06-12T22:29:41+00:00,conversation-07-haiti-scotland,4-2,0-1,0.0,0
Haiti vs Scotland,2026-06-14T01:00:00Z,2026-06-12T22:29:41+00:00,conversation-07-haiti-scotland,4-3,0-1,0.0,0
Haiti vs Scotland,2026-06-14T01:00:00Z,2026-06-12T22:29:41+00:00,conversation-07-haiti-scotland,5-0,0-1,0.0,0
Haiti vs Scotland,2026-06-14T01:00:00Z,2026-06-12T22:29:41+00:00,conversation-07-haiti-scotland,5-1,0-1,0.0,0
Haiti vs Scotland,2026-06-14T01:00:00Z,2026-06-12T22:29:41+00:00,conversation-07-haiti-scotland,5-2,0-1,0.0,0
Haiti vs Scotland,2026-06-14T01:00:00Z,2026-06-12T22:29:41+00:00,conversation-07-haiti-scotland,5-3,0-1,0.0,0
Haiti vs Scotland,2026-06-14T01:00:00Z,2026-06-12T22:29:41+00:00,conversation-07-haiti-scotland,5-4,0-1,0.0,0
Haiti vs Scotland,2026-06-14T01:00:00Z,2026-06-12T22:29:41+00:00,conversation-07-haiti-scotland,0-0,0-1,10.0,0
Haiti vs Scotland,2026-06-14T01:00:00Z,2026-06-12T22:29:41+00:00,conversation-07-haiti-scotland,1-1,0-1,3.0,0
Haiti vs Scotland,2026-06-14T01:00:00Z,2026-06-12T22:29:41+00:00,conversation-07-haiti-scotland,2-2,0-1,0.0,0
Haiti vs Scotland,2026-06-14T01:00:00Z,2026-06-12T22:29:41+00:00,conversation-07-haiti-scotland,3-3,0-1,0.0,0
Haiti vs Scotland,2026-06-14T01:00:00Z,2026-06-12T22:29:41+00:00,conversation-07-haiti-scotland,4-4,0-1,0.0,0
Haiti vs Scotland,2026-06-14T01:00:00Z,2026-06-12T22:29:41+00:00,conversation-07-haiti-scotland,0-1,0-1,7.0,1
Haiti vs Scotland,2026-06-14T01:00:00Z,2026-06-12T22:29:41+00:00,conversation-07-haiti-scotland,0-2,0-1,24.0,0
Haiti vs Scotland,2026-06-14T01:00:00Z,2026-06-12T22:29:41+00:00,conversation-07-haiti-scotland,1-2,0-1,13.0,0
Haiti vs Scotland,2026-06-14T01:00:00Z,2026-06-12T22:29:41+00:00,conversation-07-haiti-scotland,0-3,0-1,20.0,0
Haiti vs Scotland,2026-06-14T01:00:00Z,2026-06-12T22:29:41+00:00,conversation-07-haiti-scotland,1-3,0-1,5.0,0
Haiti vs Scotland,2026-06-14T01:00:00Z,2026-06-12T22:29:41+00:00,conversation-07-haiti-scotland,2-3,0-1,1.0,0
Haiti vs Scotland,2026-06-14T01:00:00Z,2026-06-12T22:29:41+00:00,conversation-07-haiti-scotland,0-4,0-1,4.0,0
Haiti vs Scotland,2026-06-14T01:00:00Z,2026-06-12T22:29:41+00:00,conversation-07-haiti-scotland,1-4,0-1,1.0,0
Haiti vs Scotland,2026-06-14T01:00:00Z,2026-06-12T22:29:41+00:00,conversation-07-haiti-scotland,2-4,0-1,0.0,0
Haiti vs Scotland,2026-06-14T01:00:00Z,2026-06-12T22:29:41+00:00,conversation-07-haiti-scotland,3-4,0-1,0.0,0
Haiti vs Scotland,2026-06-14T01:00:00Z,2026-06-12T22:29:41+00:00,conversation-07-haiti-scotland,0-5,0-1,1.0,0
Haiti vs Scotland,2026-06-14T01:00:00Z,2026-06-12T22:29:41+00:00,conversation-07-haiti-scotland,1-5,0-1,0.0,0
Haiti vs Scotland,2026-06-14T01:00:00Z,2026-06-12T22:29:41+00:00,conversation-07-haiti-scotland,2-5,0-1,0.0,0
Haiti vs Scotland,2026-06-14T01:00:00Z,2026-06-12T22:29:41+00:00,conversation-07-haiti-scotland,3-5,0-1,0.0,0
Haiti vs Scotland,2026-06-14T01:00:00Z,2026-06-12T22:29:41+00:00,conversation-07-haiti-scotland,4-5,0-1,1.0,0
Australia vs Turkey,2026-06-14T04:00:00Z,2026-06-12T22:32:50+00:00,conversation-08-australia-turkey,1-0,2-0,1.0,0
Australia vs Turkey,2026-06-14T04:00:00Z,2026-06-12T22:32:50+00:00,conversation-08-australia-turkey,2-0,2-0,1.0,1
Australia vs Turkey,2026-06-14T04:00:00Z,2026-06-12T22:32:50+00:00,conversation-08-australia-turkey,2-1,2-0,2.0,0
Australia vs Turkey,2026-06-14T04:00:00Z,2026-06-12T22:32:50+00:00,conversation-08-australia-turkey,3-0,2-0,0.0,0
Australia vs Turkey,2026-06-14T04:00:00Z,2026-06-12T22:32:50+00:00,conversation-08-australia-turkey,3-1,2-0,0.0,0
Australia vs Turkey,2026-06-14T04:00:00Z,2026-06-12T22:32:50+00:00,conversation-08-australia-turkey,3-2,2-0,0.0,0
Australia vs Turkey,2026-06-14T04:00:00Z,2026-06-12T22:32:50+00:00,conversation-08-australia-turkey,4-0,2-0,0.0,0
Australia vs Turkey,2026-06-14T04:00:00Z,2026-06-12T22:32:50+00:00,conversation-08-australia-turkey,4-1,2-0,0.0,0
Australia vs Turkey,2026-06-14T04:00:00Z,2026-06-12T22:32:50+00:00,conversation-08-australia-turkey,4-2,2-0,0.0,0
Australia vs Turkey,2026-06-14T04:00:00Z,2026-06-12T22:32:50+00:00,conversation-08-australia-turkey,4-3,2-0,0.0,0
Australia vs Turkey,2026-06-14T04:00:00Z,2026-06-12T22:32:50+00:00,conversation-08-australia-turkey,5-0,2-0,0.0,0
Australia vs Turkey,2026-06-14T04:00:00Z,2026-06-12T22:32:50+00:00,conversation-08-australia-turkey,5-1,2-0,0.0,0
Australia vs Turkey,2026-06-14T04:00:00Z,2026-06-12T22:32:50+00:00,conversation-08-australia-turkey,5-2,2-0,0.0,0
Australia vs Turkey,2026-06-14T04:00:00Z,2026-06-12T22:32:50+00:00,conversation-08-australia-turkey,5-3,2-0,0.0,0
Australia vs Turkey,2026-06-14T04:00:00Z,2026-06-12T22:32:50+00:00,conversation-08-australia-turkey,5-4,2-0,0.0,0
Australia vs Turkey,2026-06-14T04:00:00Z,2026-06-12T22:32:50+00:00,conversation-08-australia-turkey,0-0,2-0,15.0,0
Australia vs Turkey,2026-06-14T04:00:00Z,2026-06-12T22:32:50+00:00,conversation-08-australia-turkey,1-1,2-0,9.0,0
Australia vs Turkey,2026-06-14T04:00:00Z,2026-06-12T22:32:50+00:00,conversation-08-australia-turkey,2-2,2-0,1.0,0
Australia vs Turkey,2026-06-14T04:00:00Z,2026-06-12T22:32:50+00:00,conversation-08-australia-turkey,3-3,2-0,0.0,0
Australia vs Turkey,2026-06-14T04:00:00Z,2026-06-12T22:32:50+00:00,conversation-08-australia-turkey,4-4,2-0,0.0,0
Australia vs Turkey,2026-06-14T04:00:00Z,2026-06-12T22:32:50+00:00,conversation-08-australia-turkey,0-1,2-0,8.0,0
Australia vs Turkey,2026-06-14T04:00:00Z,2026-06-12T22:32:50+00:00,conversation-08-australia-turkey,0-2,2-0,24.0,0
Australia vs Turkey,2026-06-14T04:00:00Z,2026-06-12T22:32:50+00:00,conversation-08-australia-turkey,1-2,2-0,21.0,0
Australia vs Turkey,2026-06-14T04:00:00Z,2026-06-12T22:32:50+00:00,conversation-08-australia-turkey,0-3,2-0,4.0,0
Australia vs Turkey,2026-06-14T04:00:00Z,2026-06-12T22:32:50+00:00,conversation-08-australia-turkey,1-3,2-0,10.0,0
Australia vs Turkey,2026-06-14T04:00:00Z,2026-06-12T22:32:50+00:00,conversation-08-australia-turkey,2-3,2-0,1.0,0
Australia vs Turkey,2026-06-14T04:00:00Z,2026-06-12T22:32:50+00:00,conversation-08-australia-turkey,0-4,2-0,1.0,0
Australia vs Turkey,2026-06-14T04:00:00Z,2026-06-12T22:32:50+00:00,conversation-08-australia-turkey,1-4,2-0,1.0,0
Australia vs Turkey,2026-06-14T04:00:00Z,2026-06-12T22:32:50+00:00,conversation-08-australia-turkey,2-4,2-0,0.0,0
Australia vs Turkey,2026-06-14T04:00:00Z,2026-06-12T22:32:50+00:00,conversation-08-australia-turkey,3-4,2-0,0.0,0
Australia vs Turkey,2026-06-14T04:00:00Z,2026-06-12T22:32:50+00:00,conversation-08-australia-turkey,0-5,2-0,0.0,0
Australia vs Turkey,2026-06-14T04:00:00Z,2026-06-12T22:32:50+00:00,conversation-08-australia-turkey,1-5,2-0,0.0,0
Australia vs Turkey,2026-06-14T04:00:00Z,2026-06-12T22:32:50+00:00,conversation-08-australia-turkey,2-5,2-0,0.0,0
Australia vs Turkey,2026-06-14T04:00:00Z,2026-06-12T22:32:50+00:00,conversation-08-australia-turkey,3-5,2-0,0.0,0
Australia vs Turkey,2026-06-14T04:00:00Z,2026-06-12T22:32:50+00:00,conversation-08-australia-turkey,4-5,2-0,0.0,0
Germany vs Curaçao,2026-06-14T17:01:00Z,2026-06-12T22:37:24+00:00,conversation-09-germany-curacao,1-0,7-1,1.0,0
Germany vs Curaçao,2026-06-14T17:01:00Z,2026-06-12T22:37:24+00:00,conversation-09-germany-curacao,2-0,7-1,7.0,0
Germany vs Curaçao,2026-06-14T17:01:00Z,2026-06-12T22:37:24+00:00,conversation-09-germany-curacao,2-1,7-1,16.0,0
Germany vs Curaçao,2026-06-14T17:01:00Z,2026-06-12T22:37:24+00:00,conversation-09-germany-curacao,3-0,7-1,7.0,0
Germany vs Curaçao,2026-06-14T17:01:00Z,2026-06-12T22:37:24+00:00,conversation-09-germany-curacao,3-1,7-1,2.0,0
Germany vs Curaçao,2026-06-14T17:01:00Z,2026-06-12T22:37:24+00:00,conversation-09-germany-curacao,3-2,7-1,0.0,0
Germany vs Curaçao,2026-06-14T17:01:00Z,2026-06-12T22:37:24+00:00,conversation-09-germany-curacao,4-0,7-1,11.0,0
Germany vs Curaçao,2026-06-14T17:01:00Z,2026-06-12T22:37:24+00:00,conversation-09-germany-curacao,4-1,7-1,4.0,0
Germany vs Curaçao,2026-06-14T17:01:00Z,2026-06-12T22:37:24+00:00,conversation-09-germany-curacao,4-2,7-1,0.0,0
Germany vs Curaçao,2026-06-14T17:01:00Z,2026-06-12T22:37:24+00:00,conversation-09-germany-curacao,4-3,7-1,0.0,0
Germany vs Curaçao,2026-06-14T17:01:00Z,2026-06-12T22:37:24+00:00,conversation-09-germany-curacao,5-0,7-1,10.0,0
Germany vs Curaçao,2026-06-14T17:01:00Z,2026-06-12T22:37:24+00:00,conversation-09-germany-curacao,5-1,7-1,2.0,0
Germany vs Curaçao,2026-06-14T17:01:00Z,2026-06-12T22:37:24+00:00,conversation-09-germany-curacao,5-2,7-1,0.0,0
Germany vs Curaçao,2026-06-14T17:01:00Z,2026-06-12T22:37:24+00:00,conversation-09-germany-curacao,5-3,7-1,0.0,0
Germany vs Curaçao,2026-06-14T17:01:00Z,2026-06-12T22:37:24+00:00,conversation-09-germany-curacao,5-4,7-1,1.0,0
Germany vs Curaçao,2026-06-14T17:01:00Z,2026-06-12T22:37:24+00:00,conversation-09-germany-curacao,0-0,7-1,3.0,0
Germany vs Curaçao,2026-06-14T17:01:00Z,2026-06-12T22:37:24+00:00,conversation-09-germany-curacao,1-1,7-1,0.0,0
Germany vs Curaçao,2026-06-14T17:01:00Z,2026-06-12T22:37:24+00:00,conversation-09-germany-curacao,2-2,7-1,0.0,0
Germany vs Curaçao,2026-06-14T17:01:00Z,2026-06-12T22:37:24+00:00,conversation-09-germany-curacao,3-3,7-1,0.0,0
Germany vs Curaçao,2026-06-14T17:01:00Z,2026-06-12T22:37:24+00:00,conversation-09-germany-curacao,4-4,7-1,0.0,0
Germany vs Curaçao,2026-06-14T17:01:00Z,2026-06-12T22:37:24+00:00,conversation-09-germany-curacao,0-1,7-1,0.0,0
Germany vs Curaçao,2026-06-14T17:01:00Z,2026-06-12T22:37:24+00:00,conversation-09-germany-curacao,0-2,7-1,1.0,0
Germany vs Curaçao,2026-06-14T17:01:00Z,2026-06-12T22:37:24+00:00,conversation-09-germany-curacao,1-2,7-1,1.0,0
Germany vs Curaçao,2026-06-14T17:01:00Z,2026-06-12T22:37:24+00:00,conversation-09-germany-curacao,0-3,7-1,0.0,0
Germany vs Curaçao,2026-06-14T17:01:00Z,2026-06-12T22:37:24+00:00,conversation-09-germany-curacao,1-3,7-1,0.0,0
Germany vs Curaçao,2026-06-14T17:01:00Z,2026-06-12T22:37:24+00:00,conversation-09-germany-curacao,2-3,7-1,0.0,0
Germany vs Curaçao,2026-06-14T17:01:00Z,2026-06-12T22:37:24+00:00,conversation-09-germany-curacao,0-4,7-1,0.0,0
Germany vs Curaçao,2026-06-14T17:01:00Z,2026-06-12T22:37:24+00:00,conversation-09-germany-curacao,1-4,7-1,0.0,0
Germany vs Curaçao,2026-06-14T17:01:00Z,2026-06-12T22:37:24+00:00,conversation-09-germany-curacao,2-4,7-1,0.0,0
Germany vs Curaçao,2026-06-14T17:01:00Z,2026-06-12T22:37:24+00:00,conversation-09-germany-curacao,3-4,7-1,0.0,0
Germany vs Curaçao,2026-06-14T17:01:00Z,2026-06-12T22:37:24+00:00,conversation-09-germany-curacao,0-5,7-1,0.0,0
Germany vs Curaçao,2026-06-14T17:01:00Z,2026-06-12T22:37:24+00:00,conversation-09-germany-curacao,1-5,7-1,0.0,0
Germany vs Curaçao,2026-06-14T17:01:00Z,2026-06-12T22:37:24+00:00,conversation-09-germany-curacao,2-5,7-1,0.0,0
Germany vs Curaçao,2026-06-14T17:01:00Z,2026-06-12T22:37:24+00:00,conversation-09-germany-curacao,3-5,7-1,0.0,0
Germany vs Curaçao,2026-06-14T17:01:00Z,2026-06-12T22:37:24+00:00,conversation-09-germany-curacao,4-5,7-1,0.0,0
Netherlands vs Japan,2026-06-14T20:00:00Z,2026-06-12T22:44:35+00:00,conversation-11-netherlands-japan,1-0,2-2,3.0,0
Netherlands vs Japan,2026-06-14T20:00:00Z,2026-06-12T22:44:35+00:00,conversation-11-netherlands-japan,2-0,2-2,3.0,0
Netherlands vs Japan,2026-06-14T20:00:00Z,2026-06-12T22:44:35+00:00,conversation-11-netherlands-japan,2-1,2-2,23.0,0
Netherlands vs Japan,2026-06-14T20:00:00Z,2026-06-12T22:44:35+00:00,conversation-11-netherlands-japan,3-0,2-2,1.0,0
Netherlands vs Japan,2026-06-14T20:00:00Z,2026-06-12T22:44:35+00:00,conversation-11-netherlands-japan,3-1,2-2,5.0,0
Netherlands vs Japan,2026-06-14T20:00:00Z,2026-06-12T22:44:35+00:00,conversation-11-netherlands-japan,3-2,2-2,1.0,0
Netherlands vs Japan,2026-06-14T20:00:00Z,2026-06-12T22:44:35+00:00,conversation-11-netherlands-japan,4-0,2-2,1.0,0
Netherlands vs Japan,2026-06-14T20:00:00Z,2026-06-12T22:44:35+00:00,conversation-11-netherlands-japan,4-1,2-2,0.0,0
Netherlands vs Japan,2026-06-14T20:00:00Z,2026-06-12T22:44:35+00:00,conversation-11-netherlands-japan,4-2,2-2,0.0,0
Netherlands vs Japan,2026-06-14T20:00:00Z,2026-06-12T22:44:35+00:00,conversation-11-netherlands-japan,4-3,2-2,0.0,0
Netherlands vs Japan,2026-06-14T20:00:00Z,2026-06-12T22:44:35+00:00,conversation-11-netherlands-japan,5-0,2-2,0.0,0
Netherlands vs Japan,2026-06-14T20:00:00Z,2026-06-12T22:44:35+00:00,conversation-11-netherlands-japan,5-1,2-2,0.0,0
Netherlands vs Japan,2026-06-14T20:00:00Z,2026-06-12T22:44:35+00:00,conversation-11-netherlands-japan,5-2,2-2,0.0,0
Netherlands vs Japan,2026-06-14T20:00:00Z,2026-06-12T22:44:35+00:00,conversation-11-netherlands-japan,5-3,2-2,0.0,0
Netherlands vs Japan,2026-06-14T20:00:00Z,2026-06-12T22:44:35+00:00,conversation-11-netherlands-japan,5-4,2-2,0.0,0
Netherlands vs Japan,2026-06-14T20:00:00Z,2026-06-12T22:44:35+00:00,conversation-11-netherlands-japan,0-0,2-2,18.0,0
Netherlands vs Japan,2026-06-14T20:00:00Z,2026-06-12T22:44:35+00:00,conversation-11-netherlands-japan,1-1,2-2,9.0,0
Netherlands vs Japan,2026-06-14T20:00:00Z,2026-06-12T22:44:35+00:00,conversation-11-netherlands-japan,2-2,2-2,8.0,1
Netherlands vs Japan,2026-06-14T20:00:00Z,2026-06-12T22:44:35+00:00,conversation-11-netherlands-japan,3-3,2-2,1.0,0
Netherlands vs Japan,2026-06-14T20:00:00Z,2026-06-12T22:44:35+00:00,conversation-11-netherlands-japan,4-4,2-2,0.0,0
Netherlands vs Japan,2026-06-14T20:00:00Z,2026-06-12T22:44:35+00:00,conversation-11-netherlands-japan,0-1,2-2,3.0,0
Netherlands vs Japan,2026-06-14T20:00:00Z,2026-06-12T22:44:35+00:00,conversation-11-netherlands-japan,0-2,2-2,2.0,0
Netherlands vs Japan,2026-06-14T20:00:00Z,2026-06-12T22:44:35+00:00,conversation-11-netherlands-japan,1-2,2-2,11.0,0
Netherlands vs Japan,2026-06-14T20:00:00Z,2026-06-12T22:44:35+00:00,conversation-11-netherlands-japan,0-3,2-2,1.0,0
Netherlands vs Japan,2026-06-14T20:00:00Z,2026-06-12T22:44:35+00:00,conversation-11-netherlands-japan,1-3,2-2,2.0,0
Netherlands vs Japan,2026-06-14T20:00:00Z,2026-06-12T22:44:35+00:00,conversation-11-netherlands-japan,2-3,2-2,4.0,0
Netherlands vs Japan,2026-06-14T20:00:00Z,2026-06-12T22:44:35+00:00,conversation-11-netherlands-japan,0-4,2-2,0.0,0
Netherlands vs Japan,2026-06-14T20:00:00Z,2026-06-12T22:44:35+00:00,conversation-11-netherlands-japan,1-4,2-2,1.0,0
Netherlands vs Japan,2026-06-14T20:00:00Z,2026-06-12T22:44:35+00:00,conversation-11-netherlands-japan,2-4,2-2,0.0,0
Netherlands vs Japan,2026-06-14T20:00:00Z,2026-06-12T22:44:35+00:00,conversation-11-netherlands-japan,3-4,2-2,0.0,0
Netherlands vs Japan,2026-06-14T20:00:00Z,2026-06-12T22:44:35+00:00,conversation-11-netherlands-japan,0-5,2-2,0.0,0
Netherlands vs Japan,2026-06-14T20:00:00Z,2026-06-12T22:44:35+00:00,conversation-11-netherlands-japan,1-5,2-2,0.0,0
Netherlands vs Japan,2026-06-14T20:00:00Z,2026-06-12T22:44:35+00:00,conversation-11-netherlands-japan,2-5,2-2,0.0,0
Netherlands vs Japan,2026-06-14T20:00:00Z,2026-06-12T22:44:35+00:00,conversation-11-netherlands-japan,3-5,2-2,1.0,0
Netherlands vs Japan,2026-06-14T20:00:00Z,2026-06-12T22:44:35+00:00,conversation-11-netherlands-japan,4-5,2-2,1.0,0
Ivory Coast vs Ecuador,2026-06-14T23:03:00Z,2026-06-14T21:19:05+00:00,conversation-ivory-coast-ecuador-20260614,1-0,1-0,4.0,1
Ivory Coast vs Ecuador,2026-06-14T23:03:00Z,2026-06-14T21:19:05+00:00,conversation-ivory-coast-ecuador-20260614,2-0,1-0,3.0,0
Ivory Coast vs Ecuador,2026-06-14T23:03:00Z,2026-06-14T21:19:05+00:00,conversation-ivory-coast-ecuador-20260614,2-1,1-0,9.0,0
Ivory Coast vs Ecuador,2026-06-14T23:03:00Z,2026-06-14T21:19:05+00:00,conversation-ivory-coast-ecuador-20260614,3-0,1-0,1.0,0
Ivory Coast vs Ecuador,2026-06-14T23:03:00Z,2026-06-14T21:19:05+00:00,conversation-ivory-coast-ecuador-20260614,3-1,1-0,3.0,0
Ivory Coast vs Ecuador,2026-06-14T23:03:00Z,2026-06-14T21:19:05+00:00,conversation-ivory-coast-ecuador-20260614,3-2,1-0,1.0,0
Ivory Coast vs Ecuador,2026-06-14T23:03:00Z,2026-06-14T21:19:05+00:00,conversation-ivory-coast-ecuador-20260614,4-0,1-0,0.0,0
Ivory Coast vs Ecuador,2026-06-14T23:03:00Z,2026-06-14T21:19:05+00:00,conversation-ivory-coast-ecuador-20260614,4-1,1-0,0.0,0
Ivory Coast vs Ecuador,2026-06-14T23:03:00Z,2026-06-14T21:19:05+00:00,conversation-ivory-coast-ecuador-20260614,4-2,1-0,0.0,0
Ivory Coast vs Ecuador,2026-06-14T23:03:00Z,2026-06-14T21:19:05+00:00,conversation-ivory-coast-ecuador-20260614,4-3,1-0,0.0,0
Ivory Coast vs Ecuador,2026-06-14T23:03:00Z,2026-06-14T21:19:05+00:00,conversation-ivory-coast-ecuador-20260614,5-0,1-0,0.0,0
Ivory Coast vs Ecuador,2026-06-14T23:03:00Z,2026-06-14T21:19:05+00:00,conversation-ivory-coast-ecuador-20260614,5-1,1-0,0.0,0
Ivory Coast vs Ecuador,2026-06-14T23:03:00Z,2026-06-14T21:19:05+00:00,conversation-ivory-coast-ecuador-20260614,5-2,1-0,0.0,0
Ivory Coast vs Ecuador,2026-06-14T23:03:00Z,2026-06-14T21:19:05+00:00,conversation-ivory-coast-ecuador-20260614,5-3,1-0,0.0,0
Ivory Coast vs Ecuador,2026-06-14T23:03:00Z,2026-06-14T21:19:05+00:00,conversation-ivory-coast-ecuador-20260614,5-4,1-0,0.0,0
Ivory Coast vs Ecuador,2026-06-14T23:03:00Z,2026-06-14T21:19:05+00:00,conversation-ivory-coast-ecuador-20260614,0-0,1-0,17.0,0
Ivory Coast vs Ecuador,2026-06-14T23:03:00Z,2026-06-14T21:19:05+00:00,conversation-ivory-coast-ecuador-20260614,1-1,1-0,25.0,0
Ivory Coast vs Ecuador,2026-06-14T23:03:00Z,2026-06-14T21:19:05+00:00,conversation-ivory-coast-ecuador-20260614,2-2,1-0,6.0,0
Ivory Coast vs Ecuador,2026-06-14T23:03:00Z,2026-06-14T21:19:05+00:00,conversation-ivory-coast-ecuador-20260614,3-3,1-0,0.0,0
Ivory Coast vs Ecuador,2026-06-14T23:03:00Z,2026-06-14T21:19:05+00:00,conversation-ivory-coast-ecuador-20260614,4-4,1-0,0.0,0
Ivory Coast vs Ecuador,2026-06-14T23:03:00Z,2026-06-14T21:19:05+00:00,conversation-ivory-coast-ecuador-20260614,0-1,1-0,8.0,0
Ivory Coast vs Ecuador,2026-06-14T23:03:00Z,2026-06-14T21:19:05+00:00,conversation-ivory-coast-ecuador-20260614,0-2,1-0,5.0,0
Ivory Coast vs Ecuador,2026-06-14T23:03:00Z,2026-06-14T21:19:05+00:00,conversation-ivory-coast-ecuador-20260614,1-2,1-0,9.0,0
Ivory Coast vs Ecuador,2026-06-14T23:03:00Z,2026-06-14T21:19:05+00:00,conversation-ivory-coast-ecuador-20260614,0-3,1-0,4.0,0
Ivory Coast vs Ecuador,2026-06-14T23:03:00Z,2026-06-14T21:19:05+00:00,conversation-ivory-coast-ecuador-20260614,1-3,1-0,3.0,0
Ivory Coast vs Ecuador,2026-06-14T23:03:00Z,2026-06-14T21:19:05+00:00,conversation-ivory-coast-ecuador-20260614,2-3,1-0,0.0,0
Ivory Coast vs Ecuador,2026-06-14T23:03:00Z,2026-06-14T21:19:05+00:00,conversation-ivory-coast-ecuador-20260614,0-4,1-0,0.0,0
Ivory Coast vs Ecuador,2026-06-14T23:03:00Z,2026-06-14T21:19:05+00:00,conversation-ivory-coast-ecuador-20260614,1-4,1-0,0.0,0
Ivory Coast vs Ecuador,2026-06-14T23:03:00Z,2026-06-14T21:19:05+00:00,conversation-ivory-coast-ecuador-20260614,2-4,1-0,0.0,0
Ivory Coast vs Ecuador,2026-06-14T23:03:00Z,2026-06-14T21:19:05+00:00,conversation-ivory-coast-ecuador-20260614,3-4,1-0,0.0,0
Ivory Coast vs Ecuador,2026-06-14T23:03:00Z,2026-06-14T21:19:05+00:00,conversation-ivory-coast-ecuador-20260614,0-5,1-0,0.0,0
Ivory Coast vs Ecuador,2026-06-14T23:03:00Z,2026-06-14T21:19:05+00:00,conversation-ivory-coast-ecuador-20260614,1-5,1-0,0.0,0
Ivory Coast vs Ecuador,2026-06-14T23:03:00Z,2026-06-14T21:19:05+00:00,conversation-ivory-coast-ecuador-20260614,2-5,1-0,0.0,0
Ivory Coast vs Ecuador,2026-06-14T23:03:00Z,2026-06-14T21:19:05+00:00,conversation-ivory-coast-ecuador-20260614,3-5,1-0,0.0,0
Ivory Coast vs Ecuador,2026-06-14T23:03:00Z,2026-06-14T21:19:05+00:00,conversation-ivory-coast-ecuador-20260614,4-5,1-0,1.0,0
Sweden vs Tunisia,2026-06-15T02:00:00Z,2026-06-14T21:22:38+00:00,conversation-sweden-tunisia-20260614,1-0,5-1,21.0,0
Sweden vs Tunisia,2026-06-15T02:00:00Z,2026-06-14T21:22:38+00:00,conversation-sweden-tunisia-20260614,2-0,5-1,24.0,0
Sweden vs Tunisia,2026-06-15T02:00:00Z,2026-06-14T21:22:38+00:00,conversation-sweden-tunisia-20260614,2-1,5-1,14.0,0
Sweden vs Tunisia,2026-06-15T02:00:00Z,2026-06-14T21:22:38+00:00,conversation-sweden-tunisia-20260614,3-0,5-1,4.0,0
Sweden vs Tunisia,2026-06-15T02:00:00Z,2026-06-14T21:22:38+00:00,conversation-sweden-tunisia-20260614,3-1,5-1,11.0,0
Sweden vs Tunisia,2026-06-15T02:00:00Z,2026-06-14T21:22:38+00:00,conversation-sweden-tunisia-20260614,3-2,5-1,1.0,0
Sweden vs Tunisia,2026-06-15T02:00:00Z,2026-06-14T21:22:38+00:00,conversation-sweden-tunisia-20260614,4-0,5-1,1.0,0
Sweden vs Tunisia,2026-06-15T02:00:00Z,2026-06-14T21:22:38+00:00,conversation-sweden-tunisia-20260614,4-1,5-1,0.0,0
Sweden vs Tunisia,2026-06-15T02:00:00Z,2026-06-14T21:22:38+00:00,conversation-sweden-tunisia-20260614,4-2,5-1,0.0,0
Sweden vs Tunisia,2026-06-15T02:00:00Z,2026-06-14T21:22:38+00:00,conversation-sweden-tunisia-20260614,4-3,5-1,0.0,0
Sweden vs Tunisia,2026-06-15T02:00:00Z,2026-06-14T21:22:38+00:00,conversation-sweden-tunisia-20260614,5-0,5-1,0.0,0
Sweden vs Tunisia,2026-06-15T02:00:00Z,2026-06-14T21:22:38+00:00,conversation-sweden-tunisia-20260614,5-1,5-1,0.0,1
Sweden vs Tunisia,2026-06-15T02:00:00Z,2026-06-14T21:22:38+00:00,conversation-sweden-tunisia-20260614,5-2,5-1,0.0,0
Sweden vs Tunisia,2026-06-15T02:00:00Z,2026-06-14T21:22:38+00:00,conversation-sweden-tunisia-20260614,5-3,5-1,0.0,0
Sweden vs Tunisia,2026-06-15T02:00:00Z,2026-06-14T21:22:38+00:00,conversation-sweden-tunisia-20260614,5-4,5-1,0.0,0
Sweden vs Tunisia,2026-06-15T02:00:00Z,2026-06-14T21:22:38+00:00,conversation-sweden-tunisia-20260614,0-0,5-1,8.0,0
Sweden vs Tunisia,2026-06-15T02:00:00Z,2026-06-14T21:22:38+00:00,conversation-sweden-tunisia-20260614,1-1,5-1,7.0,0
Sweden vs Tunisia,2026-06-15T02:00:00Z,2026-06-14T21:22:38+00:00,conversation-sweden-tunisia-20260614,2-2,5-1,2.0,0
Sweden vs Tunisia,2026-06-15T02:00:00Z,2026-06-14T21:22:38+00:00,conversation-sweden-tunisia-20260614,3-3,5-1,0.0,0
Sweden vs Tunisia,2026-06-15T02:00:00Z,2026-06-14T21:22:38+00:00,conversation-sweden-tunisia-20260614,4-4,5-1,0.0,0
Sweden vs Tunisia,2026-06-15T02:00:00Z,2026-06-14T21:22:38+00:00,conversation-sweden-tunisia-20260614,0-1,5-1,2.0,0
Sweden vs Tunisia,2026-06-15T02:00:00Z,2026-06-14T21:22:38+00:00,conversation-sweden-tunisia-20260614,0-2,5-1,1.0,0
Sweden vs Tunisia,2026-06-15T02:00:00Z,2026-06-14T21:22:38+00:00,conversation-sweden-tunisia-20260614,1-2,5-1,2.0,0
Sweden vs Tunisia,2026-06-15T02:00:00Z,2026-06-14T21:22:38+00:00,conversation-sweden-tunisia-20260614,0-3,5-1,0.0,0
Sweden vs Tunisia,2026-06-15T02:00:00Z,2026-06-14T21:22:38+00:00,conversation-sweden-tunisia-20260614,1-3,5-1,0.0,0
Sweden vs Tunisia,2026-06-15T02:00:00Z,2026-06-14T21:22:38+00:00,conversation-sweden-tunisia-20260614,2-3,5-1,0.0,0
Sweden vs Tunisia,2026-06-15T02:00:00Z,2026-06-14T21:22:38+00:00,conversation-sweden-tunisia-20260614,0-4,5-1,0.0,0
Sweden vs Tunisia,2026-06-15T02:00:00Z,2026-06-14T21:22:38+00:00,conversation-sweden-tunisia-20260614,1-4,5-1,0.0,0
Sweden vs Tunisia,2026-06-15T02:00:00Z,2026-06-14T21:22:38+00:00,conversation-sweden-tunisia-20260614,2-4,5-1,0.0,0
Sweden vs Tunisia,2026-06-15T02:00:00Z,2026-06-14T21:22:38+00:00,conversation-sweden-tunisia-20260614,3-4,5-1,0.0,0
Sweden vs Tunisia,2026-06-15T02:00:00Z,2026-06-14T21:22:38+00:00,conversation-sweden-tunisia-20260614,0-5,5-1,0.0,0
Sweden vs Tunisia,2026-06-15T02:00:00Z,2026-06-14T21:22:38+00:00,conversation-sweden-tunisia-20260614,1-5,5-1,0.0,0
Sweden vs Tunisia,2026-06-15T02:00:00Z,2026-06-14T21:22:38+00:00,conversation-sweden-tunisia-20260614,2-5,5-1,0.0,0
Sweden vs Tunisia,2026-06-15T02:00:00Z,2026-06-14T21:22:38+00:00,conversation-sweden-tunisia-20260614,3-5,5-1,0.0,0
Sweden vs Tunisia,2026-06-15T02:00:00Z,2026-06-14T21:22:38+00:00,conversation-sweden-tunisia-20260614,4-5,5-1,1.0,0
Spain vs Cape Verde,2026-06-15T16:01:00Z,2026-06-14T21:24:17+00:00,conversation-spain-cabo-verde-20260614,1-0,0-0,1.0,0
Spain vs Cape Verde,2026-06-15T16:01:00Z,2026-06-14T21:24:17+00:00,conversation-spain-cabo-verde-20260614,2-0,0-0,9.0,0
Spain vs Cape Verde,2026-06-15T16:01:00Z,2026-06-14T21:24:17+00:00,conversation-spain-cabo-verde-20260614,2-1,0-0,3.0,0
Spain vs Cape Verde,2026-06-15T16:01:00Z,2026-06-14T21:24:17+00:00,conversation-spain-cabo-verde-20260614,3-0,0-0,13.0,0
Spain vs Cape Verde,2026-06-15T16:01:00Z,2026-06-14T21:24:17+00:00,conversation-spain-cabo-verde-20260614,3-1,0-0,4.0,0
Spain vs Cape Verde,2026-06-15T16:01:00Z,2026-06-14T21:24:17+00:00,conversation-spain-cabo-verde-20260614,3-2,0-0,0.0,0
Spain vs Cape Verde,2026-06-15T16:01:00Z,2026-06-14T21:24:17+00:00,conversation-spain-cabo-verde-20260614,4-0,0-0,12.0,0
Spain vs Cape Verde,2026-06-15T16:01:00Z,2026-06-14T21:24:17+00:00,conversation-spain-cabo-verde-20260614,4-1,0-0,3.0,0
Spain vs Cape Verde,2026-06-15T16:01:00Z,2026-06-14T21:24:17+00:00,conversation-spain-cabo-verde-20260614,4-2,0-0,0.0,0
Spain vs Cape Verde,2026-06-15T16:01:00Z,2026-06-14T21:24:17+00:00,conversation-spain-cabo-verde-20260614,4-3,0-0,0.0,0
Spain vs Cape Verde,2026-06-15T16:01:00Z,2026-06-14T21:24:17+00:00,conversation-spain-cabo-verde-20260614,5-0,0-0,10.0,0
Spain vs Cape Verde,2026-06-15T16:01:00Z,2026-06-14T21:24:17+00:00,conversation-spain-cabo-verde-20260614,5-1,0-0,3.0,0
Spain vs Cape Verde,2026-06-15T16:01:00Z,2026-06-14T21:24:17+00:00,conversation-spain-cabo-verde-20260614,5-2,0-0,0.0,0
Spain vs Cape Verde,2026-06-15T16:01:00Z,2026-06-14T21:24:17+00:00,conversation-spain-cabo-verde-20260614,5-3,0-0,0.0,0
Spain vs Cape Verde,2026-06-15T16:01:00Z,2026-06-14T21:24:17+00:00,conversation-spain-cabo-verde-20260614,5-4,0-0,0.0,0
Spain vs Cape Verde,2026-06-15T16:01:00Z,2026-06-14T21:24:17+00:00,conversation-spain-cabo-verde-20260614,0-0,0-0,3.0,1
Spain vs Cape Verde,2026-06-15T16:01:00Z,2026-06-14T21:24:17+00:00,conversation-spain-cabo-verde-20260614,1-1,0-0,1.0,0
Spain vs Cape Verde,2026-06-15T16:01:00Z,2026-06-14T21:24:17+00:00,conversation-spain-cabo-verde-20260614,2-2,0-0,0.0,0
Spain vs Cape Verde,2026-06-15T16:01:00Z,2026-06-14T21:24:17+00:00,conversation-spain-cabo-verde-20260614,3-3,0-0,0.0,0
Spain vs Cape Verde,2026-06-15T16:01:00Z,2026-06-14T21:24:17+00:00,conversation-spain-cabo-verde-20260614,4-4,0-0,0.0,0
Spain vs Cape Verde,2026-06-15T16:01:00Z,2026-06-14T21:24:17+00:00,conversation-spain-cabo-verde-20260614,0-1,0-0,1.0,0
Spain vs Cape Verde,2026-06-15T16:01:00Z,2026-06-14T21:24:17+00:00,conversation-spain-cabo-verde-20260614,0-2,0-0,0.0,0
Spain vs Cape Verde,2026-06-15T16:01:00Z,2026-06-14T21:24:17+00:00,conversation-spain-cabo-verde-20260614,1-2,0-0,2.0,0
Spain vs Cape Verde,2026-06-15T16:01:00Z,2026-06-14T21:24:17+00:00,conversation-spain-cabo-verde-20260614,0-3,0-0,0.0,0
Spain vs Cape Verde,2026-06-15T16:01:00Z,2026-06-14T21:24:17+00:00,conversation-spain-cabo-verde-20260614,1-3,0-0,0.0,0
Spain vs Cape Verde,2026-06-15T16:01:00Z,2026-06-14T21:24:17+00:00,conversation-spain-cabo-verde-20260614,2-3,0-0,0.0,0
Spain vs Cape Verde,2026-06-15T16:01:00Z,2026-06-14T21:24:17+00:00,conversation-spain-cabo-verde-20260614,0-4,0-0,0.0,0
Spain vs Cape Verde,2026-06-15T16:01:00Z,2026-06-14T21:24:17+00:00,conversation-spain-cabo-verde-20260614,1-4,0-0,0.0,0
Spain vs Cape Verde,2026-06-15T16:01:00Z,2026-06-14T21:24:17+00:00,conversation-spain-cabo-verde-20260614,2-4,0-0,0.0,0
Spain vs Cape Verde,2026-06-15T16:01:00Z,2026-06-14T21:24:17+00:00,conversation-spain-cabo-verde-20260614,3-4,0-0,0.0,0
Spain vs Cape Verde,2026-06-15T16:01:00Z,2026-06-14T21:24:17+00:00,conversation-spain-cabo-verde-20260614,0-5,0-0,0.0,0
Spain vs Cape Verde,2026-06-15T16:01:00Z,2026-06-14T21:24:17+00:00,conversation-spain-cabo-verde-20260614,1-5,0-0,0.0,0
Spain vs Cape Verde,2026-06-15T16:01:00Z,2026-06-14T21:24:17+00:00,conversation-spain-cabo-verde-20260614,2-5,0-0,0.0,0
Spain vs Cape Verde,2026-06-15T16:01:00Z,2026-06-14T21:24:17+00:00,conversation-spain-cabo-verde-20260614,3-5,0-0,0.0,0
Spain vs Cape Verde,2026-06-15T16:01:00Z,2026-06-14T21:24:17+00:00,conversation-spain-cabo-verde-20260614,4-5,0-0,0.0,0
Belgium vs Egypt,2026-06-15T19:00:00Z,2026-06-14T21:26:09+00:00,conversation-belgium-egypt-20260614,1-0,1-1,7.0,0
Belgium vs Egypt,2026-06-15T19:00:00Z,2026-06-14T21:26:09+00:00,conversation-belgium-egypt-20260614,2-0,1-1,14.0,0
Belgium vs Egypt,2026-06-15T19:00:00Z,2026-06-14T21:26:09+00:00,conversation-belgium-egypt-20260614,2-1,1-1,17.0,0
Belgium vs Egypt,2026-06-15T19:00:00Z,2026-06-14T21:26:09+00:00,conversation-belgium-egypt-20260614,3-0,1-1,14.0,0
Belgium vs Egypt,2026-06-15T19:00:00Z,2026-06-14T21:26:09+00:00,conversation-belgium-egypt-20260614,3-1,1-1,13.0,0
Belgium vs Egypt,2026-06-15T19:00:00Z,2026-06-14T21:26:09+00:00,conversation-belgium-egypt-20260614,3-2,1-1,1.0,0
Belgium vs Egypt,2026-06-15T19:00:00Z,2026-06-14T21:26:09+00:00,conversation-belgium-egypt-20260614,4-0,1-1,7.0,0
Belgium vs Egypt,2026-06-15T19:00:00Z,2026-06-14T21:26:09+00:00,conversation-belgium-egypt-20260614,4-1,1-1,2.0,0
Belgium vs Egypt,2026-06-15T19:00:00Z,2026-06-14T21:26:09+00:00,conversation-belgium-egypt-20260614,4-2,1-1,1.0,0
Belgium vs Egypt,2026-06-15T19:00:00Z,2026-06-14T21:26:09+00:00,conversation-belgium-egypt-20260614,4-3,1-1,0.0,0
Belgium vs Egypt,2026-06-15T19:00:00Z,2026-06-14T21:26:09+00:00,conversation-belgium-egypt-20260614,5-0,1-1,0.0,0
Belgium vs Egypt,2026-06-15T19:00:00Z,2026-06-14T21:26:09+00:00,conversation-belgium-egypt-20260614,5-1,1-1,0.0,0
Belgium vs Egypt,2026-06-15T19:00:00Z,2026-06-14T21:26:09+00:00,conversation-belgium-egypt-20260614,5-2,1-1,0.0,0
Belgium vs Egypt,2026-06-15T19:00:00Z,2026-06-14T21:26:09+00:00,conversation-belgium-egypt-20260614,5-3,1-1,0.0,0
Belgium vs Egypt,2026-06-15T19:00:00Z,2026-06-14T21:26:09+00:00,conversation-belgium-egypt-20260614,5-4,1-1,0.0,0
Belgium vs Egypt,2026-06-15T19:00:00Z,2026-06-14T21:26:09+00:00,conversation-belgium-egypt-20260614,0-0,1-1,12.0,0
Belgium vs Egypt,2026-06-15T19:00:00Z,2026-06-14T21:26:09+00:00,conversation-belgium-egypt-20260614,1-1,1-1,11.0,1
Belgium vs Egypt,2026-06-15T19:00:00Z,2026-06-14T21:26:09+00:00,conversation-belgium-egypt-20260614,2-2,1-1,2.0,0
Belgium vs Egypt,2026-06-15T19:00:00Z,2026-06-14T21:26:09+00:00,conversation-belgium-egypt-20260614,3-3,1-1,0.0,0
Belgium vs Egypt,2026-06-15T19:00:00Z,2026-06-14T21:26:09+00:00,conversation-belgium-egypt-20260614,4-4,1-1,0.0,0
Belgium vs Egypt,2026-06-15T19:00:00Z,2026-06-14T21:26:09+00:00,conversation-belgium-egypt-20260614,0-1,1-1,1.0,0
Belgium vs Egypt,2026-06-15T19:00:00Z,2026-06-14T21:26:09+00:00,conversation-belgium-egypt-20260614,0-2,1-1,1.0,0
Belgium vs Egypt,2026-06-15T19:00:00Z,2026-06-14T21:26:09+00:00,conversation-belgium-egypt-20260614,1-2,1-1,2.0,0
Belgium vs Egypt,2026-06-15T19:00:00Z,2026-06-14T21:26:09+00:00,conversation-belgium-egypt-20260614,0-3,1-1,0.0,0
Belgium vs Egypt,2026-06-15T19:00:00Z,2026-06-14T21:26:09+00:00,conversation-belgium-egypt-20260614,1-3,1-1,0.0,0
Belgium vs Egypt,2026-06-15T19:00:00Z,2026-06-14T21:26:09+00:00,conversation-belgium-egypt-20260614,2-3,1-1,0.0,0
Belgium vs Egypt,2026-06-15T19:00:00Z,2026-06-14T21:26:09+00:00,conversation-belgium-egypt-20260614,0-4,1-1,0.0,0
Belgium vs Egypt,2026-06-15T19:00:00Z,2026-06-14T21:26:09+00:00,conversation-belgium-egypt-20260614,1-4,1-1,0.0,0
Belgium vs Egypt,2026-06-15T19:00:00Z,2026-06-14T21:26:09+00:00,conversation-belgium-egypt-20260614,2-4,1-1,0.0,0
Belgium vs Egypt,2026-06-15T19:00:00Z,2026-06-14T21:26:09+00:00,conversation-belgium-egypt-20260614,3-4,1-1,0.0,0
Belgium vs Egypt,2026-06-15T19:00:00Z,2026-06-14T21:26:09+00:00,conversation-belgium-egypt-20260614,0-5,1-1,0.0,0
Belgium vs Egypt,2026-06-15T19:00:00Z,2026-06-14T21:26:09+00:00,conversation-belgium-egypt-20260614,1-5,1-1,0.0,0
Belgium vs Egypt,2026-06-15T19:00:00Z,2026-06-14T21:26:09+00:00,conversation-belgium-egypt-20260614,2-5,1-1,0.0,0
Belgium vs Egypt,2026-06-15T19:00:00Z,2026-06-14T21:26:09+00:00,conversation-belgium-egypt-20260614,3-5,1-1,0.0,0
Belgium vs Egypt,2026-06-15T19:00:00Z,2026-06-14T21:26:09+00:00,conversation-belgium-egypt-20260614,4-5,1-1,0.0,0
Saudi Arabia vs Uruguay,2026-06-15T22:03:00Z,2026-06-14T21:27:22+00:00,conversation-saudi-arabia-uruguay-20260614,1-0,1-1,2.0,0
Saudi Arabia vs Uruguay,2026-06-15T22:03:00Z,2026-06-14T21:27:22+00:00,conversation-saudi-arabia-uruguay-20260614,2-0,1-1,0.0,0
Saudi Arabia vs Uruguay,2026-06-15T22:03:00Z,2026-06-14T21:27:22+00:00,conversation-saudi-arabia-uruguay-20260614,2-1,1-1,1.0,0
Saudi Arabia vs Uruguay,2026-06-15T22:03:00Z,2026-06-14T21:27:22+00:00,conversation-saudi-arabia-uruguay-20260614,3-0,1-1,0.0,0
Saudi Arabia vs Uruguay,2026-06-15T22:03:00Z,2026-06-14T21:27:22+00:00,conversation-saudi-arabia-uruguay-20260614,3-1,1-1,1.0,0
Saudi Arabia vs Uruguay,2026-06-15T22:03:00Z,2026-06-14T21:27:22+00:00,conversation-saudi-arabia-uruguay-20260614,3-2,1-1,0.0,0
Saudi Arabia vs Uruguay,2026-06-15T22:03:00Z,2026-06-14T21:27:22+00:00,conversation-saudi-arabia-uruguay-20260614,4-0,1-1,0.0,0
Saudi Arabia vs Uruguay,2026-06-15T22:03:00Z,2026-06-14T21:27:22+00:00,conversation-saudi-arabia-uruguay-20260614,4-1,1-1,1.0,0
Saudi Arabia vs Uruguay,2026-06-15T22:03:00Z,2026-06-14T21:27:22+00:00,conversation-saudi-arabia-uruguay-20260614,4-2,1-1,0.0,0
Saudi Arabia vs Uruguay,2026-06-15T22:03:00Z,2026-06-14T21:27:22+00:00,conversation-saudi-arabia-uruguay-20260614,4-3,1-1,0.0,0
Saudi Arabia vs Uruguay,2026-06-15T22:03:00Z,2026-06-14T21:27:22+00:00,conversation-saudi-arabia-uruguay-20260614,5-0,1-1,0.0,0
Saudi Arabia vs Uruguay,2026-06-15T22:03:00Z,2026-06-14T21:27:22+00:00,conversation-saudi-arabia-uruguay-20260614,5-1,1-1,0.0,0
Saudi Arabia vs Uruguay,2026-06-15T22:03:00Z,2026-06-14T21:27:22+00:00,conversation-saudi-arabia-uruguay-20260614,5-2,1-1,0.0,0
Saudi Arabia vs Uruguay,2026-06-15T22:03:00Z,2026-06-14T21:27:22+00:00,conversation-saudi-arabia-uruguay-20260614,5-3,1-1,0.0,0
Saudi Arabia vs Uruguay,2026-06-15T22:03:00Z,2026-06-14T21:27:22+00:00,conversation-saudi-arabia-uruguay-20260614,5-4,1-1,0.0,0
Saudi Arabia vs Uruguay,2026-06-15T22:03:00Z,2026-06-14T21:27:22+00:00,conversation-saudi-arabia-uruguay-20260614,0-0,1-1,36.0,0
Saudi Arabia vs Uruguay,2026-06-15T22:03:00Z,2026-06-14T21:27:22+00:00,conversation-saudi-arabia-uruguay-20260614,1-1,1-1,5.0,1
Saudi Arabia vs Uruguay,2026-06-15T22:03:00Z,2026-06-14T21:27:22+00:00,conversation-saudi-arabia-uruguay-20260614,2-2,1-1,1.0,0
Saudi Arabia vs Uruguay,2026-06-15T22:03:00Z,2026-06-14T21:27:22+00:00,conversation-saudi-arabia-uruguay-20260614,3-3,1-1,0.0,0
Saudi Arabia vs Uruguay,2026-06-15T22:03:00Z,2026-06-14T21:27:22+00:00,conversation-saudi-arabia-uruguay-20260614,4-4,1-1,0.0,0
Saudi Arabia vs Uruguay,2026-06-15T22:03:00Z,2026-06-14T21:27:22+00:00,conversation-saudi-arabia-uruguay-20260614,0-1,1-1,9.0,0
Saudi Arabia vs Uruguay,2026-06-15T22:03:00Z,2026-06-14T21:27:22+00:00,conversation-saudi-arabia-uruguay-20260614,0-2,1-1,18.0,0
Saudi Arabia vs Uruguay,2026-06-15T22:03:00Z,2026-06-14T21:27:22+00:00,conversation-saudi-arabia-uruguay-20260614,1-2,1-1,13.0,0
Saudi Arabia vs Uruguay,2026-06-15T22:03:00Z,2026-06-14T21:27:22+00:00,conversation-saudi-arabia-uruguay-20260614,0-3,1-1,3.0,0
Saudi Arabia vs Uruguay,2026-06-15T22:03:00Z,2026-06-14T21:27:22+00:00,conversation-saudi-arabia-uruguay-20260614,1-3,1-1,5.0,0
Saudi Arabia vs Uruguay,2026-06-15T22:03:00Z,2026-06-14T21:27:22+00:00,conversation-saudi-arabia-uruguay-20260614,2-3,1-1,0.0,0
Saudi Arabia vs Uruguay,2026-06-15T22:03:00Z,2026-06-14T21:27:22+00:00,conversation-saudi-arabia-uruguay-20260614,0-4,1-1,1.0,0
Saudi Arabia vs Uruguay,2026-06-15T22:03:00Z,2026-06-14T21:27:22+00:00,conversation-saudi-arabia-uruguay-20260614,1-4,1-1,1.0,0
Saudi Arabia vs Uruguay,2026-06-15T22:03:00Z,2026-06-14T21:27:22+00:00,conversation-saudi-arabia-uruguay-20260614,2-4,1-1,0.0,0
Saudi Arabia vs Uruguay,2026-06-15T22:03:00Z,2026-06-14T21:27:22+00:00,conversation-saudi-arabia-uruguay-20260614,3-4,1-1,0.0,0
Saudi Arabia vs Uruguay,2026-06-15T22:03:00Z,2026-06-14T21:27:22+00:00,conversation-saudi-arabia-uruguay-20260614,0-5,1-1,1.0,0
Saudi Arabia vs Uruguay,2026-06-15T22:03:00Z,2026-06-14T21:27:22+00:00,conversation-saudi-arabia-uruguay-20260614,1-5,1-1,0.0,0
Saudi Arabia vs Uruguay,2026-06-15T22:03:00Z,2026-06-14T21:27:22+00:00,conversation-saudi-arabia-uruguay-20260614,2-5,1-1,0.0,0
Saudi Arabia vs Uruguay,2026-06-15T22:03:00Z,2026-06-14T21:27:22+00:00,conversation-saudi-arabia-uruguay-20260614,3-5,1-1,0.0,0
Saudi Arabia vs Uruguay,2026-06-15T22:03:00Z,2026-06-14T21:27:22+00:00,conversation-saudi-arabia-uruguay-20260614,4-5,1-1,1.0,0
Iran vs New Zealand,2026-06-16T01:03:00Z,2026-06-14T21:28:17+00:00,conversation-iran-new-zealand-20260614,1-0,2-2,12.0,0
Iran vs New Zealand,2026-06-16T01:03:00Z,2026-06-14T21:28:17+00:00,conversation-iran-new-zealand-20260614,2-0,2-2,13.0,0
Iran vs New Zealand,2026-06-16T01:03:00Z,2026-06-14T21:28:17+00:00,conversation-iran-new-zealand-20260614,2-1,2-2,8.0,0
Iran vs New Zealand,2026-06-16T01:03:00Z,2026-06-14T21:28:17+00:00,conversation-iran-new-zealand-20260614,3-0,2-2,1.0,0
Iran vs New Zealand,2026-06-16T01:03:00Z,2026-06-14T21:28:17+00:00,conversation-iran-new-zealand-20260614,3-1,2-2,2.0,0
Iran vs New Zealand,2026-06-16T01:03:00Z,2026-06-14T21:28:17+00:00,conversation-iran-new-zealand-20260614,3-2,2-2,0.0,0
Iran vs New Zealand,2026-06-16T01:03:00Z,2026-06-14T21:28:17+00:00,conversation-iran-new-zealand-20260614,4-0,2-2,1.0,0
Iran vs New Zealand,2026-06-16T01:03:00Z,2026-06-14T21:28:17+00:00,conversation-iran-new-zealand-20260614,4-1,2-2,1.0,0
Iran vs New Zealand,2026-06-16T01:03:00Z,2026-06-14T21:28:17+00:00,conversation-iran-new-zealand-20260614,4-2,2-2,0.0,0
Iran vs New Zealand,2026-06-16T01:03:00Z,2026-06-14T21:28:17+00:00,conversation-iran-new-zealand-20260614,4-3,2-2,0.0,0
Iran vs New Zealand,2026-06-16T01:03:00Z,2026-06-14T21:28:17+00:00,conversation-iran-new-zealand-20260614,5-0,2-2,0.0,0
Iran vs New Zealand,2026-06-16T01:03:00Z,2026-06-14T21:28:17+00:00,conversation-iran-new-zealand-20260614,5-1,2-2,0.0,0
Iran vs New Zealand,2026-06-16T01:03:00Z,2026-06-14T21:28:17+00:00,conversation-iran-new-zealand-20260614,5-2,2-2,0.0,0
Iran vs New Zealand,2026-06-16T01:03:00Z,2026-06-14T21:28:17+00:00,conversation-iran-new-zealand-20260614,5-3,2-2,0.0,0
Iran vs New Zealand,2026-06-16T01:03:00Z,2026-06-14T21:28:17+00:00,conversation-iran-new-zealand-20260614,5-4,2-2,0.0,0
Iran vs New Zealand,2026-06-16T01:03:00Z,2026-06-14T21:28:17+00:00,conversation-iran-new-zealand-20260614,0-0,2-2,44.0,0
Iran vs New Zealand,2026-06-16T01:03:00Z,2026-06-14T21:28:17+00:00,conversation-iran-new-zealand-20260614,1-1,2-2,7.0,0
Iran vs New Zealand,2026-06-16T01:03:00Z,2026-06-14T21:28:17+00:00,conversation-iran-new-zealand-20260614,2-2,2-2,1.0,1
Iran vs New Zealand,2026-06-16T01:03:00Z,2026-06-14T21:28:17+00:00,conversation-iran-new-zealand-20260614,3-3,2-2,0.0,0
Iran vs New Zealand,2026-06-16T01:03:00Z,2026-06-14T21:28:17+00:00,conversation-iran-new-zealand-20260614,4-4,2-2,0.0,0
Iran vs New Zealand,2026-06-16T01:03:00Z,2026-06-14T21:28:17+00:00,conversation-iran-new-zealand-20260614,0-1,2-2,2.0,0
Iran vs New Zealand,2026-06-16T01:03:00Z,2026-06-14T21:28:17+00:00,conversation-iran-new-zealand-20260614,0-2,2-2,1.0,0
Iran vs New Zealand,2026-06-16T01:03:00Z,2026-06-14T21:28:17+00:00,conversation-iran-new-zealand-20260614,1-2,2-2,2.0,0
Iran vs New Zealand,2026-06-16T01:03:00Z,2026-06-14T21:28:17+00:00,conversation-iran-new-zealand-20260614,0-3,2-2,2.0,0
Iran vs New Zealand,2026-06-16T01:03:00Z,2026-06-14T21:28:17+00:00,conversation-iran-new-zealand-20260614,1-3,2-2,1.0,0
Iran vs New Zealand,2026-06-16T01:03:00Z,2026-06-14T21:28:17+00:00,conversation-iran-new-zealand-20260614,2-3,2-2,0.0,0
Iran vs New Zealand,2026-06-16T01:03:00Z,2026-06-14T21:28:17+00:00,conversation-iran-new-zealand-20260614,0-4,2-2,0.0,0
Iran vs New Zealand,2026-06-16T01:03:00Z,2026-06-14T21:28:17+00:00,conversation-iran-new-zealand-20260614,1-4,2-2,1.0,0
Iran vs New Zealand,2026-06-16T01:03:00Z,2026-06-14T21:28:17+00:00,conversation-iran-new-zealand-20260614,2-4,2-2,0.0,0
Iran vs New Zealand,2026-06-16T01:03:00Z,2026-06-14T21:28:17+00:00,conversation-iran-new-zealand-20260614,3-4,2-2,0.0,0
Iran vs New Zealand,2026-06-16T01:03:00Z,2026-06-14T21:28:17+00:00,conversation-iran-new-zealand-20260614,0-5,2-2,0.0,0
Iran vs New Zealand,2026-06-16T01:03:00Z,2026-06-14T21:28:17+00:00,conversation-iran-new-zealand-20260614,1-5,2-2,0.0,0
Iran vs New Zealand,2026-06-16T01:03:00Z,2026-06-14T21:28:17+00:00,conversation-iran-new-zealand-20260614,2-5,2-2,0.0,0
Iran vs New Zealand,2026-06-16T01:03:00Z,2026-06-14T21:28:17+00:00,conversation-iran-new-zealand-20260614,3-5,2-2,0.0,0
Iran vs New Zealand,2026-06-16T01:03:00Z,2026-06-14T21:28:17+00:00,conversation-iran-new-zealand-20260614,4-5,2-2,0.0,0
France vs Senegal,2026-06-16T19:02:00Z,2026-06-14T21:33:49+00:00,conversation-france-senegal-20260614,1-0,3-1,4.0,0
France vs Senegal,2026-06-16T19:02:00Z,2026-06-14T21:33:49+00:00,conversation-france-senegal-20260614,2-0,3-1,12.0,0
France vs Senegal,2026-06-16T19:02:00Z,2026-06-14T21:33:49+00:00,conversation-france-senegal-20260614,2-1,3-1,23.0,0
France vs Senegal,2026-06-16T19:02:00Z,2026-06-14T21:33:49+00:00,conversation-france-senegal-20260614,3-0,3-1,5.0,0
France vs Senegal,2026-06-16T19:02:00Z,2026-06-14T21:33:49+00:00,conversation-france-senegal-20260614,3-1,3-1,20.0,1
France vs Senegal,2026-06-16T19:02:00Z,2026-06-14T21:33:49+00:00,conversation-france-senegal-20260614,3-2,3-1,7.0,0
France vs Senegal,2026-06-16T19:02:00Z,2026-06-14T21:33:49+00:00,conversation-france-senegal-20260614,4-0,3-1,2.0,0
France vs Senegal,2026-06-16T19:02:00Z,2026-06-14T21:33:49+00:00,conversation-france-senegal-20260614,4-1,3-1,4.0,0
France vs Senegal,2026-06-16T19:02:00Z,2026-06-14T21:33:49+00:00,conversation-france-senegal-20260614,4-2,3-1,1.0,0
France vs Senegal,2026-06-16T19:02:00Z,2026-06-14T21:33:49+00:00,conversation-france-senegal-20260614,4-3,3-1,0.0,0
France vs Senegal,2026-06-16T19:02:00Z,2026-06-14T21:33:49+00:00,conversation-france-senegal-20260614,5-0,3-1,0.0,0
France vs Senegal,2026-06-16T19:02:00Z,2026-06-14T21:33:49+00:00,conversation-france-senegal-20260614,5-1,3-1,0.0,0
France vs Senegal,2026-06-16T19:02:00Z,2026-06-14T21:33:49+00:00,conversation-france-senegal-20260614,5-2,3-1,1.0,0
France vs Senegal,2026-06-16T19:02:00Z,2026-06-14T21:33:49+00:00,conversation-france-senegal-20260614,5-3,3-1,0.0,0
France vs Senegal,2026-06-16T19:02:00Z,2026-06-14T21:33:49+00:00,conversation-france-senegal-20260614,5-4,3-1,0.0,0
France vs Senegal,2026-06-16T19:02:00Z,2026-06-14T21:33:49+00:00,conversation-france-senegal-20260614,0-0,3-1,7.0,0
France vs Senegal,2026-06-16T19:02:00Z,2026-06-14T21:33:49+00:00,conversation-france-senegal-20260614,1-1,3-1,4.0,0
France vs Senegal,2026-06-16T19:02:00Z,2026-06-14T21:33:49+00:00,conversation-france-senegal-20260614,2-2,3-1,3.0,0
France vs Senegal,2026-06-16T19:02:00Z,2026-06-14T21:33:49+00:00,conversation-france-senegal-20260614,3-3,3-1,0.0,0
France vs Senegal,2026-06-16T19:02:00Z,2026-06-14T21:33:49+00:00,conversation-france-senegal-20260614,4-4,3-1,0.0,0
France vs Senegal,2026-06-16T19:02:00Z,2026-06-14T21:33:49+00:00,conversation-france-senegal-20260614,0-1,3-1,2.0,0
France vs Senegal,2026-06-16T19:02:00Z,2026-06-14T21:33:49+00:00,conversation-france-senegal-20260614,0-2,3-1,1.0,0
France vs Senegal,2026-06-16T19:02:00Z,2026-06-14T21:33:49+00:00,conversation-france-senegal-20260614,1-2,3-1,5.0,0
France vs Senegal,2026-06-16T19:02:00Z,2026-06-14T21:33:49+00:00,conversation-france-senegal-20260614,0-3,3-1,0.0,0
France vs Senegal,2026-06-16T19:02:00Z,2026-06-14T21:33:49+00:00,conversation-france-senegal-20260614,1-3,3-1,1.0,0
France vs Senegal,2026-06-16T19:02:00Z,2026-06-14T21:33:49+00:00,conversation-france-senegal-20260614,2-3,3-1,2.0,0
France vs Senegal,2026-06-16T19:02:00Z,2026-06-14T21:33:49+00:00,conversation-france-senegal-20260614,0-4,3-1,0.0,0
France vs Senegal,2026-06-16T19:02:00Z,2026-06-14T21:33:49+00:00,conversation-france-senegal-20260614,1-4,3-1,0.0,0
France vs Senegal,2026-06-16T19:02:00Z,2026-06-14T21:33:49+00:00,conversation-france-senegal-20260614,2-4,3-1,0.0,0
France vs Senegal,2026-06-16T19:02:00Z,2026-06-14T21:33:49+00:00,conversation-france-senegal-20260614,3-4,3-1,0.0,0
France vs Senegal,2026-06-16T19:02:00Z,2026-06-14T21:33:49+00:00,conversation-france-senegal-20260614,0-5,3-1,0.0,0
France vs Senegal,2026-06-16T19:02:00Z,2026-06-14T21:33:49+00:00,conversation-france-senegal-20260614,1-5,3-1,0.0,0
France vs Senegal,2026-06-16T19:02:00Z,2026-06-14T21:33:49+00:00,conversation-france-senegal-20260614,2-5,3-1,0.0,0
France vs Senegal,2026-06-16T19:02:00Z,2026-06-14T21:33:49+00:00,conversation-france-senegal-20260614,3-5,3-1,0.0,0
France vs Senegal,2026-06-16T19:02:00Z,2026-06-14T21:33:49+00:00,conversation-france-senegal-20260614,4-5,3-1,0.0,0
Iraq vs Norway,2026-06-16T22:00:00Z,2026-06-16T21:59:00+00:00,model-injected-iraq-norway-20260617,0-0,1-4,2.3811,0
Iraq vs Norway,2026-06-16T22:00:00Z,2026-06-16T21:59:00+00:00,model-injected-iraq-norway-20260617,0-1,1-4,8.8949,0
Iraq vs Norway,2026-06-16T22:00:00Z,2026-06-16T21:59:00+00:00,model-injected-iraq-norway-20260617,0-2,1-4,19.2228,0
Iraq vs Norway,2026-06-16T22:00:00Z,2026-06-16T21:59:00+00:00,model-injected-iraq-norway-20260617,0-3,1-4,12.8989,0
Iraq vs Norway,2026-06-16T22:00:00Z,2026-06-16T21:59:00+00:00,model-injected-iraq-norway-20260617,0-4,1-4,6.9241,0
Iraq vs Norway,2026-06-16T22:00:00Z,2026-06-16T21:59:00+00:00,model-injected-iraq-norway-20260617,1-0,1-4,0.6183,0
Iraq vs Norway,2026-06-16T22:00:00Z,2026-06-16T21:59:00+00:00,model-injected-iraq-norway-20260617,1-1,1-4,1.7901,0
Iraq vs Norway,2026-06-16T22:00:00Z,2026-06-16T21:59:00+00:00,model-injected-iraq-norway-20260617,1-2,1-4,19.3694,0
Iraq vs Norway,2026-06-16T22:00:00Z,2026-06-16T21:59:00+00:00,model-injected-iraq-norway-20260617,1-3,1-4,8.2789,0
Iraq vs Norway,2026-06-16T22:00:00Z,2026-06-16T21:59:00+00:00,model-injected-iraq-norway-20260617,1-4,1-4,1.8174,1
Iraq vs Norway,2026-06-16T22:00:00Z,2026-06-16T21:59:00+00:00,model-injected-iraq-norway-20260617,2-0,1-4,0.2333,0
Iraq vs Norway,2026-06-16T22:00:00Z,2026-06-16T21:59:00+00:00,model-injected-iraq-norway-20260617,2-1,1-4,0.8781,0
Iraq vs Norway,2026-06-16T22:00:00Z,2026-06-16T21:59:00+00:00,model-injected-iraq-norway-20260617,2-2,1-4,0.7189,0
Iraq vs Norway,2026-06-16T22:00:00Z,2026-06-16T21:59:00+00:00,model-injected-iraq-norway-20260617,2-3,1-4,1.7768,0
Iraq vs Norway,2026-06-16T22:00:00Z,2026-06-16T21:59:00+00:00,model-injected-iraq-norway-20260617,2-4,1-4,0.7728,0
Iraq vs Norway,2026-06-16T22:00:00Z,2026-06-16T21:59:00+00:00,model-injected-iraq-norway-20260617,3-0,1-4,0.0389,0
Iraq vs Norway,2026-06-16T22:00:00Z,2026-06-16T21:59:00+00:00,model-injected-iraq-norway-20260617,3-1,1-4,0.0922,0
Iraq vs Norway,2026-06-16T22:00:00Z,2026-06-16T21:59:00+00:00,model-injected-iraq-norway-20260617,3-2,1-4,0.0958,0
Iraq vs Norway,2026-06-16T22:00:00Z,2026-06-16T21:59:00+00:00,model-injected-iraq-norway-20260617,3-3,1-4,0.0965,0
Iraq vs Norway,2026-06-16T22:00:00Z,2026-06-16T21:59:00+00:00,model-injected-iraq-norway-20260617,3-4,1-4,0.0841,0
Iraq vs Norway,2026-06-16T22:00:00Z,2026-06-16T21:59:00+00:00,model-injected-iraq-norway-20260617,4-0,1-4,0.0067,0
Iraq vs Norway,2026-06-16T22:00:00Z,2026-06-16T21:59:00+00:00,model-injected-iraq-norway-20260617,4-1,1-4,0.0133,0
Iraq vs Norway,2026-06-16T22:00:00Z,2026-06-16T21:59:00+00:00,model-injected-iraq-norway-20260617,4-2,1-4,0.006,0
Iraq vs Norway,2026-06-16T22:00:00Z,2026-06-16T21:59:00+00:00,model-injected-iraq-norway-20260617,4-3,1-4,0.005,0
Iraq vs Norway,2026-06-16T22:00:00Z,2026-06-16T21:59:00+00:00,model-injected-iraq-norway-20260617,4-4,1-4,0.0122,0
Argentina vs Algeria,2026-06-17T01:02:00Z,2026-06-17T00:00:00+00:00,conversation-argentina-algeria-20260617,1-0,3-0,5.0,0
Argentina vs Algeria,2026-06-17T01:02:00Z,2026-06-17T00:00:00+00:00,conversation-argentina-algeria-20260617,2-0,3-0,17.0,0
Argentina vs Algeria,2026-06-17T01:02:00Z,2026-06-17T00:00:00+00:00,conversation-argentina-algeria-20260617,2-1,3-0,15.0,0
Argentina vs Algeria,2026-06-17T01:02:00Z,2026-06-17T00:00:00+00:00,conversation-argentina-algeria-20260617,3-0,3-0,6.0,1
Argentina vs Algeria,2026-06-17T01:02:00Z,2026-06-17T00:00:00+00:00,conversation-argentina-algeria-20260617,3-1,3-0,11.0,0
Argentina vs Algeria,2026-06-17T01:02:00Z,2026-06-17T00:00:00+00:00,conversation-argentina-algeria-20260617,3-2,3-0,3.0,0
Argentina vs Algeria,2026-06-17T01:02:00Z,2026-06-17T00:00:00+00:00,conversation-argentina-algeria-20260617,4-0,3-0,1.0,0
Argentina vs Algeria,2026-06-17T01:02:00Z,2026-06-17T00:00:00+00:00,conversation-argentina-algeria-20260617,4-1,3-0,3.0,0
Argentina vs Algeria,2026-06-17T01:02:00Z,2026-06-17T00:00:00+00:00,conversation-argentina-algeria-20260617,4-2,3-0,2.0,0
Argentina vs Algeria,2026-06-17T01:02:00Z,2026-06-17T00:00:00+00:00,conversation-argentina-algeria-20260617,4-3,3-0,0.0,0
Argentina vs Algeria,2026-06-17T01:02:00Z,2026-06-17T00:00:00+00:00,conversation-argentina-algeria-20260617,5-0,3-0,0.0,0
Argentina vs Algeria,2026-06-17T01:02:00Z,2026-06-17T00:00:00+00:00,conversation-argentina-algeria-20260617,5-1,3-0,1.0,0
Argentina vs Algeria,2026-06-17T01:02:00Z,2026-06-17T00:00:00+00:00,conversation-argentina-algeria-20260617,5-2,3-0,1.0,0
Argentina vs Algeria,2026-06-17T01:02:00Z,2026-06-17T00:00:00+00:00,conversation-argentina-algeria-20260617,5-3,3-0,0.0,0
Argentina vs Algeria,2026-06-17T01:02:00Z,2026-06-17T00:00:00+00:00,conversation-argentina-algeria-20260617,0-0,3-0,4.0,0
Argentina vs Algeria,2026-06-17T01:02:00Z,2026-06-17T00:00:00+00:00,conversation-argentina-algeria-20260617,1-1,3-0,6.0,0
Argentina vs Algeria,2026-06-17T01:02:00Z,2026-06-17T00:00:00+00:00,conversation-argentina-algeria-20260617,2-2,3-0,5.0,0
Argentina vs Algeria,2026-06-17T01:02:00Z,2026-06-17T00:00:00+00:00,conversation-argentina-algeria-20260617,3-3,3-0,1.0,0
Argentina vs Algeria,2026-06-17T01:02:00Z,2026-06-17T00:00:00+00:00,conversation-argentina-algeria-20260617,4-4,3-0,1.0,0
Argentina vs Algeria,2026-06-17T01:02:00Z,2026-06-17T00:00:00+00:00,conversation-argentina-algeria-20260617,0-1,3-0,2.0,0
Argentina vs Algeria,2026-06-17T01:02:00Z,2026-06-17T00:00:00+00:00,conversation-argentina-algeria-20260617,0-2,3-0,1.0,0
Argentina vs Algeria,2026-06-17T01:02:00Z,2026-06-17T00:00:00+00:00,conversation-argentina-algeria-20260617,1-2,3-0,7.0,0
Argentina vs Algeria,2026-06-17T01:02:00Z,2026-06-17T00:00:00+00:00,conversation-argentina-algeria-20260617,0-3,3-0,0.0,0
Argentina vs Algeria,2026-06-17T01:02:00Z,2026-06-17T00:00:00+00:00,conversation-argentina-algeria-20260617,1-3,3-0,1.0,0
Argentina vs Algeria,2026-06-17T01:02:00Z,2026-06-17T00:00:00+00:00,conversation-argentina-algeria-20260617,2-3,3-0,1.0,0
Argentina vs Algeria,2026-06-17T01:02:00Z,2026-06-17T00:00:00+00:00,conversation-argentina-algeria-20260617,0-4,3-0,0.0,0
Argentina vs Algeria,2026-06-17T01:02:00Z,2026-06-17T00:00:00+00:00,conversation-argentina-algeria-20260617,1-4,3-0,1.0,0
Argentina vs Algeria,2026-06-17T01:02:00Z,2026-06-17T00:00:00+00:00,conversation-argentina-algeria-20260617,2-4,3-0,0.0,0
Argentina vs Algeria,2026-06-17T01:02:00Z,2026-06-17T00:00:00+00:00,conversation-argentina-algeria-20260617,3-4,3-0,0.0,0
Argentina vs Algeria,2026-06-17T01:02:00Z,2026-06-17T00:00:00+00:00,conversation-argentina-algeria-20260617,0-5,3-0,1.0,0
Argentina vs Algeria,2026-06-17T01:02:00Z,2026-06-17T00:00:00+00:00,conversation-argentina-algeria-20260617,1-5,3-0,0.0,0
Argentina vs Algeria,2026-06-17T01:02:00Z,2026-06-17T00:00:00+00:00,conversation-argentina-algeria-20260617,2-5,3-0,0.0,0
Argentina vs Algeria,2026-06-17T01:02:00Z,2026-06-17T00:00:00+00:00,conversation-argentina-algeria-20260617,3-5,3-0,1.0,0
Austria vs Jordan,2026-06-17T04:02:00Z,2026-06-17T00:05:00+00:00,conversation-austria-jordan-20260617,1-0,3-1,14.0,0
Austria vs Jordan,2026-06-17T04:02:00Z,2026-06-17T00:05:00+00:00,conversation-austria-jordan-20260617,2-0,3-1,23.0,0
Austria vs Jordan,2026-06-17T04:02:00Z,2026-06-17T00:05:00+00:00,conversation-austria-jordan-20260617,2-1,3-1,10.0,0
Austria vs Jordan,2026-06-17T04:02:00Z,2026-06-17T00:05:00+00:00,conversation-austria-jordan-20260617,3-0,3-1,10.0,0
Austria vs Jordan,2026-06-17T04:02:00Z,2026-06-17T00:05:00+00:00,conversation-austria-jordan-20260617,3-1,3-1,4.0,1
Austria vs Jordan,2026-06-17T04:02:00Z,2026-06-17T00:05:00+00:00,conversation-austria-jordan-20260617,3-2,3-1,3.0,0
Austria vs Jordan,2026-06-17T04:02:00Z,2026-06-17T00:05:00+00:00,conversation-austria-jordan-20260617,4-0,3-1,3.0,0
Austria vs Jordan,2026-06-17T04:02:00Z,2026-06-17T00:05:00+00:00,conversation-austria-jordan-20260617,4-1,3-1,1.0,0
Austria vs Jordan,2026-06-17T04:02:00Z,2026-06-17T00:05:00+00:00,conversation-austria-jordan-20260617,4-2,3-1,2.0,0
Austria vs Jordan,2026-06-17T04:02:00Z,2026-06-17T00:05:00+00:00,conversation-austria-jordan-20260617,4-3,3-1,0.0,0
Austria vs Jordan,2026-06-17T04:02:00Z,2026-06-17T00:05:00+00:00,conversation-austria-jordan-20260617,5-0,3-1,1.0,0
Austria vs Jordan,2026-06-17T04:02:00Z,2026-06-17T00:05:00+00:00,conversation-austria-jordan-20260617,5-1,3-1,1.0,0
Austria vs Jordan,2026-06-17T04:02:00Z,2026-06-17T00:05:00+00:00,conversation-austria-jordan-20260617,5-2,3-1,0.0,0
Austria vs Jordan,2026-06-17T04:02:00Z,2026-06-17T00:05:00+00:00,conversation-austria-jordan-20260617,5-3,3-1,2.0,0
Austria vs Jordan,2026-06-17T04:02:00Z,2026-06-17T00:05:00+00:00,conversation-austria-jordan-20260617,5-4,3-1,2.0,0
Austria vs Jordan,2026-06-17T04:02:00Z,2026-06-17T00:05:00+00:00,conversation-austria-jordan-20260617,0-0,3-1,5.0,0
Austria vs Jordan,2026-06-17T04:02:00Z,2026-06-17T00:05:00+00:00,conversation-austria-jordan-20260617,1-1,3-1,4.0,0
Austria vs Jordan,2026-06-17T04:02:00Z,2026-06-17T00:05:00+00:00,conversation-austria-jordan-20260617,2-2,3-1,2.0,0
Austria vs Jordan,2026-06-17T04:02:00Z,2026-06-17T00:05:00+00:00,conversation-austria-jordan-20260617,3-3,3-1,2.0,0
Austria vs Jordan,2026-06-17T04:02:00Z,2026-06-17T00:05:00+00:00,conversation-austria-jordan-20260617,4-4,3-1,0.0,0
Austria vs Jordan,2026-06-17T04:02:00Z,2026-06-17T00:05:00+00:00,conversation-austria-jordan-20260617,0-1,3-1,2.0,0
Austria vs Jordan,2026-06-17T04:02:00Z,2026-06-17T00:05:00+00:00,conversation-austria-jordan-20260617,0-2,3-1,1.0,0
Austria vs Jordan,2026-06-17T04:02:00Z,2026-06-17T00:05:00+00:00,conversation-austria-jordan-20260617,1-2,3-1,2.0,0
Austria vs Jordan,2026-06-17T04:02:00Z,2026-06-17T00:05:00+00:00,conversation-austria-jordan-20260617,0-3,3-1,0.0,0
Austria vs Jordan,2026-06-17T04:02:00Z,2026-06-17T00:05:00+00:00,conversation-austria-jordan-20260617,1-3,3-1,0.0,0
Austria vs Jordan,2026-06-17T04:02:00Z,2026-06-17T00:05:00+00:00,conversation-austria-jordan-20260617,2-3,3-1,0.0,0
Austria vs Jordan,2026-06-17T04:02:00Z,2026-06-17T00:05:00+00:00,conversation-austria-jordan-20260617,0-4,3-1,0.0,0
Austria vs Jordan,2026-06-17T04:02:00Z,2026-06-17T00:05:00+00:00,conversation-austria-jordan-20260617,1-4,3-1,0.0,0
Austria vs Jordan,2026-06-17T04:02:00Z,2026-06-17T00:05:00+00:00,conversation-austria-jordan-20260617,2-4,3-1,0.0,0
Austria vs Jordan,2026-06-17T04:02:00Z,2026-06-17T00:05:00+00:00,conversation-austria-jordan-20260617,3-4,3-1,0.0,0
Austria vs Jordan,2026-06-17T04:02:00Z,2026-06-17T00:05:00+00:00,conversation-austria-jordan-20260617,0-5,3-1,1.0,0
Austria vs Jordan,2026-06-17T04:02:00Z,2026-06-17T00:05:00+00:00,conversation-austria-jordan-20260617,1-5,3-1,0.0,0
Austria vs Jordan,2026-06-17T04:02:00Z,2026-06-17T00:05:00+00:00,conversation-austria-jordan-20260617,2-5,3-1,0.0,0
Austria vs Jordan,2026-06-17T04:02:00Z,2026-06-17T00:05:00+00:00,conversation-austria-jordan-20260617,3-5,3-1,1.0,0
Austria vs Jordan,2026-06-17T04:02:00Z,2026-06-17T00:05:00+00:00,conversation-austria-jordan-20260617,4-5,3-1,1.0,0
Portugal vs DR Congo,2026-06-17T17:01:00Z,2026-06-17T00:10:00+00:00,conversation-portugal-rd-congo-20260617,1-0,1-1,4.0,0
Portugal vs DR Congo,2026-06-17T17:01:00Z,2026-06-17T00:10:00+00:00,conversation-portugal-rd-congo-20260617,2-0,1-1,17.0,0
Portugal vs DR Congo,2026-06-17T17:01:00Z,2026-06-17T00:10:00+00:00,conversation-portugal-rd-congo-20260617,2-1,1-1,8.0,0
Portugal vs DR Congo,2026-06-17T17:01:00Z,2026-06-17T00:10:00+00:00,conversation-portugal-rd-congo-20260617,3-0,1-1,23.0,0
Portugal vs DR Congo,2026-06-17T17:01:00Z,2026-06-17T00:10:00+00:00,conversation-portugal-rd-congo-20260617,3-1,1-1,12.0,0
Portugal vs DR Congo,2026-06-17T17:01:00Z,2026-06-17T00:10:00+00:00,conversation-portugal-rd-congo-20260617,3-2,1-1,1.0,0
Portugal vs DR Congo,2026-06-17T17:01:00Z,2026-06-17T00:10:00+00:00,conversation-portugal-rd-congo-20260617,4-0,1-1,7.0,0
Portugal vs DR Congo,2026-06-17T17:01:00Z,2026-06-17T00:10:00+00:00,conversation-portugal-rd-congo-20260617,4-1,1-1,5.0,0
Portugal vs DR Congo,2026-06-17T17:01:00Z,2026-06-17T00:10:00+00:00,conversation-portugal-rd-congo-20260617,4-2,1-1,0.0,0
Portugal vs DR Congo,2026-06-17T17:01:00Z,2026-06-17T00:10:00+00:00,conversation-portugal-rd-congo-20260617,4-3,1-1,0.0,0
Portugal vs DR Congo,2026-06-17T17:01:00Z,2026-06-17T00:10:00+00:00,conversation-portugal-rd-congo-20260617,5-0,1-1,2.0,0
Portugal vs DR Congo,2026-06-17T17:01:00Z,2026-06-17T00:10:00+00:00,conversation-portugal-rd-congo-20260617,5-1,1-1,1.0,0
Portugal vs DR Congo,2026-06-17T17:01:00Z,2026-06-17T00:10:00+00:00,conversation-portugal-rd-congo-20260617,5-2,1-1,0.0,0
Portugal vs DR Congo,2026-06-17T17:01:00Z,2026-06-17T00:10:00+00:00,conversation-portugal-rd-congo-20260617,5-3,1-1,0.0,0
Portugal vs DR Congo,2026-06-17T17:01:00Z,2026-06-17T00:10:00+00:00,conversation-portugal-rd-congo-20260617,5-4,1-1,0.0,0
Portugal vs DR Congo,2026-06-17T17:01:00Z,2026-06-17T00:10:00+00:00,conversation-portugal-rd-congo-20260617,0-0,1-1,6.0,0
Portugal vs DR Congo,2026-06-17T17:01:00Z,2026-06-17T00:10:00+00:00,conversation-portugal-rd-congo-20260617,1-1,1-1,2.0,1
Portugal vs DR Congo,2026-06-17T17:01:00Z,2026-06-17T00:10:00+00:00,conversation-portugal-rd-congo-20260617,2-2,1-1,1.0,0
Portugal vs DR Congo,2026-06-17T17:01:00Z,2026-06-17T00:10:00+00:00,conversation-portugal-rd-congo-20260617,3-3,1-1,0.0,0
Portugal vs DR Congo,2026-06-17T17:01:00Z,2026-06-17T00:10:00+00:00,conversation-portugal-rd-congo-20260617,4-4,1-1,0.0,0
Portugal vs DR Congo,2026-06-17T17:01:00Z,2026-06-17T00:10:00+00:00,conversation-portugal-rd-congo-20260617,0-1,1-1,2.0,0
Portugal vs DR Congo,2026-06-17T17:01:00Z,2026-06-17T00:10:00+00:00,conversation-portugal-rd-congo-20260617,0-2,1-1,1.0,0
Portugal vs DR Congo,2026-06-17T17:01:00Z,2026-06-17T00:10:00+00:00,conversation-portugal-rd-congo-20260617,1-2,1-1,1.0,0
Portugal vs DR Congo,2026-06-17T17:01:00Z,2026-06-17T00:10:00+00:00,conversation-portugal-rd-congo-20260617,0-3,1-1,0.0,0
Portugal vs DR Congo,2026-06-17T17:01:00Z,2026-06-17T00:10:00+00:00,conversation-portugal-rd-congo-20260617,1-3,1-1,0.0,0
Portugal vs DR Congo,2026-06-17T17:01:00Z,2026-06-17T00:10:00+00:00,conversation-portugal-rd-congo-20260617,2-3,1-1,0.0,0
Portugal vs DR Congo,2026-06-17T17:01:00Z,2026-06-17T00:10:00+00:00,conversation-portugal-rd-congo-20260617,0-4,1-1,0.0,0
Portugal vs DR Congo,2026-06-17T17:01:00Z,2026-06-17T00:10:00+00:00,conversation-portugal-rd-congo-20260617,1-4,1-1,0.0,0
Portugal vs DR Congo,2026-06-17T17:01:00Z,2026-06-17T00:10:00+00:00,conversation-portugal-rd-congo-20260617,2-4,1-1,0.0,0
Portugal vs DR Congo,2026-06-17T17:01:00Z,2026-06-17T00:10:00+00:00,conversation-portugal-rd-congo-20260617,3-4,1-1,0.0,0
Portugal vs DR Congo,2026-06-17T17:01:00Z,2026-06-17T00:10:00+00:00,conversation-portugal-rd-congo-20260617,0-5,1-1,0.0,0
Portugal vs DR Congo,2026-06-17T17:01:00Z,2026-06-17T00:10:00+00:00,conversation-portugal-rd-congo-20260617,1-5,1-1,0.0,0
Portugal vs DR Congo,2026-06-17T17:01:00Z,2026-06-17T00:10:00+00:00,conversation-portugal-rd-congo-20260617,2-5,1-1,0.0,0
Portugal vs DR Congo,2026-06-17T17:01:00Z,2026-06-17T00:10:00+00:00,conversation-portugal-rd-congo-20260617,3-5,1-1,0.0,0
Portugal vs DR Congo,2026-06-17T17:01:00Z,2026-06-17T00:10:00+00:00,conversation-portugal-rd-congo-20260617,4-5,1-1,1.0,0
England vs Croatia,2026-06-17T20:00:00Z,2026-06-17T00:15:00+00:00,conversation-england-croatia-20260617,1-0,4-2,5.0,0
England vs Croatia,2026-06-17T20:00:00Z,2026-06-17T00:15:00+00:00,conversation-england-croatia-20260617,2-0,4-2,7.0,0
England vs Croatia,2026-06-17T20:00:00Z,2026-06-17T00:15:00+00:00,conversation-england-croatia-20260617,2-1,4-2,30.0,0
England vs Croatia,2026-06-17T20:00:00Z,2026-06-17T00:15:00+00:00,conversation-england-croatia-20260617,3-0,4-2,2.0,0
England vs Croatia,2026-06-17T20:00:00Z,2026-06-17T00:15:00+00:00,conversation-england-croatia-20260617,3-1,4-2,7.0,0
England vs Croatia,2026-06-17T20:00:00Z,2026-06-17T00:15:00+00:00,conversation-england-croatia-20260617,3-2,4-2,1.0,0
England vs Croatia,2026-06-17T20:00:00Z,2026-06-17T00:15:00+00:00,conversation-england-croatia-20260617,4-0,4-2,0.0,0
England vs Croatia,2026-06-17T20:00:00Z,2026-06-17T00:15:00+00:00,conversation-england-croatia-20260617,4-1,4-2,1.0,0
England vs Croatia,2026-06-17T20:00:00Z,2026-06-17T00:15:00+00:00,conversation-england-croatia-20260617,4-2,4-2,0.0,1
England vs Croatia,2026-06-17T20:00:00Z,2026-06-17T00:15:00+00:00,conversation-england-croatia-20260617,4-3,4-2,0.0,0
England vs Croatia,2026-06-17T20:00:00Z,2026-06-17T00:15:00+00:00,conversation-england-croatia-20260617,5-0,4-2,0.0,0
England vs Croatia,2026-06-17T20:00:00Z,2026-06-17T00:15:00+00:00,conversation-england-croatia-20260617,5-1,4-2,0.0,0
England vs Croatia,2026-06-17T20:00:00Z,2026-06-17T00:15:00+00:00,conversation-england-croatia-20260617,5-2,4-2,0.0,0
England vs Croatia,2026-06-17T20:00:00Z,2026-06-17T00:15:00+00:00,conversation-england-croatia-20260617,5-3,4-2,0.0,0
England vs Croatia,2026-06-17T20:00:00Z,2026-06-17T00:15:00+00:00,conversation-england-croatia-20260617,5-4,4-2,0.0,0
England vs Croatia,2026-06-17T20:00:00Z,2026-06-17T00:15:00+00:00,conversation-england-croatia-20260617,0-0,4-2,15.0,0
England vs Croatia,2026-06-17T20:00:00Z,2026-06-17T00:15:00+00:00,conversation-england-croatia-20260617,1-1,4-2,13.0,0
England vs Croatia,2026-06-17T20:00:00Z,2026-06-17T00:15:00+00:00,conversation-england-croatia-20260617,2-2,4-2,9.0,0
England vs Croatia,2026-06-17T20:00:00Z,2026-06-17T00:15:00+00:00,conversation-england-croatia-20260617,3-3,4-2,1.0,0
England vs Croatia,2026-06-17T20:00:00Z,2026-06-17T00:15:00+00:00,conversation-england-croatia-20260617,4-4,4-2,1.0,0
England vs Croatia,2026-06-17T20:00:00Z,2026-06-17T00:15:00+00:00,conversation-england-croatia-20260617,0-1,4-2,1.0,0
England vs Croatia,2026-06-17T20:00:00Z,2026-06-17T00:15:00+00:00,conversation-england-croatia-20260617,0-2,4-2,1.0,0
England vs Croatia,2026-06-17T20:00:00Z,2026-06-17T00:15:00+00:00,conversation-england-croatia-20260617,1-2,4-2,4.0,0
England vs Croatia,2026-06-17T20:00:00Z,2026-06-17T00:15:00+00:00,conversation-england-croatia-20260617,0-3,4-2,0.0,0
England vs Croatia,2026-06-17T20:00:00Z,2026-06-17T00:15:00+00:00,conversation-england-croatia-20260617,1-3,4-2,1.0,0
England vs Croatia,2026-06-17T20:00:00Z,2026-06-17T00:15:00+00:00,conversation-england-croatia-20260617,2-3,4-2,0.0,0
England vs Croatia,2026-06-17T20:00:00Z,2026-06-17T00:15:00+00:00,conversation-england-croatia-20260617,0-4,4-2,0.0,0
England vs Croatia,2026-06-17T20:00:00Z,2026-06-17T00:15:00+00:00,conversation-england-croatia-20260617,1-4,4-2,0.0,0
England vs Croatia,2026-06-17T20:00:00Z,2026-06-17T00:15:00+00:00,conversation-england-croatia-20260617,2-4,4-2,0.0,0
England vs Croatia,2026-06-17T20:00:00Z,2026-06-17T00:15:00+00:00,conversation-england-croatia-20260617,3-4,4-2,0.0,0
England vs Croatia,2026-06-17T20:00:00Z,2026-06-17T00:15:00+00:00,conversation-england-croatia-20260617,0-5,4-2,0.0,0
England vs Croatia,2026-06-17T20:00:00Z,2026-06-17T00:15:00+00:00,conversation-england-croatia-20260617,1-5,4-2,0.0,0
England vs Croatia,2026-06-17T20:00:00Z,2026-06-17T00:15:00+00:00,conversation-england-croatia-20260617,2-5,4-2,0.0,0
England vs Croatia,2026-06-17T20:00:00Z,2026-06-17T00:15:00+00:00,conversation-england-croatia-20260617,3-5,4-2,0.0,0
England vs Croatia,2026-06-17T20:00:00Z,2026-06-17T00:15:00+00:00,conversation-england-croatia-20260617,4-5,4-2,0.0,0
Ghana vs Panama,2026-06-17T23:00:00Z,2026-06-17T00:20:00+00:00,conversation-ghana-panama-20260618,1-0,1-0,16.0,1
Ghana vs Panama,2026-06-17T23:00:00Z,2026-06-17T00:20:00+00:00,conversation-ghana-panama-20260618,2-0,1-0,10.0,0
Ghana vs Panama,2026-06-17T23:00:00Z,2026-06-17T00:20:00+00:00,conversation-ghana-panama-20260618,2-1,1-0,8.0,0
Ghana vs Panama,2026-06-17T23:00:00Z,2026-06-17T00:20:00+00:00,conversation-ghana-panama-20260618,3-0,1-0,3.0,0
Ghana vs Panama,2026-06-17T23:00:00Z,2026-06-17T00:20:00+00:00,conversation-ghana-panama-20260618,3-1,1-0,2.0,0
Ghana vs Panama,2026-06-17T23:00:00Z,2026-06-17T00:20:00+00:00,conversation-ghana-panama-20260618,3-2,1-0,0.0,0
Ghana vs Panama,2026-06-17T23:00:00Z,2026-06-17T00:20:00+00:00,conversation-ghana-panama-20260618,4-0,1-0,1.0,0
Ghana vs Panama,2026-06-17T23:00:00Z,2026-06-17T00:20:00+00:00,conversation-ghana-panama-20260618,4-1,1-0,0.0,0
Ghana vs Panama,2026-06-17T23:00:00Z,2026-06-17T00:20:00+00:00,conversation-ghana-panama-20260618,4-2,1-0,2.0,0
Ghana vs Panama,2026-06-17T23:00:00Z,2026-06-17T00:20:00+00:00,conversation-ghana-panama-20260618,4-3,1-0,1.0,0
Ghana vs Panama,2026-06-17T23:00:00Z,2026-06-17T00:20:00+00:00,conversation-ghana-panama-20260618,5-0,1-0,0.0,0
Ghana vs Panama,2026-06-17T23:00:00Z,2026-06-17T00:20:00+00:00,conversation-ghana-panama-20260618,5-1,1-0,0.0,0
Ghana vs Panama,2026-06-17T23:00:00Z,2026-06-17T00:20:00+00:00,conversation-ghana-panama-20260618,5-2,1-0,0.0,0
Ghana vs Panama,2026-06-17T23:00:00Z,2026-06-17T00:20:00+00:00,conversation-ghana-panama-20260618,5-3,1-0,0.0,0
Ghana vs Panama,2026-06-17T23:00:00Z,2026-06-17T00:20:00+00:00,conversation-ghana-panama-20260618,5-4,1-0,0.0,0
Ghana vs Panama,2026-06-17T23:00:00Z,2026-06-17T00:20:00+00:00,conversation-ghana-panama-20260618,0-0,1-0,26.0,0
Ghana vs Panama,2026-06-17T23:00:00Z,2026-06-17T00:20:00+00:00,conversation-ghana-panama-20260618,1-1,1-0,17.0,0
Ghana vs Panama,2026-06-17T23:00:00Z,2026-06-17T00:20:00+00:00,conversation-ghana-panama-20260618,2-2,1-0,4.0,0
Ghana vs Panama,2026-06-17T23:00:00Z,2026-06-17T00:20:00+00:00,conversation-ghana-panama-20260618,3-3,1-0,0.0,0
Ghana vs Panama,2026-06-17T23:00:00Z,2026-06-17T00:20:00+00:00,conversation-ghana-panama-20260618,4-4,1-0,1.0,0
Ghana vs Panama,2026-06-17T23:00:00Z,2026-06-17T00:20:00+00:00,conversation-ghana-panama-20260618,0-1,1-0,3.0,0
Ghana vs Panama,2026-06-17T23:00:00Z,2026-06-17T00:20:00+00:00,conversation-ghana-panama-20260618,0-2,1-0,1.0,0
Ghana vs Panama,2026-06-17T23:00:00Z,2026-06-17T00:20:00+00:00,conversation-ghana-panama-20260618,1-2,1-0,3.0,0
Ghana vs Panama,2026-06-17T23:00:00Z,2026-06-17T00:20:00+00:00,conversation-ghana-panama-20260618,0-3,1-0,0.0,0
Ghana vs Panama,2026-06-17T23:00:00Z,2026-06-17T00:20:00+00:00,conversation-ghana-panama-20260618,1-3,1-0,0.0,0
Ghana vs Panama,2026-06-17T23:00:00Z,2026-06-17T00:20:00+00:00,conversation-ghana-panama-20260618,2-3,1-0,0.0,0
Ghana vs Panama,2026-06-17T23:00:00Z,2026-06-17T00:20:00+00:00,conversation-ghana-panama-20260618,0-4,1-0,0.0,0
Ghana vs Panama,2026-06-17T23:00:00Z,2026-06-17T00:20:00+00:00,conversation-ghana-panama-20260618,1-4,1-0,1.0,0
Ghana vs Panama,2026-06-17T23:00:00Z,2026-06-17T00:20:00+00:00,conversation-ghana-panama-20260618,2-4,1-0,0.0,0
Ghana vs Panama,2026-06-17T23:00:00Z,2026-06-17T00:20:00+00:00,conversation-ghana-panama-20260618,3-4,1-0,0.0,0
Ghana vs Panama,2026-06-17T23:00:00Z,2026-06-17T00:20:00+00:00,conversation-ghana-panama-20260618,0-5,1-0,0.0,0
Ghana vs Panama,2026-06-17T23:00:00Z,2026-06-17T00:20:00+00:00,conversation-ghana-panama-20260618,1-5,1-0,0.0,0
Ghana vs Panama,2026-06-17T23:00:00Z,2026-06-17T00:20:00+00:00,conversation-ghana-panama-20260618,2-5,1-0,0.0,0
Ghana vs Panama,2026-06-17T23:00:00Z,2026-06-17T00:20:00+00:00,conversation-ghana-panama-20260618,3-5,1-0,0.0,0
Ghana vs Panama,2026-06-17T23:00:00Z,2026-06-17T00:20:00+00:00,conversation-ghana-panama-20260618,4-5,1-0,0.0,0
Uzbekistan vs Colombia,2026-06-18T02:00:00Z,2026-06-17T00:25:00+00:00,conversation-uzbekistan-colombia-20260618,1-0,1-3,1.0,0
Uzbekistan vs Colombia,2026-06-18T02:00:00Z,2026-06-17T00:25:00+00:00,conversation-uzbekistan-colombia-20260618,2-0,1-3,1.0,0
Uzbekistan vs Colombia,2026-06-18T02:00:00Z,2026-06-17T00:25:00+00:00,conversation-uzbekistan-colombia-20260618,2-1,1-3,3.0,0
Uzbekistan vs Colombia,2026-06-18T02:00:00Z,2026-06-17T00:25:00+00:00,conversation-uzbekistan-colombia-20260618,3-0,1-3,0.0,0
Uzbekistan vs Colombia,2026-06-18T02:00:00Z,2026-06-17T00:25:00+00:00,conversation-uzbekistan-colombia-20260618,3-1,1-3,1.0,0
Uzbekistan vs Colombia,2026-06-18T02:00:00Z,2026-06-17T00:25:00+00:00,conversation-uzbekistan-colombia-20260618,3-2,1-3,0.0,0
Uzbekistan vs Colombia,2026-06-18T02:00:00Z,2026-06-17T00:25:00+00:00,conversation-uzbekistan-colombia-20260618,4-0,1-3,0.0,0
Uzbekistan vs Colombia,2026-06-18T02:00:00Z,2026-06-17T00:25:00+00:00,conversation-uzbekistan-colombia-20260618,4-1,1-3,1.0,0
Uzbekistan vs Colombia,2026-06-18T02:00:00Z,2026-06-17T00:25:00+00:00,conversation-uzbekistan-colombia-20260618,4-2,1-3,0.0,0
Uzbekistan vs Colombia,2026-06-18T02:00:00Z,2026-06-17T00:25:00+00:00,conversation-uzbekistan-colombia-20260618,4-3,1-3,0.0,0
Uzbekistan vs Colombia,2026-06-18T02:00:00Z,2026-06-17T00:25:00+00:00,conversation-uzbekistan-colombia-20260618,5-0,1-3,0.0,0
Uzbekistan vs Colombia,2026-06-18T02:00:00Z,2026-06-17T00:25:00+00:00,conversation-uzbekistan-colombia-20260618,5-1,1-3,0.0,0
Uzbekistan vs Colombia,2026-06-18T02:00:00Z,2026-06-17T00:25:00+00:00,conversation-uzbekistan-colombia-20260618,5-2,1-3,0.0,0
Uzbekistan vs Colombia,2026-06-18T02:00:00Z,2026-06-17T00:25:00+00:00,conversation-uzbekistan-colombia-20260618,5-3,1-3,0.0,0
Uzbekistan vs Colombia,2026-06-18T02:00:00Z,2026-06-17T00:25:00+00:00,conversation-uzbekistan-colombia-20260618,5-4,1-3,0.0,0
Uzbekistan vs Colombia,2026-06-18T02:00:00Z,2026-06-17T00:25:00+00:00,conversation-uzbekistan-colombia-20260618,0-0,1-3,32.0,0
Uzbekistan vs Colombia,2026-06-18T02:00:00Z,2026-06-17T00:25:00+00:00,conversation-uzbekistan-colombia-20260618,1-1,1-3,5.0,0
Uzbekistan vs Colombia,2026-06-18T02:00:00Z,2026-06-17T00:25:00+00:00,conversation-uzbekistan-colombia-20260618,2-2,1-3,1.0,0
Uzbekistan vs Colombia,2026-06-18T02:00:00Z,2026-06-17T00:25:00+00:00,conversation-uzbekistan-colombia-20260618,3-3,1-3,1.0,0
Uzbekistan vs Colombia,2026-06-18T02:00:00Z,2026-06-17T00:25:00+00:00,conversation-uzbekistan-colombia-20260618,4-4,1-3,0.0,0
Uzbekistan vs Colombia,2026-06-18T02:00:00Z,2026-06-17T00:25:00+00:00,conversation-uzbekistan-colombia-20260618,0-1,1-3,5.0,0
Uzbekistan vs Colombia,2026-06-18T02:00:00Z,2026-06-17T00:25:00+00:00,conversation-uzbekistan-colombia-20260618,0-2,1-3,21.0,0
Uzbekistan vs Colombia,2026-06-18T02:00:00Z,2026-06-17T00:25:00+00:00,conversation-uzbekistan-colombia-20260618,1-2,1-3,5.0,0
Uzbekistan vs Colombia,2026-06-18T02:00:00Z,2026-06-17T00:25:00+00:00,conversation-uzbekistan-colombia-20260618,0-3,1-3,5.0,0
Uzbekistan vs Colombia,2026-06-18T02:00:00Z,2026-06-17T00:25:00+00:00,conversation-uzbekistan-colombia-20260618,1-3,1-3,8.0,1
Uzbekistan vs Colombia,2026-06-18T02:00:00Z,2026-06-17T00:25:00+00:00,conversation-uzbekistan-colombia-20260618,2-3,1-3,1.0,0
Uzbekistan vs Colombia,2026-06-18T02:00:00Z,2026-06-17T00:25:00+00:00,conversation-uzbekistan-colombia-20260618,0-4,1-3,1.0,0
Uzbekistan vs Colombia,2026-06-18T02:00:00Z,2026-06-17T00:25:00+00:00,conversation-uzbekistan-colombia-20260618,1-4,1-3,3.0,0
Uzbekistan vs Colombia,2026-06-18T02:00:00Z,2026-06-17T00:25:00+00:00,conversation-uzbekistan-colombia-20260618,2-4,1-3,1.0,0
Uzbekistan vs Colombia,2026-06-18T02:00:00Z,2026-06-17T00:25:00+00:00,conversation-uzbekistan-colombia-20260618,3-4,1-3,0.0,0
Uzbekistan vs Colombia,2026-06-18T02:00:00Z,2026-06-17T00:25:00+00:00,conversation-uzbekistan-colombia-20260618,0-5,1-3,0.0,0
Uzbekistan vs Colombia,2026-06-18T02:00:00Z,2026-06-17T00:25:00+00:00,conversation-uzbekistan-colombia-20260618,1-5,1-3,0.0,0
Uzbekistan vs Colombia,2026-06-18T02:00:00Z,2026-06-17T00:25:00+00:00,conversation-uzbekistan-colombia-20260618,2-5,1-3,0.0,0
Uzbekistan vs Colombia,2026-06-18T02:00:00Z,2026-06-17T00:25:00+00:00,conversation-uzbekistan-colombia-20260618,3-5,1-3,0.0,0
Uzbekistan vs Colombia,2026-06-18T02:00:00Z,2026-06-17T00:25:00+00:00,conversation-uzbekistan-colombia-20260618,4-5,1-3,1.0,0
Czech Republic vs South Africa,2026-06-18T16:00:00Z,2026-06-18T15:59:00+00:00,conversation-round2-20260619,1-0,1-1,10.0,0
Czech Republic vs South Africa,2026-06-18T16:00:00Z,2026-06-18T15:59:00+00:00,conversation-round2-20260619,0-0,1-1,5.0,0
Czech Republic vs South Africa,2026-06-18T16:00:00Z,2026-06-18T15:59:00+00:00,conversation-round2-20260619,0-1,1-1,2.0,0
Czech Republic vs South Africa,2026-06-18T16:00:00Z,2026-06-18T15:59:00+00:00,conversation-round2-20260619,2-0,1-1,23.0,0
Czech Republic vs South Africa,2026-06-18T16:00:00Z,2026-06-18T15:59:00+00:00,conversation-round2-20260619,1-1,1-1,7.0,1
Czech Republic vs South Africa,2026-06-18T16:00:00Z,2026-06-18T15:59:00+00:00,conversation-round2-20260619,0-2,1-1,2.0,0
Czech Republic vs South Africa,2026-06-18T16:00:00Z,2026-06-18T15:59:00+00:00,conversation-round2-20260619,2-1,1-1,19.0,0
Czech Republic vs South Africa,2026-06-18T16:00:00Z,2026-06-18T15:59:00+00:00,conversation-round2-20260619,2-2,1-1,5.0,0
Czech Republic vs South Africa,2026-06-18T16:00:00Z,2026-06-18T15:59:00+00:00,conversation-round2-20260619,1-2,1-1,7.0,0
Czech Republic vs South Africa,2026-06-18T16:00:00Z,2026-06-18T15:59:00+00:00,conversation-round2-20260619,3-0,1-1,5.0,0
Czech Republic vs South Africa,2026-06-18T16:00:00Z,2026-06-18T15:59:00+00:00,conversation-round2-20260619,3-3,1-1,1.0,0
Czech Republic vs South Africa,2026-06-18T16:00:00Z,2026-06-18T15:59:00+00:00,conversation-round2-20260619,0-3,1-1,0.0,0
Czech Republic vs South Africa,2026-06-18T16:00:00Z,2026-06-18T15:59:00+00:00,conversation-round2-20260619,3-1,1-1,6.0,0
Czech Republic vs South Africa,2026-06-18T16:00:00Z,2026-06-18T15:59:00+00:00,conversation-round2-20260619,4-4,1-1,1.0,0
Czech Republic vs South Africa,2026-06-18T16:00:00Z,2026-06-18T15:59:00+00:00,conversation-round2-20260619,1-3,1-1,0.0,0
Czech Republic vs South Africa,2026-06-18T16:00:00Z,2026-06-18T15:59:00+00:00,conversation-round2-20260619,3-2,1-1,1.0,0
Czech Republic vs South Africa,2026-06-18T16:00:00Z,2026-06-18T15:59:00+00:00,conversation-round2-20260619,2-3,1-1,1.0,0
Czech Republic vs South Africa,2026-06-18T16:00:00Z,2026-06-18T15:59:00+00:00,conversation-round2-20260619,4-0,1-1,1.0,0
Czech Republic vs South Africa,2026-06-18T16:00:00Z,2026-06-18T15:59:00+00:00,conversation-round2-20260619,0-4,1-1,0.0,0
Czech Republic vs South Africa,2026-06-18T16:00:00Z,2026-06-18T15:59:00+00:00,conversation-round2-20260619,4-1,1-1,2.0,0
Czech Republic vs South Africa,2026-06-18T16:00:00Z,2026-06-18T15:59:00+00:00,conversation-round2-20260619,1-4,1-1,0.0,0
Czech Republic vs South Africa,2026-06-18T16:00:00Z,2026-06-18T15:59:00+00:00,conversation-round2-20260619,4-2,1-1,0.0,0
Czech Republic vs South Africa,2026-06-18T16:00:00Z,2026-06-18T15:59:00+00:00,conversation-round2-20260619,2-4,1-1,0.0,0
Czech Republic vs South Africa,2026-06-18T16:00:00Z,2026-06-18T15:59:00+00:00,conversation-round2-20260619,4-3,1-1,0.0,0
Czech Republic vs South Africa,2026-06-18T16:00:00Z,2026-06-18T15:59:00+00:00,conversation-round2-20260619,3-4,1-1,0.0,0
Czech Republic vs South Africa,2026-06-18T16:00:00Z,2026-06-18T15:59:00+00:00,conversation-round2-20260619,5-0,1-1,1.0,0
Czech Republic vs South Africa,2026-06-18T16:00:00Z,2026-06-18T15:59:00+00:00,conversation-round2-20260619,0-5,1-1,0.0,0
Czech Republic vs South Africa,2026-06-18T16:00:00Z,2026-06-18T15:59:00+00:00,conversation-round2-20260619,5-1,1-1,0.0,0
Czech Republic vs South Africa,2026-06-18T16:00:00Z,2026-06-18T15:59:00+00:00,conversation-round2-20260619,1-5,1-1,0.0,0
Czech Republic vs South Africa,2026-06-18T16:00:00Z,2026-06-18T15:59:00+00:00,conversation-round2-20260619,5-2,1-1,0.0,0
Czech Republic vs South Africa,2026-06-18T16:00:00Z,2026-06-18T15:59:00+00:00,conversation-round2-20260619,2-5,1-1,0.0,0
Czech Republic vs South Africa,2026-06-18T16:00:00Z,2026-06-18T15:59:00+00:00,conversation-round2-20260619,5-3,1-1,0.0,0
Czech Republic vs South Africa,2026-06-18T16:00:00Z,2026-06-18T15:59:00+00:00,conversation-round2-20260619,3-5,1-1,0.0,0
Czech Republic vs South Africa,2026-06-18T16:00:00Z,2026-06-18T15:59:00+00:00,conversation-round2-20260619,5-4,1-1,0.0,0
Czech Republic vs South Africa,2026-06-18T16:00:00Z,2026-06-18T15:59:00+00:00,conversation-round2-20260619,4-5,1-1,0.0,0
Czech Republic vs South Africa,2026-06-18T16:00:00Z,2026-06-18T15:59:00+00:00,conversation-round2-20260619,1-0,1-1,7.0,0
Czech Republic vs South Africa,2026-06-18T16:00:00Z,2026-06-18T15:59:00+00:00,conversation-round2-20260619,0-0,1-1,5.0,0
Czech Republic vs South Africa,2026-06-18T16:00:00Z,2026-06-18T15:59:00+00:00,conversation-round2-20260619,0-1,1-1,3.0,0
Czech Republic vs South Africa,2026-06-18T16:00:00Z,2026-06-18T15:59:00+00:00,conversation-round2-20260619,2-0,1-1,10.0,0
Czech Republic vs South Africa,2026-06-18T16:00:00Z,2026-06-18T15:59:00+00:00,conversation-round2-20260619,1-1,1-1,21.0,1
Czech Republic vs South Africa,2026-06-18T16:00:00Z,2026-06-18T15:59:00+00:00,conversation-round2-20260619,0-2,1-1,7.0,0
Czech Republic vs South Africa,2026-06-18T16:00:00Z,2026-06-18T15:59:00+00:00,conversation-round2-20260619,2-1,1-1,19.0,0
Czech Republic vs South Africa,2026-06-18T16:00:00Z,2026-06-18T15:59:00+00:00,conversation-round2-20260619,2-2,1-1,5.0,0
Czech Republic vs South Africa,2026-06-18T16:00:00Z,2026-06-18T15:59:00+00:00,conversation-round2-20260619,1-2,1-1,5.0,0
Czech Republic vs South Africa,2026-06-18T16:00:00Z,2026-06-18T15:59:00+00:00,conversation-round2-20260619,3-0,1-1,2.0,0
Czech Republic vs South Africa,2026-06-18T16:00:00Z,2026-06-18T15:59:00+00:00,conversation-round2-20260619,3-3,1-1,0.0,0
Czech Republic vs South Africa,2026-06-18T16:00:00Z,2026-06-18T15:59:00+00:00,conversation-round2-20260619,0-3,1-1,0.0,0
Czech Republic vs South Africa,2026-06-18T16:00:00Z,2026-06-18T15:59:00+00:00,conversation-round2-20260619,3-1,1-1,7.0,0
Czech Republic vs South Africa,2026-06-18T16:00:00Z,2026-06-18T15:59:00+00:00,conversation-round2-20260619,4-4,1-1,0.0,0
Czech Republic vs South Africa,2026-06-18T16:00:00Z,2026-06-18T15:59:00+00:00,conversation-round2-20260619,1-3,1-1,0.0,0
Czech Republic vs South Africa,2026-06-18T16:00:00Z,2026-06-18T15:59:00+00:00,conversation-round2-20260619,3-2,1-1,1.0,0
Czech Republic vs South Africa,2026-06-18T16:00:00Z,2026-06-18T15:59:00+00:00,conversation-round2-20260619,2-3,1-1,0.0,0
Czech Republic vs South Africa,2026-06-18T16:00:00Z,2026-06-18T15:59:00+00:00,conversation-round2-20260619,4-0,1-1,1.0,0
Czech Republic vs South Africa,2026-06-18T16:00:00Z,2026-06-18T15:59:00+00:00,conversation-round2-20260619,0-4,1-1,0.0,0
Czech Republic vs South Africa,2026-06-18T16:00:00Z,2026-06-18T15:59:00+00:00,conversation-round2-20260619,4-1,1-1,1.0,0
Czech Republic vs South Africa,2026-06-18T16:00:00Z,2026-06-18T15:59:00+00:00,conversation-round2-20260619,1-4,1-1,0.0,0
Czech Republic vs South Africa,2026-06-18T16:00:00Z,2026-06-18T15:59:00+00:00,conversation-round2-20260619,4-2,1-1,2.0,0
Czech Republic vs South Africa,2026-06-18T16:00:00Z,2026-06-18T15:59:00+00:00,conversation-round2-20260619,2-4,1-1,0.0,0
Czech Republic vs South Africa,2026-06-18T16:00:00Z,2026-06-18T15:59:00+00:00,conversation-round2-20260619,4-3,1-1,0.0,0
Czech Republic vs South Africa,2026-06-18T16:00:00Z,2026-06-18T15:59:00+00:00,conversation-round2-20260619,3-4,1-1,0.0,0
Czech Republic vs South Africa,2026-06-18T16:00:00Z,2026-06-18T15:59:00+00:00,conversation-round2-20260619,5-0,1-1,1.0,0
Czech Republic vs South Africa,2026-06-18T16:00:00Z,2026-06-18T15:59:00+00:00,conversation-round2-20260619,0-5,1-1,0.0,0
Czech Republic vs South Africa,2026-06-18T16:00:00Z,2026-06-18T15:59:00+00:00,conversation-round2-20260619,5-1,1-1,0.0,0
Czech Republic vs South Africa,2026-06-18T16:00:00Z,2026-06-18T15:59:00+00:00,conversation-round2-20260619,1-5,1-1,0.0,0
Czech Republic vs South Africa,2026-06-18T16:00:00Z,2026-06-18T15:59:00+00:00,conversation-round2-20260619,5-2,1-1,0.0,0
Czech Republic vs South Africa,2026-06-18T16:00:00Z,2026-06-18T15:59:00+00:00,conversation-round2-20260619,2-5,1-1,0.0,0
Czech Republic vs South Africa,2026-06-18T16:00:00Z,2026-06-18T15:59:00+00:00,conversation-round2-20260619,5-3,1-1,0.0,0
Czech Republic vs South Africa,2026-06-18T16:00:00Z,2026-06-18T15:59:00+00:00,conversation-round2-20260619,3-5,1-1,1.0,0
Czech Republic vs South Africa,2026-06-18T16:00:00Z,2026-06-18T15:59:00+00:00,conversation-round2-20260619,5-4,1-1,0.0,0
Czech Republic vs South Africa,2026-06-18T16:00:00Z,2026-06-18T15:59:00+00:00,conversation-round2-20260619,4-5,1-1,1.0,0
Czech Republic vs South Africa,2026-06-18T16:00:00Z,2026-06-18T15:59:00+00:00,conversation-round2-20260619,1-0,1-1,13.0,0
Czech Republic vs South Africa,2026-06-18T16:00:00Z,2026-06-18T15:59:00+00:00,conversation-round2-20260619,0-0,1-1,4.0,0
Czech Republic vs South Africa,2026-06-18T16:00:00Z,2026-06-18T15:59:00+00:00,conversation-round2-20260619,0-1,1-1,1.0,0
Czech Republic vs South Africa,2026-06-18T16:00:00Z,2026-06-18T15:59:00+00:00,conversation-round2-20260619,2-0,1-1,24.0,0
Czech Republic vs South Africa,2026-06-18T16:00:00Z,2026-06-18T15:59:00+00:00,conversation-round2-20260619,1-1,1-1,7.0,1
Czech Republic vs South Africa,2026-06-18T16:00:00Z,2026-06-18T15:59:00+00:00,conversation-round2-20260619,0-2,1-1,1.0,0
Czech Republic vs South Africa,2026-06-18T16:00:00Z,2026-06-18T15:59:00+00:00,conversation-round2-20260619,2-1,1-1,15.0,0
Czech Republic vs South Africa,2026-06-18T16:00:00Z,2026-06-18T15:59:00+00:00,conversation-round2-20260619,2-2,1-1,1.0,0
Czech Republic vs South Africa,2026-06-18T16:00:00Z,2026-06-18T15:59:00+00:00,conversation-round2-20260619,1-2,1-1,2.0,0
Czech Republic vs South Africa,2026-06-18T16:00:00Z,2026-06-18T15:59:00+00:00,conversation-round2-20260619,3-0,1-1,17.0,0
Czech Republic vs South Africa,2026-06-18T16:00:00Z,2026-06-18T15:59:00+00:00,conversation-round2-20260619,3-3,1-1,0.0,0
Czech Republic vs South Africa,2026-06-18T16:00:00Z,2026-06-18T15:59:00+00:00,conversation-round2-20260619,0-3,1-1,0.0,0
Czech Republic vs South Africa,2026-06-18T16:00:00Z,2026-06-18T15:59:00+00:00,conversation-round2-20260619,3-1,1-1,7.0,0
Czech Republic vs South Africa,2026-06-18T16:00:00Z,2026-06-18T15:59:00+00:00,conversation-round2-20260619,4-4,1-1,0.0,0
Czech Republic vs South Africa,2026-06-18T16:00:00Z,2026-06-18T15:59:00+00:00,conversation-round2-20260619,1-3,1-1,1.0,0
Czech Republic vs South Africa,2026-06-18T16:00:00Z,2026-06-18T15:59:00+00:00,conversation-round2-20260619,3-2,1-1,1.0,0
Czech Republic vs South Africa,2026-06-18T16:00:00Z,2026-06-18T15:59:00+00:00,conversation-round2-20260619,2-3,1-1,0.0,0
Czech Republic vs South Africa,2026-06-18T16:00:00Z,2026-06-18T15:59:00+00:00,conversation-round2-20260619,4-0,1-1,2.0,0
Czech Republic vs South Africa,2026-06-18T16:00:00Z,2026-06-18T15:59:00+00:00,conversation-round2-20260619,0-4,1-1,0.0,0
Czech Republic vs South Africa,2026-06-18T16:00:00Z,2026-06-18T15:59:00+00:00,conversation-round2-20260619,4-1,1-1,2.0,0
Czech Republic vs South Africa,2026-06-18T16:00:00Z,2026-06-18T15:59:00+00:00,conversation-round2-20260619,1-4,1-1,0.0,0
Czech Republic vs South Africa,2026-06-18T16:00:00Z,2026-06-18T15:59:00+00:00,conversation-round2-20260619,4-2,1-1,0.0,0
Czech Republic vs South Africa,2026-06-18T16:00:00Z,2026-06-18T15:59:00+00:00,conversation-round2-20260619,2-4,1-1,0.0,0
Czech Republic vs South Africa,2026-06-18T16:00:00Z,2026-06-18T15:59:00+00:00,conversation-round2-20260619,4-3,1-1,0.0,0
Czech Republic vs South Africa,2026-06-18T16:00:00Z,2026-06-18T15:59:00+00:00,conversation-round2-20260619,3-4,1-1,0.0,0
Czech Republic vs South Africa,2026-06-18T16:00:00Z,2026-06-18T15:59:00+00:00,conversation-round2-20260619,5-0,1-1,1.0,0
Czech Republic vs South Africa,2026-06-18T16:00:00Z,2026-06-18T15:59:00+00:00,conversation-round2-20260619,0-5,1-1,0.0,0
Czech Republic vs South Africa,2026-06-18T16:00:00Z,2026-06-18T15:59:00+00:00,conversation-round2-20260619,5-1,1-1,0.0,0
Czech Republic vs South Africa,2026-06-18T16:00:00Z,2026-06-18T15:59:00+00:00,conversation-round2-20260619,1-5,1-1,0.0,0
Czech Republic vs South Africa,2026-06-18T16:00:00Z,2026-06-18T15:59:00+00:00,conversation-round2-20260619,5-2,1-1,0.0,0
Czech Republic vs South Africa,2026-06-18T16:00:00Z,2026-06-18T15:59:00+00:00,conversation-round2-20260619,2-5,1-1,0.0,0
Czech Republic vs South Africa,2026-06-18T16:00:00Z,2026-06-18T15:59:00+00:00,conversation-round2-20260619,5-3,1-1,0.0,0
Czech Republic vs South Africa,2026-06-18T16:00:00Z,2026-06-18T15:59:00+00:00,conversation-round2-20260619,3-5,1-1,0.0,0
Czech Republic vs South Africa,2026-06-18T16:00:00Z,2026-06-18T15:59:00+00:00,conversation-round2-20260619,5-4,1-1,0.0,0
Czech Republic vs South Africa,2026-06-18T16:00:00Z,2026-06-18T15:59:00+00:00,conversation-round2-20260619,4-5,1-1,0.0,0
Czech Republic vs South Africa,2026-06-18T16:00:00Z,2026-06-18T15:59:00+00:00,conversation-round2-20260619,1-0,1-1,4.0,0
Czech Republic vs South Africa,2026-06-18T16:00:00Z,2026-06-18T15:59:00+00:00,conversation-round2-20260619,0-0,1-1,2.0,0
Czech Republic vs South Africa,2026-06-18T16:00:00Z,2026-06-18T15:59:00+00:00,conversation-round2-20260619,0-1,1-1,2.0,0
Czech Republic vs South Africa,2026-06-18T16:00:00Z,2026-06-18T15:59:00+00:00,conversation-round2-20260619,2-0,1-1,7.0,0
Czech Republic vs South Africa,2026-06-18T16:00:00Z,2026-06-18T15:59:00+00:00,conversation-round2-20260619,1-1,1-1,17.0,1
Czech Republic vs South Africa,2026-06-18T16:00:00Z,2026-06-18T15:59:00+00:00,conversation-round2-20260619,0-2,1-1,1.0,0
Czech Republic vs South Africa,2026-06-18T16:00:00Z,2026-06-18T15:59:00+00:00,conversation-round2-20260619,2-1,1-1,26.0,0
Czech Republic vs South Africa,2026-06-18T16:00:00Z,2026-06-18T15:59:00+00:00,conversation-round2-20260619,2-2,1-1,15.0,0
Czech Republic vs South Africa,2026-06-18T16:00:00Z,2026-06-18T15:59:00+00:00,conversation-round2-20260619,1-2,1-1,6.0,0
Czech Republic vs South Africa,2026-06-18T16:00:00Z,2026-06-18T15:59:00+00:00,conversation-round2-20260619,3-0,1-1,3.0,0
Czech Republic vs South Africa,2026-06-18T16:00:00Z,2026-06-18T15:59:00+00:00,conversation-round2-20260619,3-3,1-1,1.0,0
Czech Republic vs South Africa,2026-06-18T16:00:00Z,2026-06-18T15:59:00+00:00,conversation-round2-20260619,0-3,1-1,0.0,0
Czech Republic vs South Africa,2026-06-18T16:00:00Z,2026-06-18T15:59:00+00:00,conversation-round2-20260619,3-1,1-1,4.0,0
Czech Republic vs South Africa,2026-06-18T16:00:00Z,2026-06-18T15:59:00+00:00,conversation-round2-20260619,4-4,1-1,0.0,0
Czech Republic vs South Africa,2026-06-18T16:00:00Z,2026-06-18T15:59:00+00:00,conversation-round2-20260619,1-3,1-1,2.0,0
Czech Republic vs South Africa,2026-06-18T16:00:00Z,2026-06-18T15:59:00+00:00,conversation-round2-20260619,3-2,1-1,4.0,0
Czech Republic vs South Africa,2026-06-18T16:00:00Z,2026-06-18T15:59:00+00:00,conversation-round2-20260619,2-3,1-1,2.0,0
Czech Republic vs South Africa,2026-06-18T16:00:00Z,2026-06-18T15:59:00+00:00,conversation-round2-20260619,4-0,1-1,1.0,0
Czech Republic vs South Africa,2026-06-18T16:00:00Z,2026-06-18T15:59:00+00:00,conversation-round2-20260619,0-4,1-1,0.0,0
Czech Republic vs South Africa,2026-06-18T16:00:00Z,2026-06-18T15:59:00+00:00,conversation-round2-20260619,4-1,1-1,0.0,0
Czech Republic vs South Africa,2026-06-18T16:00:00Z,2026-06-18T15:59:00+00:00,conversation-round2-20260619,1-4,1-1,0.0,0
Czech Republic vs South Africa,2026-06-18T16:00:00Z,2026-06-18T15:59:00+00:00,conversation-round2-20260619,4-2,1-1,0.0,0
Czech Republic vs South Africa,2026-06-18T16:00:00Z,2026-06-18T15:59:00+00:00,conversation-round2-20260619,2-4,1-1,0.0,0
Czech Republic vs South Africa,2026-06-18T16:00:00Z,2026-06-18T15:59:00+00:00,conversation-round2-20260619,4-3,1-1,0.0,0
Czech Republic vs South Africa,2026-06-18T16:00:00Z,2026-06-18T15:59:00+00:00,conversation-round2-20260619,3-4,1-1,0.0,0
Czech Republic vs South Africa,2026-06-18T16:00:00Z,2026-06-18T15:59:00+00:00,conversation-round2-20260619,5-0,1-1,1.0,0
Czech Republic vs South Africa,2026-06-18T16:00:00Z,2026-06-18T15:59:00+00:00,conversation-round2-20260619,0-5,1-1,0.0,0
Czech Republic vs South Africa,2026-06-18T16:00:00Z,2026-06-18T15:59:00+00:00,conversation-round2-20260619,5-1,1-1,0.0,0
Czech Republic vs South Africa,2026-06-18T16:00:00Z,2026-06-18T15:59:00+00:00,conversation-round2-20260619,1-5,1-1,0.0,0
Czech Republic vs South Africa,2026-06-18T16:00:00Z,2026-06-18T15:59:00+00:00,conversation-round2-20260619,5-2,1-1,0.0,0
Czech Republic vs South Africa,2026-06-18T16:00:00Z,2026-06-18T15:59:00+00:00,conversation-round2-20260619,2-5,1-1,0.0,0
Czech Republic vs South Africa,2026-06-18T16:00:00Z,2026-06-18T15:59:00+00:00,conversation-round2-20260619,5-3,1-1,0.0,0
Czech Republic vs South Africa,2026-06-18T16:00:00Z,2026-06-18T15:59:00+00:00,conversation-round2-20260619,3-5,1-1,0.0,0
Czech Republic vs South Africa,2026-06-18T16:00:00Z,2026-06-18T15:59:00+00:00,conversation-round2-20260619,5-4,1-1,0.0,0
Czech Republic vs South Africa,2026-06-18T16:00:00Z,2026-06-18T15:59:00+00:00,conversation-round2-20260619,4-5,1-1,1.0,0
USA vs Australia,2026-06-19T19:00:00Z,2026-06-19T00:05:00+00:00,conversation-usa-australia-20260619,1-0,2-0,5.0,0
USA vs Australia,2026-06-19T19:00:00Z,2026-06-19T00:05:00+00:00,conversation-usa-australia-20260619,0-0,2-0,3.0,0
USA vs Australia,2026-06-19T19:00:00Z,2026-06-19T00:05:00+00:00,conversation-usa-australia-20260619,0-1,2-0,1.0,0
USA vs Australia,2026-06-19T19:00:00Z,2026-06-19T00:05:00+00:00,conversation-usa-australia-20260619,2-0,2-0,8.0,1
USA vs Australia,2026-06-19T19:00:00Z,2026-06-19T00:05:00+00:00,conversation-usa-australia-20260619,1-1,2-0,5.0,0
USA vs Australia,2026-06-19T19:00:00Z,2026-06-19T00:05:00+00:00,conversation-usa-australia-20260619,0-2,2-0,1.0,0
USA vs Australia,2026-06-19T19:00:00Z,2026-06-19T00:05:00+00:00,conversation-usa-australia-20260619,2-1,2-0,22.0,0
USA vs Australia,2026-06-19T19:00:00Z,2026-06-19T00:05:00+00:00,conversation-usa-australia-20260619,2-2,2-0,4.0,0
USA vs Australia,2026-06-19T19:00:00Z,2026-06-19T00:05:00+00:00,conversation-usa-australia-20260619,1-2,2-0,2.0,0
USA vs Australia,2026-06-19T19:00:00Z,2026-06-19T00:05:00+00:00,conversation-usa-australia-20260619,3-0,2-0,5.0,0
USA vs Australia,2026-06-19T19:00:00Z,2026-06-19T00:05:00+00:00,conversation-usa-australia-20260619,3-3,2-0,2.0,0
USA vs Australia,2026-06-19T19:00:00Z,2026-06-19T00:05:00+00:00,conversation-usa-australia-20260619,0-3,2-0,0.0,0
USA vs Australia,2026-06-19T19:00:00Z,2026-06-19T00:05:00+00:00,conversation-usa-australia-20260619,3-1,2-0,12.0,0
USA vs Australia,2026-06-19T19:00:00Z,2026-06-19T00:05:00+00:00,conversation-usa-australia-20260619,4-4,2-0,2.0,0
USA vs Australia,2026-06-19T19:00:00Z,2026-06-19T00:05:00+00:00,conversation-usa-australia-20260619,1-3,2-0,0.0,0
USA vs Australia,2026-06-19T19:00:00Z,2026-06-19T00:05:00+00:00,conversation-usa-australia-20260619,3-2,2-0,3.0,0
USA vs Australia,2026-06-19T19:00:00Z,2026-06-19T00:05:00+00:00,conversation-usa-australia-20260619,2-3,2-0,0.0,0
USA vs Australia,2026-06-19T19:00:00Z,2026-06-19T00:05:00+00:00,conversation-usa-australia-20260619,4-0,2-0,3.0,0
USA vs Australia,2026-06-19T19:00:00Z,2026-06-19T00:05:00+00:00,conversation-usa-australia-20260619,0-4,2-0,0.0,0
USA vs Australia,2026-06-19T19:00:00Z,2026-06-19T00:05:00+00:00,conversation-usa-australia-20260619,4-1,2-0,4.0,0
USA vs Australia,2026-06-19T19:00:00Z,2026-06-19T00:05:00+00:00,conversation-usa-australia-20260619,1-4,2-0,0.0,0
USA vs Australia,2026-06-19T19:00:00Z,2026-06-19T00:05:00+00:00,conversation-usa-australia-20260619,4-2,2-0,4.0,0
USA vs Australia,2026-06-19T19:00:00Z,2026-06-19T00:05:00+00:00,conversation-usa-australia-20260619,2-4,2-0,0.0,0
USA vs Australia,2026-06-19T19:00:00Z,2026-06-19T00:05:00+00:00,conversation-usa-australia-20260619,4-3,2-0,1.0,0
USA vs Australia,2026-06-19T19:00:00Z,2026-06-19T00:05:00+00:00,conversation-usa-australia-20260619,3-4,2-0,0.0,0
USA vs Australia,2026-06-19T19:00:00Z,2026-06-19T00:05:00+00:00,conversation-usa-australia-20260619,5-0,2-0,2.0,0
USA vs Australia,2026-06-19T19:00:00Z,2026-06-19T00:05:00+00:00,conversation-usa-australia-20260619,0-5,2-0,0.0,0
USA vs Australia,2026-06-19T19:00:00Z,2026-06-19T00:05:00+00:00,conversation-usa-australia-20260619,5-1,2-0,3.0,0
USA vs Australia,2026-06-19T19:00:00Z,2026-06-19T00:05:00+00:00,conversation-usa-australia-20260619,1-5,2-0,0.0,0
USA vs Australia,2026-06-19T19:00:00Z,2026-06-19T00:05:00+00:00,conversation-usa-australia-20260619,5-2,2-0,3.0,0
USA vs Australia,2026-06-19T19:00:00Z,2026-06-19T00:05:00+00:00,conversation-usa-australia-20260619,2-5,2-0,0.0,0
USA vs Australia,2026-06-19T19:00:00Z,2026-06-19T00:05:00+00:00,conversation-usa-australia-20260619,5-3,2-0,1.0,0
USA vs Australia,2026-06-19T19:00:00Z,2026-06-19T00:05:00+00:00,conversation-usa-australia-20260619,3-5,2-0,0.0,0
USA vs Australia,2026-06-19T19:00:00Z,2026-06-19T00:05:00+00:00,conversation-usa-australia-20260619,5-4,2-0,1.0,0
USA vs Australia,2026-06-19T19:00:00Z,2026-06-19T00:05:00+00:00,conversation-usa-australia-20260619,4-5,2-0,1.0,0
Scotland vs Morocco,2026-06-19T22:00:00Z,2026-06-19T00:10:00+00:00,conversation-scotland-morocco-20260620,1-0,0-1,1.0,0
Scotland vs Morocco,2026-06-19T22:00:00Z,2026-06-19T00:10:00+00:00,conversation-scotland-morocco-20260620,0-0,0-1,2.0,0
Scotland vs Morocco,2026-06-19T22:00:00Z,2026-06-19T00:10:00+00:00,conversation-scotland-morocco-20260620,0-1,0-1,8.0,1
Scotland vs Morocco,2026-06-19T22:00:00Z,2026-06-19T00:10:00+00:00,conversation-scotland-morocco-20260620,2-0,0-1,1.0,0
Scotland vs Morocco,2026-06-19T22:00:00Z,2026-06-19T00:10:00+00:00,conversation-scotland-morocco-20260620,1-1,0-1,6.0,0
Scotland vs Morocco,2026-06-19T22:00:00Z,2026-06-19T00:10:00+00:00,conversation-scotland-morocco-20260620,0-2,0-1,21.0,0
Scotland vs Morocco,2026-06-19T22:00:00Z,2026-06-19T00:10:00+00:00,conversation-scotland-morocco-20260620,2-1,0-1,2.0,0
Scotland vs Morocco,2026-06-19T22:00:00Z,2026-06-19T00:10:00+00:00,conversation-scotland-morocco-20260620,2-2,0-1,2.0,0
Scotland vs Morocco,2026-06-19T22:00:00Z,2026-06-19T00:10:00+00:00,conversation-scotland-morocco-20260620,1-2,0-1,18.0,0
Scotland vs Morocco,2026-06-19T22:00:00Z,2026-06-19T00:10:00+00:00,conversation-scotland-morocco-20260620,3-0,0-1,1.0,0
Scotland vs Morocco,2026-06-19T22:00:00Z,2026-06-19T00:10:00+00:00,conversation-scotland-morocco-20260620,3-3,0-1,0.0,0
Scotland vs Morocco,2026-06-19T22:00:00Z,2026-06-19T00:10:00+00:00,conversation-scotland-morocco-20260620,0-3,0-1,9.0,0
Scotland vs Morocco,2026-06-19T22:00:00Z,2026-06-19T00:10:00+00:00,conversation-scotland-morocco-20260620,3-1,0-1,1.0,0
Scotland vs Morocco,2026-06-19T22:00:00Z,2026-06-19T00:10:00+00:00,conversation-scotland-morocco-20260620,4-4,0-1,0.0,0
Scotland vs Morocco,2026-06-19T22:00:00Z,2026-06-19T00:10:00+00:00,conversation-scotland-morocco-20260620,1-3,0-1,14.0,0
Scotland vs Morocco,2026-06-19T22:00:00Z,2026-06-19T00:10:00+00:00,conversation-scotland-morocco-20260620,3-2,0-1,0.0,0
Scotland vs Morocco,2026-06-19T22:00:00Z,2026-06-19T00:10:00+00:00,conversation-scotland-morocco-20260620,2-3,0-1,2.0,0
Scotland vs Morocco,2026-06-19T22:00:00Z,2026-06-19T00:10:00+00:00,conversation-scotland-morocco-20260620,4-0,0-1,1.0,0
Scotland vs Morocco,2026-06-19T22:00:00Z,2026-06-19T00:10:00+00:00,conversation-scotland-morocco-20260620,0-4,0-1,1.0,0
Scotland vs Morocco,2026-06-19T22:00:00Z,2026-06-19T00:10:00+00:00,conversation-scotland-morocco-20260620,4-1,0-1,0.0,0
Scotland vs Morocco,2026-06-19T22:00:00Z,2026-06-19T00:10:00+00:00,conversation-scotland-morocco-20260620,1-4,0-1,2.0,0
Scotland vs Morocco,2026-06-19T22:00:00Z,2026-06-19T00:10:00+00:00,conversation-scotland-morocco-20260620,4-2,0-1,0.0,0
Scotland vs Morocco,2026-06-19T22:00:00Z,2026-06-19T00:10:00+00:00,conversation-scotland-morocco-20260620,2-4,0-1,1.0,0
Scotland vs Morocco,2026-06-19T22:00:00Z,2026-06-19T00:10:00+00:00,conversation-scotland-morocco-20260620,4-3,0-1,0.0,0
Scotland vs Morocco,2026-06-19T22:00:00Z,2026-06-19T00:10:00+00:00,conversation-scotland-morocco-20260620,3-4,0-1,0.0,0
Scotland vs Morocco,2026-06-19T22:00:00Z,2026-06-19T00:10:00+00:00,conversation-scotland-morocco-20260620,5-0,0-1,1.0,0
Scotland vs Morocco,2026-06-19T22:00:00Z,2026-06-19T00:10:00+00:00,conversation-scotland-morocco-20260620,0-5,0-1,1.0,0
Scotland vs Morocco,2026-06-19T22:00:00Z,2026-06-19T00:10:00+00:00,conversation-scotland-morocco-20260620,5-1,0-1,0.0,0
Scotland vs Morocco,2026-06-19T22:00:00Z,2026-06-19T00:10:00+00:00,conversation-scotland-morocco-20260620,1-5,0-1,1.0,0
Scotland vs Morocco,2026-06-19T22:00:00Z,2026-06-19T00:10:00+00:00,conversation-scotland-morocco-20260620,5-2,0-1,0.0,0
Scotland vs Morocco,2026-06-19T22:00:00Z,2026-06-19T00:10:00+00:00,conversation-scotland-morocco-20260620,2-5,0-1,1.0,0
Scotland vs Morocco,2026-06-19T22:00:00Z,2026-06-19T00:10:00+00:00,conversation-scotland-morocco-20260620,5-3,0-1,0.0,0
Scotland vs Morocco,2026-06-19T22:00:00Z,2026-06-19T00:10:00+00:00,conversation-scotland-morocco-20260620,3-5,0-1,1.0,0
Scotland vs Morocco,2026-06-19T22:00:00Z,2026-06-19T00:10:00+00:00,conversation-scotland-morocco-20260620,5-4,0-1,0.0,0
Scotland vs Morocco,2026-06-19T22:00:00Z,2026-06-19T00:10:00+00:00,conversation-scotland-morocco-20260620,4-5,0-1,1.0,0
Brazil vs Haiti,2026-06-20T00:32:00Z,2026-06-19T00:15:00+00:00,conversation-brazil-haiti-20260620,1-0,3-0,2.0,0
Brazil vs Haiti,2026-06-20T00:32:00Z,2026-06-19T00:15:00+00:00,conversation-brazil-haiti-20260620,0-0,3-0,2.0,0
Brazil vs Haiti,2026-06-20T00:32:00Z,2026-06-19T00:15:00+00:00,conversation-brazil-haiti-20260620,0-1,3-0,1.0,0
Brazil vs Haiti,2026-06-20T00:32:00Z,2026-06-19T00:15:00+00:00,conversation-brazil-haiti-20260620,2-0,3-0,7.0,0
Brazil vs Haiti,2026-06-20T00:32:00Z,2026-06-19T00:15:00+00:00,conversation-brazil-haiti-20260620,1-1,3-0,2.0,0
Brazil vs Haiti,2026-06-20T00:32:00Z,2026-06-19T00:15:00+00:00,conversation-brazil-haiti-20260620,0-2,3-0,1.0,0
Brazil vs Haiti,2026-06-20T00:32:00Z,2026-06-19T00:15:00+00:00,conversation-brazil-haiti-20260620,2-1,3-0,4.0,0
Brazil vs Haiti,2026-06-20T00:32:00Z,2026-06-19T00:15:00+00:00,conversation-brazil-haiti-20260620,2-2,3-0,1.0,0
Brazil vs Haiti,2026-06-20T00:32:00Z,2026-06-19T00:15:00+00:00,conversation-brazil-haiti-20260620,1-2,3-0,2.0,0
Brazil vs Haiti,2026-06-20T00:32:00Z,2026-06-19T00:15:00+00:00,conversation-brazil-haiti-20260620,3-0,3-0,14.0,1
Brazil vs Haiti,2026-06-20T00:32:00Z,2026-06-19T00:15:00+00:00,conversation-brazil-haiti-20260620,3-3,3-0,0.0,0
Brazil vs Haiti,2026-06-20T00:32:00Z,2026-06-19T00:15:00+00:00,conversation-brazil-haiti-20260620,0-3,3-0,1.0,0
Brazil vs Haiti,2026-06-20T00:32:00Z,2026-06-19T00:15:00+00:00,conversation-brazil-haiti-20260620,3-1,3-0,6.0,0
Brazil vs Haiti,2026-06-20T00:32:00Z,2026-06-19T00:15:00+00:00,conversation-brazil-haiti-20260620,4-4,3-0,0.0,0
Brazil vs Haiti,2026-06-20T00:32:00Z,2026-06-19T00:15:00+00:00,conversation-brazil-haiti-20260620,1-3,3-0,0.0,0
Brazil vs Haiti,2026-06-20T00:32:00Z,2026-06-19T00:15:00+00:00,conversation-brazil-haiti-20260620,3-2,3-0,2.0,0
Brazil vs Haiti,2026-06-20T00:32:00Z,2026-06-19T00:15:00+00:00,conversation-brazil-haiti-20260620,2-3,3-0,0.0,0
Brazil vs Haiti,2026-06-20T00:32:00Z,2026-06-19T00:15:00+00:00,conversation-brazil-haiti-20260620,4-0,3-0,14.0,0
Brazil vs Haiti,2026-06-20T00:32:00Z,2026-06-19T00:15:00+00:00,conversation-brazil-haiti-20260620,0-4,3-0,0.0,0
Brazil vs Haiti,2026-06-20T00:32:00Z,2026-06-19T00:15:00+00:00,conversation-brazil-haiti-20260620,4-1,3-0,5.0,0
Brazil vs Haiti,2026-06-20T00:32:00Z,2026-06-19T00:15:00+00:00,conversation-brazil-haiti-20260620,1-4,3-0,0.0,0
Brazil vs Haiti,2026-06-20T00:32:00Z,2026-06-19T00:15:00+00:00,conversation-brazil-haiti-20260620,4-2,3-0,1.0,0
Brazil vs Haiti,2026-06-20T00:32:00Z,2026-06-19T00:15:00+00:00,conversation-brazil-haiti-20260620,2-4,3-0,0.0,0
Brazil vs Haiti,2026-06-20T00:32:00Z,2026-06-19T00:15:00+00:00,conversation-brazil-haiti-20260620,4-3,3-0,0.0,0
Brazil vs Haiti,2026-06-20T00:32:00Z,2026-06-19T00:15:00+00:00,conversation-brazil-haiti-20260620,3-4,3-0,0.0,0
Brazil vs Haiti,2026-06-20T00:32:00Z,2026-06-19T00:15:00+00:00,conversation-brazil-haiti-20260620,5-0,3-0,11.0,0
Brazil vs Haiti,2026-06-20T00:32:00Z,2026-06-19T00:15:00+00:00,conversation-brazil-haiti-20260620,0-5,3-0,0.0,0
Brazil vs Haiti,2026-06-20T00:32:00Z,2026-06-19T00:15:00+00:00,conversation-brazil-haiti-20260620,5-1,3-0,3.0,0
Brazil vs Haiti,2026-06-20T00:32:00Z,2026-06-19T00:15:00+00:00,conversation-brazil-haiti-20260620,1-5,3-0,0.0,0
Brazil vs Haiti,2026-06-20T00:32:00Z,2026-06-19T00:15:00+00:00,conversation-brazil-haiti-20260620,5-2,3-0,0.0,0
Brazil vs Haiti,2026-06-20T00:32:00Z,2026-06-19T00:15:00+00:00,conversation-brazil-haiti-20260620,2-5,3-0,0.0,0
Brazil vs Haiti,2026-06-20T00:32:00Z,2026-06-19T00:15:00+00:00,conversation-brazil-haiti-20260620,5-3,3-0,0.0,0
Brazil vs Haiti,2026-06-20T00:32:00Z,2026-06-19T00:15:00+00:00,conversation-brazil-haiti-20260620,3-5,3-0,0.0,0
Brazil vs Haiti,2026-06-20T00:32:00Z,2026-06-19T00:15:00+00:00,conversation-brazil-haiti-20260620,5-4,3-0,0.0,0
Brazil vs Haiti,2026-06-20T00:32:00Z,2026-06-19T00:15:00+00:00,conversation-brazil-haiti-20260620,4-5,3-0,0.0,0
Turkey vs Paraguay,2026-06-20T03:00:00Z,2026-06-19T00:20:00+00:00,conversation-turkey-paraguay-20260620,1-0,0-1,8.0,0
Turkey vs Paraguay,2026-06-20T03:00:00Z,2026-06-19T00:20:00+00:00,conversation-turkey-paraguay-20260620,0-0,0-1,3.0,0
Turkey vs Paraguay,2026-06-20T03:00:00Z,2026-06-19T00:20:00+00:00,conversation-turkey-paraguay-20260620,0-1,0-1,2.0,1
Turkey vs Paraguay,2026-06-20T03:00:00Z,2026-06-19T00:20:00+00:00,conversation-turkey-paraguay-20260620,2-0,0-1,11.0,0
Turkey vs Paraguay,2026-06-20T03:00:00Z,2026-06-19T00:20:00+00:00,conversation-turkey-paraguay-20260620,1-1,0-1,12.0,0
Turkey vs Paraguay,2026-06-20T03:00:00Z,2026-06-19T00:20:00+00:00,conversation-turkey-paraguay-20260620,0-2,0-1,1.0,0
Turkey vs Paraguay,2026-06-20T03:00:00Z,2026-06-19T00:20:00+00:00,conversation-turkey-paraguay-20260620,2-1,0-1,27.0,0
Turkey vs Paraguay,2026-06-20T03:00:00Z,2026-06-19T00:20:00+00:00,conversation-turkey-paraguay-20260620,2-2,0-1,4.0,0
Turkey vs Paraguay,2026-06-20T03:00:00Z,2026-06-19T00:20:00+00:00,conversation-turkey-paraguay-20260620,1-2,0-1,3.0,0
Turkey vs Paraguay,2026-06-20T03:00:00Z,2026-06-19T00:20:00+00:00,conversation-turkey-paraguay-20260620,3-0,0-1,4.0,0
Turkey vs Paraguay,2026-06-20T03:00:00Z,2026-06-19T00:20:00+00:00,conversation-turkey-paraguay-20260620,3-3,0-1,0.0,0
Turkey vs Paraguay,2026-06-20T03:00:00Z,2026-06-19T00:20:00+00:00,conversation-turkey-paraguay-20260620,0-3,0-1,0.0,0
Turkey vs Paraguay,2026-06-20T03:00:00Z,2026-06-19T00:20:00+00:00,conversation-turkey-paraguay-20260620,3-1,0-1,9.0,0
Turkey vs Paraguay,2026-06-20T03:00:00Z,2026-06-19T00:20:00+00:00,conversation-turkey-paraguay-20260620,4-4,0-1,0.0,0
Turkey vs Paraguay,2026-06-20T03:00:00Z,2026-06-19T00:20:00+00:00,conversation-turkey-paraguay-20260620,1-3,0-1,1.0,0
Turkey vs Paraguay,2026-06-20T03:00:00Z,2026-06-19T00:20:00+00:00,conversation-turkey-paraguay-20260620,3-2,0-1,3.0,0
Turkey vs Paraguay,2026-06-20T03:00:00Z,2026-06-19T00:20:00+00:00,conversation-turkey-paraguay-20260620,2-3,0-1,0.0,0
Turkey vs Paraguay,2026-06-20T03:00:00Z,2026-06-19T00:20:00+00:00,conversation-turkey-paraguay-20260620,4-0,0-1,1.0,0
Turkey vs Paraguay,2026-06-20T03:00:00Z,2026-06-19T00:20:00+00:00,conversation-turkey-paraguay-20260620,0-4,0-1,0.0,0
Turkey vs Paraguay,2026-06-20T03:00:00Z,2026-06-19T00:20:00+00:00,conversation-turkey-paraguay-20260620,4-1,0-1,2.0,0
Turkey vs Paraguay,2026-06-20T03:00:00Z,2026-06-19T00:20:00+00:00,conversation-turkey-paraguay-20260620,1-4,0-1,0.0,0
Turkey vs Paraguay,2026-06-20T03:00:00Z,2026-06-19T00:20:00+00:00,conversation-turkey-paraguay-20260620,4-2,0-1,1.0,0
Turkey vs Paraguay,2026-06-20T03:00:00Z,2026-06-19T00:20:00+00:00,conversation-turkey-paraguay-20260620,2-4,0-1,0.0,0
Turkey vs Paraguay,2026-06-20T03:00:00Z,2026-06-19T00:20:00+00:00,conversation-turkey-paraguay-20260620,4-3,0-1,1.0,0
Turkey vs Paraguay,2026-06-20T03:00:00Z,2026-06-19T00:20:00+00:00,conversation-turkey-paraguay-20260620,3-4,0-1,0.0,0
Turkey vs Paraguay,2026-06-20T03:00:00Z,2026-06-19T00:20:00+00:00,conversation-turkey-paraguay-20260620,5-0,0-1,1.0,0
Turkey vs Paraguay,2026-06-20T03:00:00Z,2026-06-19T00:20:00+00:00,conversation-turkey-paraguay-20260620,0-5,0-1,0.0,0
Turkey vs Paraguay,2026-06-20T03:00:00Z,2026-06-19T00:20:00+00:00,conversation-turkey-paraguay-20260620,5-1,0-1,1.0,0
Turkey vs Paraguay,2026-06-20T03:00:00Z,2026-06-19T00:20:00+00:00,conversation-turkey-paraguay-20260620,1-5,0-1,0.0,0
Turkey vs Paraguay,2026-06-20T03:00:00Z,2026-06-19T00:20:00+00:00,conversation-turkey-paraguay-20260620,5-2,0-1,0.0,0
Turkey vs Paraguay,2026-06-20T03:00:00Z,2026-06-19T00:20:00+00:00,conversation-turkey-paraguay-20260620,2-5,0-1,1.0,0
Turkey vs Paraguay,2026-06-20T03:00:00Z,2026-06-19T00:20:00+00:00,conversation-turkey-paraguay-20260620,5-3,0-1,1.0,0
Turkey vs Paraguay,2026-06-20T03:00:00Z,2026-06-19T00:20:00+00:00,conversation-turkey-paraguay-20260620,3-5,0-1,1.0,0
Turkey vs Paraguay,2026-06-20T03:00:00Z,2026-06-19T00:20:00+00:00,conversation-turkey-paraguay-20260620,5-4,0-1,0.0,0
Turkey vs Paraguay,2026-06-20T03:00:00Z,2026-06-19T00:20:00+00:00,conversation-turkey-paraguay-20260620,4-5,0-1,1.0,0
Netherlands vs Sweden,2026-06-20T17:00:00Z,2026-06-20T00:00:00+00:00,conversation-netherlands-sweden-20260620,1-0,5-1,7.0,0
Netherlands vs Sweden,2026-06-20T17:00:00Z,2026-06-20T00:00:00+00:00,conversation-netherlands-sweden-20260620,0-0,5-1,2.0,0
Netherlands vs Sweden,2026-06-20T17:00:00Z,2026-06-20T00:00:00+00:00,conversation-netherlands-sweden-20260620,0-1,5-1,3.0,0
Netherlands vs Sweden,2026-06-20T17:00:00Z,2026-06-20T00:00:00+00:00,conversation-netherlands-sweden-20260620,2-0,5-1,7.0,0
Netherlands vs Sweden,2026-06-20T17:00:00Z,2026-06-20T00:00:00+00:00,conversation-netherlands-sweden-20260620,1-1,5-1,10.0,0
Netherlands vs Sweden,2026-06-20T17:00:00Z,2026-06-20T00:00:00+00:00,conversation-netherlands-sweden-20260620,0-2,5-1,3.0,0
Netherlands vs Sweden,2026-06-20T17:00:00Z,2026-06-20T00:00:00+00:00,conversation-netherlands-sweden-20260620,2-1,5-1,25.0,0
Netherlands vs Sweden,2026-06-20T17:00:00Z,2026-06-20T00:00:00+00:00,conversation-netherlands-sweden-20260620,2-2,5-1,15.0,0
Netherlands vs Sweden,2026-06-20T17:00:00Z,2026-06-20T00:00:00+00:00,conversation-netherlands-sweden-20260620,1-2,5-1,5.0,0
Netherlands vs Sweden,2026-06-20T17:00:00Z,2026-06-20T00:00:00+00:00,conversation-netherlands-sweden-20260620,3-0,5-1,1.0,0
Netherlands vs Sweden,2026-06-20T17:00:00Z,2026-06-20T00:00:00+00:00,conversation-netherlands-sweden-20260620,3-3,5-1,2.0,0
Netherlands vs Sweden,2026-06-20T17:00:00Z,2026-06-20T00:00:00+00:00,conversation-netherlands-sweden-20260620,0-3,5-1,0.0,0
Netherlands vs Sweden,2026-06-20T17:00:00Z,2026-06-20T00:00:00+00:00,conversation-netherlands-sweden-20260620,3-1,5-1,7.0,0
Netherlands vs Sweden,2026-06-20T17:00:00Z,2026-06-20T00:00:00+00:00,conversation-netherlands-sweden-20260620,4-4,5-1,1.0,0
Netherlands vs Sweden,2026-06-20T17:00:00Z,2026-06-20T00:00:00+00:00,conversation-netherlands-sweden-20260620,1-3,5-1,1.0,0
Netherlands vs Sweden,2026-06-20T17:00:00Z,2026-06-20T00:00:00+00:00,conversation-netherlands-sweden-20260620,3-2,5-1,3.0,0
Netherlands vs Sweden,2026-06-20T17:00:00Z,2026-06-20T00:00:00+00:00,conversation-netherlands-sweden-20260620,2-3,5-1,1.0,0
Netherlands vs Sweden,2026-06-20T17:00:00Z,2026-06-20T00:00:00+00:00,conversation-netherlands-sweden-20260620,4-0,5-1,1.0,0
Netherlands vs Sweden,2026-06-20T17:00:00Z,2026-06-20T00:00:00+00:00,conversation-netherlands-sweden-20260620,0-4,5-1,0.0,0
Netherlands vs Sweden,2026-06-20T17:00:00Z,2026-06-20T00:00:00+00:00,conversation-netherlands-sweden-20260620,4-1,5-1,1.0,0
Netherlands vs Sweden,2026-06-20T17:00:00Z,2026-06-20T00:00:00+00:00,conversation-netherlands-sweden-20260620,1-4,5-1,0.0,0
Netherlands vs Sweden,2026-06-20T17:00:00Z,2026-06-20T00:00:00+00:00,conversation-netherlands-sweden-20260620,4-2,5-1,1.0,0
Netherlands vs Sweden,2026-06-20T17:00:00Z,2026-06-20T00:00:00+00:00,conversation-netherlands-sweden-20260620,2-4,5-1,1.0,0
Netherlands vs Sweden,2026-06-20T17:00:00Z,2026-06-20T00:00:00+00:00,conversation-netherlands-sweden-20260620,4-3,5-1,0.0,0
Netherlands vs Sweden,2026-06-20T17:00:00Z,2026-06-20T00:00:00+00:00,conversation-netherlands-sweden-20260620,3-4,5-1,0.0,0
Netherlands vs Sweden,2026-06-20T17:00:00Z,2026-06-20T00:00:00+00:00,conversation-netherlands-sweden-20260620,5-0,5-1,1.0,0
Netherlands vs Sweden,2026-06-20T17:00:00Z,2026-06-20T00:00:00+00:00,conversation-netherlands-sweden-20260620,0-5,5-1,0.0,0
Netherlands vs Sweden,2026-06-20T17:00:00Z,2026-06-20T00:00:00+00:00,conversation-netherlands-sweden-20260620,5-1,5-1,0.0,1
Netherlands vs Sweden,2026-06-20T17:00:00Z,2026-06-20T00:00:00+00:00,conversation-netherlands-sweden-20260620,1-5,5-1,0.0,0
Netherlands vs Sweden,2026-06-20T17:00:00Z,2026-06-20T00:00:00+00:00,conversation-netherlands-sweden-20260620,5-2,5-1,0.0,0
Netherlands vs Sweden,2026-06-20T17:00:00Z,2026-06-20T00:00:00+00:00,conversation-netherlands-sweden-20260620,2-5,5-1,1.0,0
Netherlands vs Sweden,2026-06-20T17:00:00Z,2026-06-20T00:00:00+00:00,conversation-netherlands-sweden-20260620,5-3,5-1,0.0,0
Netherlands vs Sweden,2026-06-20T17:00:00Z,2026-06-20T00:00:00+00:00,conversation-netherlands-sweden-20260620,3-5,5-1,1.0,0
Netherlands vs Sweden,2026-06-20T17:00:00Z,2026-06-20T00:00:00+00:00,conversation-netherlands-sweden-20260620,5-4,5-1,0.0,0
Netherlands vs Sweden,2026-06-20T17:00:00Z,2026-06-20T00:00:00+00:00,conversation-netherlands-sweden-20260620,4-5,5-1,1.0,0
Germany vs Ivory Coast,2026-06-20T20:00:00Z,2026-06-20T00:05:00+00:00,conversation-germany-ivory-coast-20260620,1-0,2-1,4.0,0
Germany vs Ivory Coast,2026-06-20T20:00:00Z,2026-06-20T00:05:00+00:00,conversation-germany-ivory-coast-20260620,0-0,2-1,1.0,0
Germany vs Ivory Coast,2026-06-20T20:00:00Z,2026-06-20T00:05:00+00:00,conversation-germany-ivory-coast-20260620,0-1,2-1,1.0,0
Germany vs Ivory Coast,2026-06-20T20:00:00Z,2026-06-20T00:05:00+00:00,conversation-germany-ivory-coast-20260620,2-0,2-1,12.0,0
Germany vs Ivory Coast,2026-06-20T20:00:00Z,2026-06-20T00:05:00+00:00,conversation-germany-ivory-coast-20260620,1-1,2-1,4.0,0
Germany vs Ivory Coast,2026-06-20T20:00:00Z,2026-06-20T00:05:00+00:00,conversation-germany-ivory-coast-20260620,0-2,2-1,1.0,0
Germany vs Ivory Coast,2026-06-20T20:00:00Z,2026-06-20T00:05:00+00:00,conversation-germany-ivory-coast-20260620,2-1,2-1,19.0,1
Germany vs Ivory Coast,2026-06-20T20:00:00Z,2026-06-20T00:05:00+00:00,conversation-germany-ivory-coast-20260620,2-2,2-1,4.0,0
Germany vs Ivory Coast,2026-06-20T20:00:00Z,2026-06-20T00:05:00+00:00,conversation-germany-ivory-coast-20260620,1-2,2-1,4.0,0
Germany vs Ivory Coast,2026-06-20T20:00:00Z,2026-06-20T00:05:00+00:00,conversation-germany-ivory-coast-20260620,3-0,2-1,6.0,0
Germany vs Ivory Coast,2026-06-20T20:00:00Z,2026-06-20T00:05:00+00:00,conversation-germany-ivory-coast-20260620,3-3,2-1,0.0,0
Germany vs Ivory Coast,2026-06-20T20:00:00Z,2026-06-20T00:05:00+00:00,conversation-germany-ivory-coast-20260620,0-3,2-1,1.0,0
Germany vs Ivory Coast,2026-06-20T20:00:00Z,2026-06-20T00:05:00+00:00,conversation-germany-ivory-coast-20260620,3-1,2-1,22.0,0
Germany vs Ivory Coast,2026-06-20T20:00:00Z,2026-06-20T00:05:00+00:00,conversation-germany-ivory-coast-20260620,4-4,2-1,0.0,0
Germany vs Ivory Coast,2026-06-20T20:00:00Z,2026-06-20T00:05:00+00:00,conversation-germany-ivory-coast-20260620,1-3,2-1,0.0,0
Germany vs Ivory Coast,2026-06-20T20:00:00Z,2026-06-20T00:05:00+00:00,conversation-germany-ivory-coast-20260620,3-2,2-1,3.0,0
Germany vs Ivory Coast,2026-06-20T20:00:00Z,2026-06-20T00:05:00+00:00,conversation-germany-ivory-coast-20260620,2-3,2-1,1.0,0
Germany vs Ivory Coast,2026-06-20T20:00:00Z,2026-06-20T00:05:00+00:00,conversation-germany-ivory-coast-20260620,4-0,2-1,4.0,0
Germany vs Ivory Coast,2026-06-20T20:00:00Z,2026-06-20T00:05:00+00:00,conversation-germany-ivory-coast-20260620,0-4,2-1,0.0,0
Germany vs Ivory Coast,2026-06-20T20:00:00Z,2026-06-20T00:05:00+00:00,conversation-germany-ivory-coast-20260620,4-1,2-1,4.0,0
Germany vs Ivory Coast,2026-06-20T20:00:00Z,2026-06-20T00:05:00+00:00,conversation-germany-ivory-coast-20260620,1-4,2-1,0.0,0
Germany vs Ivory Coast,2026-06-20T20:00:00Z,2026-06-20T00:05:00+00:00,conversation-germany-ivory-coast-20260620,4-2,2-1,3.0,0
Germany vs Ivory Coast,2026-06-20T20:00:00Z,2026-06-20T00:05:00+00:00,conversation-germany-ivory-coast-20260620,2-4,2-1,0.0,0
Germany vs Ivory Coast,2026-06-20T20:00:00Z,2026-06-20T00:05:00+00:00,conversation-germany-ivory-coast-20260620,4-3,2-1,0.0,0
Germany vs Ivory Coast,2026-06-20T20:00:00Z,2026-06-20T00:05:00+00:00,conversation-germany-ivory-coast-20260620,3-4,2-1,0.0,0
Germany vs Ivory Coast,2026-06-20T20:00:00Z,2026-06-20T00:05:00+00:00,conversation-germany-ivory-coast-20260620,5-0,2-1,1.0,0
Germany vs Ivory Coast,2026-06-20T20:00:00Z,2026-06-20T00:05:00+00:00,conversation-germany-ivory-coast-20260620,0-5,2-1,0.0,0
Germany vs Ivory Coast,2026-06-20T20:00:00Z,2026-06-20T00:05:00+00:00,conversation-germany-ivory-coast-20260620,5-1,2-1,1.0,0
Germany vs Ivory Coast,2026-06-20T20:00:00Z,2026-06-20T00:05:00+00:00,conversation-germany-ivory-coast-20260620,1-5,2-1,0.0,0
Germany vs Ivory Coast,2026-06-20T20:00:00Z,2026-06-20T00:05:00+00:00,conversation-germany-ivory-coast-20260620,5-2,2-1,1.0,0
Germany vs Ivory Coast,2026-06-20T20:00:00Z,2026-06-20T00:05:00+00:00,conversation-germany-ivory-coast-20260620,2-5,2-1,0.0,0
Germany vs Ivory Coast,2026-06-20T20:00:00Z,2026-06-20T00:05:00+00:00,conversation-germany-ivory-coast-20260620,5-3,2-1,0.0,0
Germany vs Ivory Coast,2026-06-20T20:00:00Z,2026-06-20T00:05:00+00:00,conversation-germany-ivory-coast-20260620,3-5,2-1,0.0,0
Germany vs Ivory Coast,2026-06-20T20:00:00Z,2026-06-20T00:05:00+00:00,conversation-germany-ivory-coast-20260620,5-4,2-1,0.0,0
Germany vs Ivory Coast,2026-06-20T20:00:00Z,2026-06-20T00:05:00+00:00,conversation-germany-ivory-coast-20260620,4-5,2-1,1.0,0
Ecuador vs Curaçao,2026-06-21T00:00:00Z,2026-06-20T00:10:00+00:00,conversation-ecuador-curacao-20260621,1-0,0-0,16.0,0
Ecuador vs Curaçao,2026-06-21T00:00:00Z,2026-06-20T00:10:00+00:00,conversation-ecuador-curacao-20260621,0-0,0-0,3.0,1
Ecuador vs Curaçao,2026-06-21T00:00:00Z,2026-06-20T00:10:00+00:00,conversation-ecuador-curacao-20260621,0-1,0-0,1.0,0
Ecuador vs Curaçao,2026-06-21T00:00:00Z,2026-06-20T00:10:00+00:00,conversation-ecuador-curacao-20260621,2-0,0-0,21.0,0
Ecuador vs Curaçao,2026-06-21T00:00:00Z,2026-06-20T00:10:00+00:00,conversation-ecuador-curacao-20260621,1-1,0-0,3.0,0
Ecuador vs Curaçao,2026-06-21T00:00:00Z,2026-06-20T00:10:00+00:00,conversation-ecuador-curacao-20260621,0-2,0-0,1.0,0
Ecuador vs Curaçao,2026-06-21T00:00:00Z,2026-06-20T00:10:00+00:00,conversation-ecuador-curacao-20260621,2-1,0-0,4.0,0
Ecuador vs Curaçao,2026-06-21T00:00:00Z,2026-06-20T00:10:00+00:00,conversation-ecuador-curacao-20260621,2-2,0-0,1.0,0
Ecuador vs Curaçao,2026-06-21T00:00:00Z,2026-06-20T00:10:00+00:00,conversation-ecuador-curacao-20260621,1-2,0-0,3.0,0
Ecuador vs Curaçao,2026-06-21T00:00:00Z,2026-06-20T00:10:00+00:00,conversation-ecuador-curacao-20260621,3-0,0-0,17.0,0
Ecuador vs Curaçao,2026-06-21T00:00:00Z,2026-06-20T00:10:00+00:00,conversation-ecuador-curacao-20260621,3-3,0-0,0.0,0
Ecuador vs Curaçao,2026-06-21T00:00:00Z,2026-06-20T00:10:00+00:00,conversation-ecuador-curacao-20260621,0-3,0-0,0.0,0
Ecuador vs Curaçao,2026-06-21T00:00:00Z,2026-06-20T00:10:00+00:00,conversation-ecuador-curacao-20260621,3-1,0-0,7.0,0
Ecuador vs Curaçao,2026-06-21T00:00:00Z,2026-06-20T00:10:00+00:00,conversation-ecuador-curacao-20260621,4-4,0-0,0.0,0
Ecuador vs Curaçao,2026-06-21T00:00:00Z,2026-06-20T00:10:00+00:00,conversation-ecuador-curacao-20260621,1-3,0-0,0.0,0
Ecuador vs Curaçao,2026-06-21T00:00:00Z,2026-06-20T00:10:00+00:00,conversation-ecuador-curacao-20260621,3-2,0-0,1.0,0
Ecuador vs Curaçao,2026-06-21T00:00:00Z,2026-06-20T00:10:00+00:00,conversation-ecuador-curacao-20260621,2-3,0-0,0.0,0
Ecuador vs Curaçao,2026-06-21T00:00:00Z,2026-06-20T00:10:00+00:00,conversation-ecuador-curacao-20260621,4-0,0-0,6.0,0
Ecuador vs Curaçao,2026-06-21T00:00:00Z,2026-06-20T00:10:00+00:00,conversation-ecuador-curacao-20260621,0-4,0-0,0.0,0
Ecuador vs Curaçao,2026-06-21T00:00:00Z,2026-06-20T00:10:00+00:00,conversation-ecuador-curacao-20260621,4-1,0-0,2.0,0
Ecuador vs Curaçao,2026-06-21T00:00:00Z,2026-06-20T00:10:00+00:00,conversation-ecuador-curacao-20260621,1-4,0-0,0.0,0
Ecuador vs Curaçao,2026-06-21T00:00:00Z,2026-06-20T00:10:00+00:00,conversation-ecuador-curacao-20260621,4-2,0-0,1.0,0
Ecuador vs Curaçao,2026-06-21T00:00:00Z,2026-06-20T00:10:00+00:00,conversation-ecuador-curacao-20260621,2-4,0-0,0.0,0
Ecuador vs Curaçao,2026-06-21T00:00:00Z,2026-06-20T00:10:00+00:00,conversation-ecuador-curacao-20260621,4-3,0-0,0.0,0
Ecuador vs Curaçao,2026-06-21T00:00:00Z,2026-06-20T00:10:00+00:00,conversation-ecuador-curacao-20260621,3-4,0-0,0.0,0
Ecuador vs Curaçao,2026-06-21T00:00:00Z,2026-06-20T00:10:00+00:00,conversation-ecuador-curacao-20260621,5-0,0-0,2.0,0
Ecuador vs Curaçao,2026-06-21T00:00:00Z,2026-06-20T00:10:00+00:00,conversation-ecuador-curacao-20260621,0-5,0-0,0.0,0
Ecuador vs Curaçao,2026-06-21T00:00:00Z,2026-06-20T00:10:00+00:00,conversation-ecuador-curacao-20260621,5-1,0-0,1.0,0
Ecuador vs Curaçao,2026-06-21T00:00:00Z,2026-06-20T00:10:00+00:00,conversation-ecuador-curacao-20260621,1-5,0-0,1.0,0
Ecuador vs Curaçao,2026-06-21T00:00:00Z,2026-06-20T00:10:00+00:00,conversation-ecuador-curacao-20260621,5-2,0-0,0.0,0
Ecuador vs Curaçao,2026-06-21T00:00:00Z,2026-06-20T00:10:00+00:00,conversation-ecuador-curacao-20260621,2-5,0-0,1.0,0
Ecuador vs Curaçao,2026-06-21T00:00:00Z,2026-06-20T00:10:00+00:00,conversation-ecuador-curacao-20260621,5-3,0-0,0.0,0
Ecuador vs Curaçao,2026-06-21T00:00:00Z,2026-06-20T00:10:00+00:00,conversation-ecuador-curacao-20260621,3-5,0-0,1.0,0
Ecuador vs Curaçao,2026-06-21T00:00:00Z,2026-06-20T00:10:00+00:00,conversation-ecuador-curacao-20260621,5-4,0-0,0.0,0
Ecuador vs Curaçao,2026-06-21T00:00:00Z,2026-06-20T00:10:00+00:00,conversation-ecuador-curacao-20260621,4-5,0-0,1.0,0
Tunisia vs Japan,2026-06-21T04:00:00Z,2026-06-20T00:15:00+00:00,conversation-tunisia-japan-20260621,1-0,0-4,2.0,0
Tunisia vs Japan,2026-06-21T04:00:00Z,2026-06-20T00:15:00+00:00,conversation-tunisia-japan-20260621,0-0,0-4,2.0,0
Tunisia vs Japan,2026-06-21T04:00:00Z,2026-06-20T00:15:00+00:00,conversation-tunisia-japan-20260621,0-1,0-4,8.0,0
Tunisia vs Japan,2026-06-21T04:00:00Z,2026-06-20T00:15:00+00:00,conversation-tunisia-japan-20260621,2-0,0-4,4.0,0
Tunisia vs Japan,2026-06-21T04:00:00Z,2026-06-20T00:15:00+00:00,conversation-tunisia-japan-20260621,1-1,0-4,5.0,0
Tunisia vs Japan,2026-06-21T04:00:00Z,2026-06-20T00:15:00+00:00,conversation-tunisia-japan-20260621,0-2,0-4,22.0,0
Tunisia vs Japan,2026-06-21T04:00:00Z,2026-06-20T00:15:00+00:00,conversation-tunisia-japan-20260621,2-1,0-4,2.0,0
Tunisia vs Japan,2026-06-21T04:00:00Z,2026-06-20T00:15:00+00:00,conversation-tunisia-japan-20260621,2-2,0-4,2.0,0
Tunisia vs Japan,2026-06-21T04:00:00Z,2026-06-20T00:15:00+00:00,conversation-tunisia-japan-20260621,1-2,0-4,15.0,0
Tunisia vs Japan,2026-06-21T04:00:00Z,2026-06-20T00:15:00+00:00,conversation-tunisia-japan-20260621,3-0,0-4,1.0,0
Tunisia vs Japan,2026-06-21T04:00:00Z,2026-06-20T00:15:00+00:00,conversation-tunisia-japan-20260621,3-3,0-4,0.0,0
Tunisia vs Japan,2026-06-21T04:00:00Z,2026-06-20T00:15:00+00:00,conversation-tunisia-japan-20260621,0-3,0-4,9.0,0
Tunisia vs Japan,2026-06-21T04:00:00Z,2026-06-20T00:15:00+00:00,conversation-tunisia-japan-20260621,3-1,0-4,1.0,0
Tunisia vs Japan,2026-06-21T04:00:00Z,2026-06-20T00:15:00+00:00,conversation-tunisia-japan-20260621,4-4,0-4,0.0,0
Tunisia vs Japan,2026-06-21T04:00:00Z,2026-06-20T00:15:00+00:00,conversation-tunisia-japan-20260621,1-3,0-4,12.0,0
Tunisia vs Japan,2026-06-21T04:00:00Z,2026-06-20T00:15:00+00:00,conversation-tunisia-japan-20260621,3-2,0-4,0.0,0
Tunisia vs Japan,2026-06-21T04:00:00Z,2026-06-20T00:15:00+00:00,conversation-tunisia-japan-20260621,2-3,0-4,2.0,0
Tunisia vs Japan,2026-06-21T04:00:00Z,2026-06-20T00:15:00+00:00,conversation-tunisia-japan-20260621,4-0,0-4,1.0,0
Tunisia vs Japan,2026-06-21T04:00:00Z,2026-06-20T00:15:00+00:00,conversation-tunisia-japan-20260621,0-4,0-4,2.0,1
Tunisia vs Japan,2026-06-21T04:00:00Z,2026-06-20T00:15:00+00:00,conversation-tunisia-japan-20260621,4-1,0-4,0.0,0
Tunisia vs Japan,2026-06-21T04:00:00Z,2026-06-20T00:15:00+00:00,conversation-tunisia-japan-20260621,1-4,0-4,3.0,0
Tunisia vs Japan,2026-06-21T04:00:00Z,2026-06-20T00:15:00+00:00,conversation-tunisia-japan-20260621,4-2,0-4,0.0,0
Tunisia vs Japan,2026-06-21T04:00:00Z,2026-06-20T00:15:00+00:00,conversation-tunisia-japan-20260621,2-4,0-4,1.0,0
Tunisia vs Japan,2026-06-21T04:00:00Z,2026-06-20T00:15:00+00:00,conversation-tunisia-japan-20260621,4-3,0-4,0.0,0
Tunisia vs Japan,2026-06-21T04:00:00Z,2026-06-20T00:15:00+00:00,conversation-tunisia-japan-20260621,3-4,0-4,0.0,0
Tunisia vs Japan,2026-06-21T04:00:00Z,2026-06-20T00:15:00+00:00,conversation-tunisia-japan-20260621,5-0,0-4,0.0,0
Tunisia vs Japan,2026-06-21T04:00:00Z,2026-06-20T00:15:00+00:00,conversation-tunisia-japan-20260621,0-5,0-4,1.0,0
Tunisia vs Japan,2026-06-21T04:00:00Z,2026-06-20T00:15:00+00:00,conversation-tunisia-japan-20260621,5-1,0-4,0.0,0
Tunisia vs Japan,2026-06-21T04:00:00Z,2026-06-20T00:15:00+00:00,conversation-tunisia-japan-20260621,1-5,0-4,1.0,0
Tunisia vs Japan,2026-06-21T04:00:00Z,2026-06-20T00:15:00+00:00,conversation-tunisia-japan-20260621,5-2,0-4,0.0,0
Tunisia vs Japan,2026-06-21T04:00:00Z,2026-06-20T00:15:00+00:00,conversation-tunisia-japan-20260621,2-5,0-4,1.0,0
Tunisia vs Japan,2026-06-21T04:00:00Z,2026-06-20T00:15:00+00:00,conversation-tunisia-japan-20260621,5-3,0-4,0.0,0
Tunisia vs Japan,2026-06-21T04:00:00Z,2026-06-20T00:15:00+00:00,conversation-tunisia-japan-20260621,3-5,0-4,1.0,0
Tunisia vs Japan,2026-06-21T04:00:00Z,2026-06-20T00:15:00+00:00,conversation-tunisia-japan-20260621,5-4,0-4,0.0,0
Tunisia vs Japan,2026-06-21T04:00:00Z,2026-06-20T00:15:00+00:00,conversation-tunisia-japan-20260621,4-5,0-4,1.0,0
Spain vs Saudi Arabia,2026-06-21T16:00:00Z,2026-06-21T00:00:00+00:00,conversation-spain-saudi-20260621,1-0,4-0,5.0,0
Spain vs Saudi Arabia,2026-06-21T16:00:00Z,2026-06-21T00:00:00+00:00,conversation-spain-saudi-20260621,2-0,4-0,14.0,0
Spain vs Saudi Arabia,2026-06-21T16:00:00Z,2026-06-21T00:00:00+00:00,conversation-spain-saudi-20260621,2-1,4-0,9.0,0
Spain vs Saudi Arabia,2026-06-21T16:00:00Z,2026-06-21T00:00:00+00:00,conversation-spain-saudi-20260621,3-0,4-0,17.0,0
Spain vs Saudi Arabia,2026-06-21T16:00:00Z,2026-06-21T00:00:00+00:00,conversation-spain-saudi-20260621,3-1,4-0,10.0,0
Spain vs Saudi Arabia,2026-06-21T16:00:00Z,2026-06-21T00:00:00+00:00,conversation-spain-saudi-20260621,3-2,4-0,1.0,0
Spain vs Saudi Arabia,2026-06-21T16:00:00Z,2026-06-21T00:00:00+00:00,conversation-spain-saudi-20260621,4-0,4-0,9.0,1
Spain vs Saudi Arabia,2026-06-21T16:00:00Z,2026-06-21T00:00:00+00:00,conversation-spain-saudi-20260621,4-1,4-0,6.0,0
Spain vs Saudi Arabia,2026-06-21T16:00:00Z,2026-06-21T00:00:00+00:00,conversation-spain-saudi-20260621,4-2,4-0,1.0,0
Spain vs Saudi Arabia,2026-06-21T16:00:00Z,2026-06-21T00:00:00+00:00,conversation-spain-saudi-20260621,4-3,4-0,0.0,0
Spain vs Saudi Arabia,2026-06-21T16:00:00Z,2026-06-21T00:00:00+00:00,conversation-spain-saudi-20260621,5-0,4-0,6.0,0
Spain vs Saudi Arabia,2026-06-21T16:00:00Z,2026-06-21T00:00:00+00:00,conversation-spain-saudi-20260621,5-1,4-0,3.0,0
Spain vs Saudi Arabia,2026-06-21T16:00:00Z,2026-06-21T00:00:00+00:00,conversation-spain-saudi-20260621,5-2,4-0,1.0,0
Spain vs Saudi Arabia,2026-06-21T16:00:00Z,2026-06-21T00:00:00+00:00,conversation-spain-saudi-20260621,5-3,4-0,1.0,0
Spain vs Saudi Arabia,2026-06-21T16:00:00Z,2026-06-21T00:00:00+00:00,conversation-spain-saudi-20260621,5-4,4-0,0.0,0
Spain vs Saudi Arabia,2026-06-21T16:00:00Z,2026-06-21T00:00:00+00:00,conversation-spain-saudi-20260621,0-0,4-0,3.0,0
Spain vs Saudi Arabia,2026-06-21T16:00:00Z,2026-06-21T00:00:00+00:00,conversation-spain-saudi-20260621,1-1,4-0,3.0,0
Spain vs Saudi Arabia,2026-06-21T16:00:00Z,2026-06-21T00:00:00+00:00,conversation-spain-saudi-20260621,2-2,4-0,1.0,0
Spain vs Saudi Arabia,2026-06-21T16:00:00Z,2026-06-21T00:00:00+00:00,conversation-spain-saudi-20260621,3-3,4-0,0.0,0
Spain vs Saudi Arabia,2026-06-21T16:00:00Z,2026-06-21T00:00:00+00:00,conversation-spain-saudi-20260621,4-4,4-0,0.0,0
Spain vs Saudi Arabia,2026-06-21T16:00:00Z,2026-06-21T00:00:00+00:00,conversation-spain-saudi-20260621,0-1,4-0,2.0,0
Spain vs Saudi Arabia,2026-06-21T16:00:00Z,2026-06-21T00:00:00+00:00,conversation-spain-saudi-20260621,0-2,4-0,0.0,0
Spain vs Saudi Arabia,2026-06-21T16:00:00Z,2026-06-21T00:00:00+00:00,conversation-spain-saudi-20260621,1-2,4-0,2.0,0
Spain vs Saudi Arabia,2026-06-21T16:00:00Z,2026-06-21T00:00:00+00:00,conversation-spain-saudi-20260621,0-3,4-0,0.0,0
Spain vs Saudi Arabia,2026-06-21T16:00:00Z,2026-06-21T00:00:00+00:00,conversation-spain-saudi-20260621,1-3,4-0,1.0,0
Spain vs Saudi Arabia,2026-06-21T16:00:00Z,2026-06-21T00:00:00+00:00,conversation-spain-saudi-20260621,2-3,4-0,0.0,0
Spain vs Saudi Arabia,2026-06-21T16:00:00Z,2026-06-21T00:00:00+00:00,conversation-spain-saudi-20260621,0-4,4-0,0.0,0
Spain vs Saudi Arabia,2026-06-21T16:00:00Z,2026-06-21T00:00:00+00:00,conversation-spain-saudi-20260621,1-4,4-0,0.0,0
Spain vs Saudi Arabia,2026-06-21T16:00:00Z,2026-06-21T00:00:00+00:00,conversation-spain-saudi-20260621,2-4,4-0,0.0,0
Spain vs Saudi Arabia,2026-06-21T16:00:00Z,2026-06-21T00:00:00+00:00,conversation-spain-saudi-20260621,3-4,4-0,0.0,0
Spain vs Saudi Arabia,2026-06-21T16:00:00Z,2026-06-21T00:00:00+00:00,conversation-spain-saudi-20260621,0-5,4-0,0.0,0
Spain vs Saudi Arabia,2026-06-21T16:00:00Z,2026-06-21T00:00:00+00:00,conversation-spain-saudi-20260621,1-5,4-0,0.0,0
Spain vs Saudi Arabia,2026-06-21T16:00:00Z,2026-06-21T00:00:00+00:00,conversation-spain-saudi-20260621,2-5,4-0,0.0,0
Spain vs Saudi Arabia,2026-06-21T16:00:00Z,2026-06-21T00:00:00+00:00,conversation-spain-saudi-20260621,3-5,4-0,0.0,0
Spain vs Saudi Arabia,2026-06-21T16:00:00Z,2026-06-21T00:00:00+00:00,conversation-spain-saudi-20260621,4-5,4-0,1.0,0
Belgium vs Iran,2026-06-21T19:00:00Z,2026-06-21T00:05:00+00:00,conversation-belgium-iran-20260621,1-0,0-0,4.0,0
Belgium vs Iran,2026-06-21T19:00:00Z,2026-06-21T00:05:00+00:00,conversation-belgium-iran-20260621,2-0,0-0,18.0,0
Belgium vs Iran,2026-06-21T19:00:00Z,2026-06-21T00:05:00+00:00,conversation-belgium-iran-20260621,2-1,0-0,22.0,0
Belgium vs Iran,2026-06-21T19:00:00Z,2026-06-21T00:05:00+00:00,conversation-belgium-iran-20260621,3-0,0-0,9.0,0
Belgium vs Iran,2026-06-21T19:00:00Z,2026-06-21T00:05:00+00:00,conversation-belgium-iran-20260621,3-1,0-0,14.0,0
Belgium vs Iran,2026-06-21T19:00:00Z,2026-06-21T00:05:00+00:00,conversation-belgium-iran-20260621,3-2,0-0,2.0,0
Belgium vs Iran,2026-06-21T19:00:00Z,2026-06-21T00:05:00+00:00,conversation-belgium-iran-20260621,4-0,0-0,5.0,0
Belgium vs Iran,2026-06-21T19:00:00Z,2026-06-21T00:05:00+00:00,conversation-belgium-iran-20260621,4-1,0-0,3.0,0
Belgium vs Iran,2026-06-21T19:00:00Z,2026-06-21T00:05:00+00:00,conversation-belgium-iran-20260621,4-2,0-0,1.0,0
Belgium vs Iran,2026-06-21T19:00:00Z,2026-06-21T00:05:00+00:00,conversation-belgium-iran-20260621,4-3,0-0,0.0,0
Belgium vs Iran,2026-06-21T19:00:00Z,2026-06-21T00:05:00+00:00,conversation-belgium-iran-20260621,5-0,0-0,4.0,0
Belgium vs Iran,2026-06-21T19:00:00Z,2026-06-21T00:05:00+00:00,conversation-belgium-iran-20260621,5-1,0-0,2.0,0
Belgium vs Iran,2026-06-21T19:00:00Z,2026-06-21T00:05:00+00:00,conversation-belgium-iran-20260621,5-2,0-0,1.0,0
Belgium vs Iran,2026-06-21T19:00:00Z,2026-06-21T00:05:00+00:00,conversation-belgium-iran-20260621,5-3,0-0,1.0,0
Belgium vs Iran,2026-06-21T19:00:00Z,2026-06-21T00:05:00+00:00,conversation-belgium-iran-20260621,5-4,0-0,1.0,0
Belgium vs Iran,2026-06-21T19:00:00Z,2026-06-21T00:05:00+00:00,conversation-belgium-iran-20260621,0-0,0-0,1.0,1
Belgium vs Iran,2026-06-21T19:00:00Z,2026-06-21T00:05:00+00:00,conversation-belgium-iran-20260621,1-1,0-0,3.0,0
Belgium vs Iran,2026-06-21T19:00:00Z,2026-06-21T00:05:00+00:00,conversation-belgium-iran-20260621,2-2,0-0,2.0,0
Belgium vs Iran,2026-06-21T19:00:00Z,2026-06-21T00:05:00+00:00,conversation-belgium-iran-20260621,3-3,0-0,1.0,0
Belgium vs Iran,2026-06-21T19:00:00Z,2026-06-21T00:05:00+00:00,conversation-belgium-iran-20260621,4-4,0-0,0.0,0
Belgium vs Iran,2026-06-21T19:00:00Z,2026-06-21T00:05:00+00:00,conversation-belgium-iran-20260621,0-1,0-0,1.0,0
Belgium vs Iran,2026-06-21T19:00:00Z,2026-06-21T00:05:00+00:00,conversation-belgium-iran-20260621,0-2,0-0,1.0,0
Belgium vs Iran,2026-06-21T19:00:00Z,2026-06-21T00:05:00+00:00,conversation-belgium-iran-20260621,1-2,0-0,1.0,0
Belgium vs Iran,2026-06-21T19:00:00Z,2026-06-21T00:05:00+00:00,conversation-belgium-iran-20260621,0-3,0-0,0.0,0
Belgium vs Iran,2026-06-21T19:00:00Z,2026-06-21T00:05:00+00:00,conversation-belgium-iran-20260621,1-3,0-0,0.0,0
Belgium vs Iran,2026-06-21T19:00:00Z,2026-06-21T00:05:00+00:00,conversation-belgium-iran-20260621,2-3,0-0,0.0,0
Belgium vs Iran,2026-06-21T19:00:00Z,2026-06-21T00:05:00+00:00,conversation-belgium-iran-20260621,0-4,0-0,0.0,0
Belgium vs Iran,2026-06-21T19:00:00Z,2026-06-21T00:05:00+00:00,conversation-belgium-iran-20260621,1-4,0-0,0.0,0
Belgium vs Iran,2026-06-21T19:00:00Z,2026-06-21T00:05:00+00:00,conversation-belgium-iran-20260621,2-4,0-0,0.0,0
Belgium vs Iran,2026-06-21T19:00:00Z,2026-06-21T00:05:00+00:00,conversation-belgium-iran-20260621,3-4,0-0,0.0,0
Belgium vs Iran,2026-06-21T19:00:00Z,2026-06-21T00:05:00+00:00,conversation-belgium-iran-20260621,0-5,0-0,0.0,0
Belgium vs Iran,2026-06-21T19:00:00Z,2026-06-21T00:05:00+00:00,conversation-belgium-iran-20260621,1-5,0-0,0.0,0
Belgium vs Iran,2026-06-21T19:00:00Z,2026-06-21T00:05:00+00:00,conversation-belgium-iran-20260621,2-5,0-0,0.0,0
Belgium vs Iran,2026-06-21T19:00:00Z,2026-06-21T00:05:00+00:00,conversation-belgium-iran-20260621,3-5,0-0,0.0,0
Belgium vs Iran,2026-06-21T19:00:00Z,2026-06-21T00:05:00+00:00,conversation-belgium-iran-20260621,4-5,0-0,0.0,0
Uruguay vs Cape Verde,2026-06-21T22:00:00Z,2026-06-21T00:10:00+00:00,conversation-uruguay-cabo-verde-20260621,1-0,2-2,13.0,0
Uruguay vs Cape Verde,2026-06-21T22:00:00Z,2026-06-21T00:10:00+00:00,conversation-uruguay-cabo-verde-20260621,2-0,2-2,24.0,0
Uruguay vs Cape Verde,2026-06-21T22:00:00Z,2026-06-21T00:10:00+00:00,conversation-uruguay-cabo-verde-20260621,2-1,2-2,15.0,0
Uruguay vs Cape Verde,2026-06-21T22:00:00Z,2026-06-21T00:10:00+00:00,conversation-uruguay-cabo-verde-20260621,3-0,2-2,8.0,0
Uruguay vs Cape Verde,2026-06-21T22:00:00Z,2026-06-21T00:10:00+00:00,conversation-uruguay-cabo-verde-20260621,3-1,2-2,4.0,0
Uruguay vs Cape Verde,2026-06-21T22:00:00Z,2026-06-21T00:10:00+00:00,conversation-uruguay-cabo-verde-20260621,3-2,2-2,1.0,0
Uruguay vs Cape Verde,2026-06-21T22:00:00Z,2026-06-21T00:10:00+00:00,conversation-uruguay-cabo-verde-20260621,4-0,2-2,2.0,0
Uruguay vs Cape Verde,2026-06-21T22:00:00Z,2026-06-21T00:10:00+00:00,conversation-uruguay-cabo-verde-20260621,4-1,2-2,1.0,0
Uruguay vs Cape Verde,2026-06-21T22:00:00Z,2026-06-21T00:10:00+00:00,conversation-uruguay-cabo-verde-20260621,4-2,2-2,0.0,0
Uruguay vs Cape Verde,2026-06-21T22:00:00Z,2026-06-21T00:10:00+00:00,conversation-uruguay-cabo-verde-20260621,4-3,2-2,0.0,0
Uruguay vs Cape Verde,2026-06-21T22:00:00Z,2026-06-21T00:10:00+00:00,conversation-uruguay-cabo-verde-20260621,5-0,2-2,1.0,0
Uruguay vs Cape Verde,2026-06-21T22:00:00Z,2026-06-21T00:10:00+00:00,conversation-uruguay-cabo-verde-20260621,5-1,2-2,1.0,0
Uruguay vs Cape Verde,2026-06-21T22:00:00Z,2026-06-21T00:10:00+00:00,conversation-uruguay-cabo-verde-20260621,5-2,2-2,0.0,0
Uruguay vs Cape Verde,2026-06-21T22:00:00Z,2026-06-21T00:10:00+00:00,conversation-uruguay-cabo-verde-20260621,5-3,2-2,0.0,0
Uruguay vs Cape Verde,2026-06-21T22:00:00Z,2026-06-21T00:10:00+00:00,conversation-uruguay-cabo-verde-20260621,5-4,2-2,0.0,0
Uruguay vs Cape Verde,2026-06-21T22:00:00Z,2026-06-21T00:10:00+00:00,conversation-uruguay-cabo-verde-20260621,0-0,2-2,9.0,0
Uruguay vs Cape Verde,2026-06-21T22:00:00Z,2026-06-21T00:10:00+00:00,conversation-uruguay-cabo-verde-20260621,1-1,2-2,6.0,0
Uruguay vs Cape Verde,2026-06-21T22:00:00Z,2026-06-21T00:10:00+00:00,conversation-uruguay-cabo-verde-20260621,2-2,2-2,1.0,1
Uruguay vs Cape Verde,2026-06-21T22:00:00Z,2026-06-21T00:10:00+00:00,conversation-uruguay-cabo-verde-20260621,3-3,2-2,0.0,0
Uruguay vs Cape Verde,2026-06-21T22:00:00Z,2026-06-21T00:10:00+00:00,conversation-uruguay-cabo-verde-20260621,4-4,2-2,0.0,0
Uruguay vs Cape Verde,2026-06-21T22:00:00Z,2026-06-21T00:10:00+00:00,conversation-uruguay-cabo-verde-20260621,0-1,2-2,4.0,0
Uruguay vs Cape Verde,2026-06-21T22:00:00Z,2026-06-21T00:10:00+00:00,conversation-uruguay-cabo-verde-20260621,0-2,2-2,1.0,0
Uruguay vs Cape Verde,2026-06-21T22:00:00Z,2026-06-21T00:10:00+00:00,conversation-uruguay-cabo-verde-20260621,1-2,2-2,4.0,0
Uruguay vs Cape Verde,2026-06-21T22:00:00Z,2026-06-21T00:10:00+00:00,conversation-uruguay-cabo-verde-20260621,0-3,2-2,0.0,0
Uruguay vs Cape Verde,2026-06-21T22:00:00Z,2026-06-21T00:10:00+00:00,conversation-uruguay-cabo-verde-20260621,1-3,2-2,1.0,0
Uruguay vs Cape Verde,2026-06-21T22:00:00Z,2026-06-21T00:10:00+00:00,conversation-uruguay-cabo-verde-20260621,2-3,2-2,1.0,0
Uruguay vs Cape Verde,2026-06-21T22:00:00Z,2026-06-21T00:10:00+00:00,conversation-uruguay-cabo-verde-20260621,0-4,2-2,0.0,0
Uruguay vs Cape Verde,2026-06-21T22:00:00Z,2026-06-21T00:10:00+00:00,conversation-uruguay-cabo-verde-20260621,1-4,2-2,0.0,0
Uruguay vs Cape Verde,2026-06-21T22:00:00Z,2026-06-21T00:10:00+00:00,conversation-uruguay-cabo-verde-20260621,2-4,2-2,0.0,0
Uruguay vs Cape Verde,2026-06-21T22:00:00Z,2026-06-21T00:10:00+00:00,conversation-uruguay-cabo-verde-20260621,3-4,2-2,0.0,0
Uruguay vs Cape Verde,2026-06-21T22:00:00Z,2026-06-21T00:10:00+00:00,conversation-uruguay-cabo-verde-20260621,0-5,2-2,0.0,0
Uruguay vs Cape Verde,2026-06-21T22:00:00Z,2026-06-21T00:10:00+00:00,conversation-uruguay-cabo-verde-20260621,1-5,2-2,0.0,0
Uruguay vs Cape Verde,2026-06-21T22:00:00Z,2026-06-21T00:10:00+00:00,conversation-uruguay-cabo-verde-20260621,2-5,2-2,0.0,0
Uruguay vs Cape Verde,2026-06-21T22:00:00Z,2026-06-21T00:10:00+00:00,conversation-uruguay-cabo-verde-20260621,3-5,2-2,1.0,0
Uruguay vs Cape Verde,2026-06-21T22:00:00Z,2026-06-21T00:10:00+00:00,conversation-uruguay-cabo-verde-20260621,4-5,2-2,1.0,0
New Zealand vs Egypt,2026-06-22T01:00:00Z,2026-06-21T00:15:00+00:00,conversation-new-zealand-egypt-20260621,1-0,1-3,2.0,0
New Zealand vs Egypt,2026-06-22T01:00:00Z,2026-06-21T00:15:00+00:00,conversation-new-zealand-egypt-20260621,2-0,1-3,1.0,0
New Zealand vs Egypt,2026-06-22T01:00:00Z,2026-06-21T00:15:00+00:00,conversation-new-zealand-egypt-20260621,2-1,1-3,3.0,0
New Zealand vs Egypt,2026-06-22T01:00:00Z,2026-06-21T00:15:00+00:00,conversation-new-zealand-egypt-20260621,3-0,1-3,1.0,0
New Zealand vs Egypt,2026-06-22T01:00:00Z,2026-06-21T00:15:00+00:00,conversation-new-zealand-egypt-20260621,3-1,1-3,0.0,0
New Zealand vs Egypt,2026-06-22T01:00:00Z,2026-06-21T00:15:00+00:00,conversation-new-zealand-egypt-20260621,3-2,1-3,0.0,0
New Zealand vs Egypt,2026-06-22T01:00:00Z,2026-06-21T00:15:00+00:00,conversation-new-zealand-egypt-20260621,4-0,1-3,1.0,0
New Zealand vs Egypt,2026-06-22T01:00:00Z,2026-06-21T00:15:00+00:00,conversation-new-zealand-egypt-20260621,4-1,1-3,0.0,0
New Zealand vs Egypt,2026-06-22T01:00:00Z,2026-06-21T00:15:00+00:00,conversation-new-zealand-egypt-20260621,4-2,1-3,0.0,0
New Zealand vs Egypt,2026-06-22T01:00:00Z,2026-06-21T00:15:00+00:00,conversation-new-zealand-egypt-20260621,4-3,1-3,0.0,0
New Zealand vs Egypt,2026-06-22T01:00:00Z,2026-06-21T00:15:00+00:00,conversation-new-zealand-egypt-20260621,5-0,1-3,1.0,0
New Zealand vs Egypt,2026-06-22T01:00:00Z,2026-06-21T00:15:00+00:00,conversation-new-zealand-egypt-20260621,5-1,1-3,0.0,0
New Zealand vs Egypt,2026-06-22T01:00:00Z,2026-06-21T00:15:00+00:00,conversation-new-zealand-egypt-20260621,5-2,1-3,0.0,0
New Zealand vs Egypt,2026-06-22T01:00:00Z,2026-06-21T00:15:00+00:00,conversation-new-zealand-egypt-20260621,5-3,1-3,0.0,0
New Zealand vs Egypt,2026-06-22T01:00:00Z,2026-06-21T00:15:00+00:00,conversation-new-zealand-egypt-20260621,5-4,1-3,0.0,0
New Zealand vs Egypt,2026-06-22T01:00:00Z,2026-06-21T00:15:00+00:00,conversation-new-zealand-egypt-20260621,0-0,1-3,6.0,0
New Zealand vs Egypt,2026-06-22T01:00:00Z,2026-06-21T00:15:00+00:00,conversation-new-zealand-egypt-20260621,1-1,1-3,10.0,0
New Zealand vs Egypt,2026-06-22T01:00:00Z,2026-06-21T00:15:00+00:00,conversation-new-zealand-egypt-20260621,2-2,1-3,7.0,0
New Zealand vs Egypt,2026-06-22T01:00:00Z,2026-06-21T00:15:00+00:00,conversation-new-zealand-egypt-20260621,3-3,1-3,0.0,0
New Zealand vs Egypt,2026-06-22T01:00:00Z,2026-06-21T00:15:00+00:00,conversation-new-zealand-egypt-20260621,4-4,1-3,0.0,0
New Zealand vs Egypt,2026-06-22T01:00:00Z,2026-06-21T00:15:00+00:00,conversation-new-zealand-egypt-20260621,0-1,1-3,11.0,0
New Zealand vs Egypt,2026-06-22T01:00:00Z,2026-06-21T00:15:00+00:00,conversation-new-zealand-egypt-20260621,0-2,1-3,17.0,0
New Zealand vs Egypt,2026-06-22T01:00:00Z,2026-06-21T00:15:00+00:00,conversation-new-zealand-egypt-20260621,1-2,1-3,20.0,0
New Zealand vs Egypt,2026-06-22T01:00:00Z,2026-06-21T00:15:00+00:00,conversation-new-zealand-egypt-20260621,0-3,1-3,5.0,0
New Zealand vs Egypt,2026-06-22T01:00:00Z,2026-06-21T00:15:00+00:00,conversation-new-zealand-egypt-20260621,1-3,1-3,7.0,1
New Zealand vs Egypt,2026-06-22T01:00:00Z,2026-06-21T00:15:00+00:00,conversation-new-zealand-egypt-20260621,2-3,1-3,1.0,0
New Zealand vs Egypt,2026-06-22T01:00:00Z,2026-06-21T00:15:00+00:00,conversation-new-zealand-egypt-20260621,0-4,1-3,1.0,0
New Zealand vs Egypt,2026-06-22T01:00:00Z,2026-06-21T00:15:00+00:00,conversation-new-zealand-egypt-20260621,1-4,1-3,1.0,0
New Zealand vs Egypt,2026-06-22T01:00:00Z,2026-06-21T00:15:00+00:00,conversation-new-zealand-egypt-20260621,2-4,1-3,1.0,0
New Zealand vs Egypt,2026-06-22T01:00:00Z,2026-06-21T00:15:00+00:00,conversation-new-zealand-egypt-20260621,3-4,1-3,0.0,0
New Zealand vs Egypt,2026-06-22T01:00:00Z,2026-06-21T00:15:00+00:00,conversation-new-zealand-egypt-20260621,0-5,1-3,0.0,0
New Zealand vs Egypt,2026-06-22T01:00:00Z,2026-06-21T00:15:00+00:00,conversation-new-zealand-egypt-20260621,1-5,1-3,0.0,0
New Zealand vs Egypt,2026-06-22T01:00:00Z,2026-06-21T00:15:00+00:00,conversation-new-zealand-egypt-20260621,2-5,1-3,1.0,0
New Zealand vs Egypt,2026-06-22T01:00:00Z,2026-06-21T00:15:00+00:00,conversation-new-zealand-egypt-20260621,3-5,1-3,1.0,0
New Zealand vs Egypt,2026-06-22T01:00:00Z,2026-06-21T00:15:00+00:00,conversation-new-zealand-egypt-20260621,4-5,1-3,1.0,0
Argentina vs Austria,2026-06-22T17:00:00Z,2026-06-22T00:00:00+00:00,conversation-argentina-austria-20260622,1-0,2-0,4.0,0
Argentina vs Austria,2026-06-22T17:00:00Z,2026-06-22T00:00:00+00:00,conversation-argentina-austria-20260622,2-0,2-0,15.0,1
Argentina vs Austria,2026-06-22T17:00:00Z,2026-06-22T00:00:00+00:00,conversation-argentina-austria-20260622,2-1,2-0,18.0,0
Argentina vs Austria,2026-06-22T17:00:00Z,2026-06-22T00:00:00+00:00,conversation-argentina-austria-20260622,3-0,2-0,9.0,0
Argentina vs Austria,2026-06-22T17:00:00Z,2026-06-22T00:00:00+00:00,conversation-argentina-austria-20260622,3-1,2-0,7.0,0
Argentina vs Austria,2026-06-22T17:00:00Z,2026-06-22T00:00:00+00:00,conversation-argentina-austria-20260622,3-2,2-0,4.0,0
Argentina vs Austria,2026-06-22T17:00:00Z,2026-06-22T00:00:00+00:00,conversation-argentina-austria-20260622,4-0,2-0,3.0,0
Argentina vs Austria,2026-06-22T17:00:00Z,2026-06-22T00:00:00+00:00,conversation-argentina-austria-20260622,4-1,2-0,4.0,0
Argentina vs Austria,2026-06-22T17:00:00Z,2026-06-22T00:00:00+00:00,conversation-argentina-austria-20260622,4-2,2-0,2.0,0
Argentina vs Austria,2026-06-22T17:00:00Z,2026-06-22T00:00:00+00:00,conversation-argentina-austria-20260622,4-3,2-0,1.0,0
Argentina vs Austria,2026-06-22T17:00:00Z,2026-06-22T00:00:00+00:00,conversation-argentina-austria-20260622,5-0,2-0,1.0,0
Argentina vs Austria,2026-06-22T17:00:00Z,2026-06-22T00:00:00+00:00,conversation-argentina-austria-20260622,5-1,2-0,1.0,0
Argentina vs Austria,2026-06-22T17:00:00Z,2026-06-22T00:00:00+00:00,conversation-argentina-austria-20260622,5-2,2-0,1.0,0
Argentina vs Austria,2026-06-22T17:00:00Z,2026-06-22T00:00:00+00:00,conversation-argentina-austria-20260622,5-3,2-0,1.0,0
Argentina vs Austria,2026-06-22T17:00:00Z,2026-06-22T00:00:00+00:00,conversation-argentina-austria-20260622,5-4,2-0,1.0,0
Argentina vs Austria,2026-06-22T17:00:00Z,2026-06-22T00:00:00+00:00,conversation-argentina-austria-20260622,0-0,2-0,2.0,0
Argentina vs Austria,2026-06-22T17:00:00Z,2026-06-22T00:00:00+00:00,conversation-argentina-austria-20260622,1-1,2-0,4.0,0
Argentina vs Austria,2026-06-22T17:00:00Z,2026-06-22T00:00:00+00:00,conversation-argentina-austria-20260622,2-2,2-0,4.0,0
Argentina vs Austria,2026-06-22T17:00:00Z,2026-06-22T00:00:00+00:00,conversation-argentina-austria-20260622,3-3,2-0,1.0,0
Argentina vs Austria,2026-06-22T17:00:00Z,2026-06-22T00:00:00+00:00,conversation-argentina-austria-20260622,4-4,2-0,0.0,0
Argentina vs Austria,2026-06-22T17:00:00Z,2026-06-22T00:00:00+00:00,conversation-argentina-austria-20260622,0-1,2-0,1.0,0
Argentina vs Austria,2026-06-22T17:00:00Z,2026-06-22T00:00:00+00:00,conversation-argentina-austria-20260622,0-2,2-0,1.0,0
Argentina vs Austria,2026-06-22T17:00:00Z,2026-06-22T00:00:00+00:00,conversation-argentina-austria-20260622,1-2,2-0,1.0,0
Argentina vs Austria,2026-06-22T17:00:00Z,2026-06-22T00:00:00+00:00,conversation-argentina-austria-20260622,0-3,2-0,0.0,0
Argentina vs Austria,2026-06-22T17:00:00Z,2026-06-22T00:00:00+00:00,conversation-argentina-austria-20260622,1-3,2-0,0.0,0
Argentina vs Austria,2026-06-22T17:00:00Z,2026-06-22T00:00:00+00:00,conversation-argentina-austria-20260622,2-3,2-0,0.0,0
Argentina vs Austria,2026-06-22T17:00:00Z,2026-06-22T00:00:00+00:00,conversation-argentina-austria-20260622,0-4,2-0,0.0,0
Argentina vs Austria,2026-06-22T17:00:00Z,2026-06-22T00:00:00+00:00,conversation-argentina-austria-20260622,1-4,2-0,0.0,0
Argentina vs Austria,2026-06-22T17:00:00Z,2026-06-22T00:00:00+00:00,conversation-argentina-austria-20260622,2-4,2-0,0.0,0
Argentina vs Austria,2026-06-22T17:00:00Z,2026-06-22T00:00:00+00:00,conversation-argentina-austria-20260622,3-4,2-0,0.0,0
Argentina vs Austria,2026-06-22T17:00:00Z,2026-06-22T00:00:00+00:00,conversation-argentina-austria-20260622,0-5,2-0,0.0,0
Argentina vs Austria,2026-06-22T17:00:00Z,2026-06-22T00:00:00+00:00,conversation-argentina-austria-20260622,1-5,2-0,0.0,0
Argentina vs Austria,2026-06-22T17:00:00Z,2026-06-22T00:00:00+00:00,conversation-argentina-austria-20260622,2-5,2-0,0.0,0
Argentina vs Austria,2026-06-22T17:00:00Z,2026-06-22T00:00:00+00:00,conversation-argentina-austria-20260622,3-5,2-0,0.0,0
Argentina vs Austria,2026-06-22T17:00:00Z,2026-06-22T00:00:00+00:00,conversation-argentina-austria-20260622,4-5,2-0,1.0,0
France vs Iraq,2026-06-22T21:00:00Z,2026-06-22T00:05:00+00:00,conversation-france-iraq-20260622,1-0,3-0,1.0,0
France vs Iraq,2026-06-22T21:00:00Z,2026-06-22T00:05:00+00:00,conversation-france-iraq-20260622,2-0,3-0,7.0,0
France vs Iraq,2026-06-22T21:00:00Z,2026-06-22T00:05:00+00:00,conversation-france-iraq-20260622,2-1,3-0,5.0,0
France vs Iraq,2026-06-22T21:00:00Z,2026-06-22T00:05:00+00:00,conversation-france-iraq-20260622,3-0,3-0,18.0,1
France vs Iraq,2026-06-22T21:00:00Z,2026-06-22T00:05:00+00:00,conversation-france-iraq-20260622,3-1,3-0,10.0,0
France vs Iraq,2026-06-22T21:00:00Z,2026-06-22T00:05:00+00:00,conversation-france-iraq-20260622,3-2,3-0,1.0,0
France vs Iraq,2026-06-22T21:00:00Z,2026-06-22T00:05:00+00:00,conversation-france-iraq-20260622,4-0,3-0,18.0,0
France vs Iraq,2026-06-22T21:00:00Z,2026-06-22T00:05:00+00:00,conversation-france-iraq-20260622,4-1,3-0,9.0,0
France vs Iraq,2026-06-22T21:00:00Z,2026-06-22T00:05:00+00:00,conversation-france-iraq-20260622,4-2,3-0,1.0,0
France vs Iraq,2026-06-22T21:00:00Z,2026-06-22T00:05:00+00:00,conversation-france-iraq-20260622,4-3,3-0,0.0,0
France vs Iraq,2026-06-22T21:00:00Z,2026-06-22T00:05:00+00:00,conversation-france-iraq-20260622,5-0,3-0,10.0,0
France vs Iraq,2026-06-22T21:00:00Z,2026-06-22T00:05:00+00:00,conversation-france-iraq-20260622,5-1,3-0,7.0,0
France vs Iraq,2026-06-22T21:00:00Z,2026-06-22T00:05:00+00:00,conversation-france-iraq-20260622,5-2,3-0,1.0,0
France vs Iraq,2026-06-22T21:00:00Z,2026-06-22T00:05:00+00:00,conversation-france-iraq-20260622,5-3,3-0,1.0,0
France vs Iraq,2026-06-22T21:00:00Z,2026-06-22T00:05:00+00:00,conversation-france-iraq-20260622,5-4,3-0,0.0,0
France vs Iraq,2026-06-22T21:00:00Z,2026-06-22T00:05:00+00:00,conversation-france-iraq-20260622,0-0,3-0,0.0,0
France vs Iraq,2026-06-22T21:00:00Z,2026-06-22T00:05:00+00:00,conversation-france-iraq-20260622,1-1,3-0,1.0,0
France vs Iraq,2026-06-22T21:00:00Z,2026-06-22T00:05:00+00:00,conversation-france-iraq-20260622,2-2,3-0,0.0,0
France vs Iraq,2026-06-22T21:00:00Z,2026-06-22T00:05:00+00:00,conversation-france-iraq-20260622,3-3,3-0,0.0,0
France vs Iraq,2026-06-22T21:00:00Z,2026-06-22T00:05:00+00:00,conversation-france-iraq-20260622,4-4,3-0,0.0,0
France vs Iraq,2026-06-22T21:00:00Z,2026-06-22T00:05:00+00:00,conversation-france-iraq-20260622,0-1,3-0,0.0,0
France vs Iraq,2026-06-22T21:00:00Z,2026-06-22T00:05:00+00:00,conversation-france-iraq-20260622,0-2,3-0,0.0,0
France vs Iraq,2026-06-22T21:00:00Z,2026-06-22T00:05:00+00:00,conversation-france-iraq-20260622,1-2,3-0,0.0,0
France vs Iraq,2026-06-22T21:00:00Z,2026-06-22T00:05:00+00:00,conversation-france-iraq-20260622,0-3,3-0,0.0,0
France vs Iraq,2026-06-22T21:00:00Z,2026-06-22T00:05:00+00:00,conversation-france-iraq-20260622,1-3,3-0,0.0,0
France vs Iraq,2026-06-22T21:00:00Z,2026-06-22T00:05:00+00:00,conversation-france-iraq-20260622,2-3,3-0,0.0,0
France vs Iraq,2026-06-22T21:00:00Z,2026-06-22T00:05:00+00:00,conversation-france-iraq-20260622,0-4,3-0,0.0,0
France vs Iraq,2026-06-22T21:00:00Z,2026-06-22T00:05:00+00:00,conversation-france-iraq-20260622,1-4,3-0,0.0,0
France vs Iraq,2026-06-22T21:00:00Z,2026-06-22T00:05:00+00:00,conversation-france-iraq-20260622,2-4,3-0,0.0,0
France vs Iraq,2026-06-22T21:00:00Z,2026-06-22T00:05:00+00:00,conversation-france-iraq-20260622,3-4,3-0,0.0,0
France vs Iraq,2026-06-22T21:00:00Z,2026-06-22T00:05:00+00:00,conversation-france-iraq-20260622,0-5,3-0,0.0,0
France vs Iraq,2026-06-22T21:00:00Z,2026-06-22T00:05:00+00:00,conversation-france-iraq-20260622,1-5,3-0,0.0,0
France vs Iraq,2026-06-22T21:00:00Z,2026-06-22T00:05:00+00:00,conversation-france-iraq-20260622,2-5,3-0,0.0,0
France vs Iraq,2026-06-22T21:00:00Z,2026-06-22T00:05:00+00:00,conversation-france-iraq-20260622,3-5,3-0,0.0,0
France vs Iraq,2026-06-22T21:00:00Z,2026-06-22T00:05:00+00:00,conversation-france-iraq-20260622,4-5,3-0,0.0,0
Norway vs Senegal,2026-06-23T00:00:00Z,2026-06-22T00:10:00+00:00,conversation-norway-senegal-20260622,1-0,3-2,8.0,0
Norway vs Senegal,2026-06-23T00:00:00Z,2026-06-22T00:10:00+00:00,conversation-norway-senegal-20260622,2-0,3-2,2.0,0
Norway vs Senegal,2026-06-23T00:00:00Z,2026-06-22T00:10:00+00:00,conversation-norway-senegal-20260622,2-1,3-2,17.0,0
Norway vs Senegal,2026-06-23T00:00:00Z,2026-06-22T00:10:00+00:00,conversation-norway-senegal-20260622,3-0,3-2,1.0,0
Norway vs Senegal,2026-06-23T00:00:00Z,2026-06-22T00:10:00+00:00,conversation-norway-senegal-20260622,3-1,3-2,10.0,0
Norway vs Senegal,2026-06-23T00:00:00Z,2026-06-22T00:10:00+00:00,conversation-norway-senegal-20260622,3-2,3-2,8.0,1
Norway vs Senegal,2026-06-23T00:00:00Z,2026-06-22T00:10:00+00:00,conversation-norway-senegal-20260622,4-0,3-2,1.0,0
Norway vs Senegal,2026-06-23T00:00:00Z,2026-06-22T00:10:00+00:00,conversation-norway-senegal-20260622,4-1,3-2,7.0,0
Norway vs Senegal,2026-06-23T00:00:00Z,2026-06-22T00:10:00+00:00,conversation-norway-senegal-20260622,4-2,3-2,1.0,0
Norway vs Senegal,2026-06-23T00:00:00Z,2026-06-22T00:10:00+00:00,conversation-norway-senegal-20260622,4-3,3-2,0.0,0
Norway vs Senegal,2026-06-23T00:00:00Z,2026-06-22T00:10:00+00:00,conversation-norway-senegal-20260622,5-0,3-2,1.0,0
Norway vs Senegal,2026-06-23T00:00:00Z,2026-06-22T00:10:00+00:00,conversation-norway-senegal-20260622,5-1,3-2,6.0,0
Norway vs Senegal,2026-06-23T00:00:00Z,2026-06-22T00:10:00+00:00,conversation-norway-senegal-20260622,5-2,3-2,1.0,0
Norway vs Senegal,2026-06-23T00:00:00Z,2026-06-22T00:10:00+00:00,conversation-norway-senegal-20260622,5-3,3-2,1.0,0
Norway vs Senegal,2026-06-23T00:00:00Z,2026-06-22T00:10:00+00:00,conversation-norway-senegal-20260622,5-4,3-2,1.0,0
Norway vs Senegal,2026-06-23T00:00:00Z,2026-06-22T00:10:00+00:00,conversation-norway-senegal-20260622,0-0,3-2,2.0,0
Norway vs Senegal,2026-06-23T00:00:00Z,2026-06-22T00:10:00+00:00,conversation-norway-senegal-20260622,1-1,3-2,7.0,0
Norway vs Senegal,2026-06-23T00:00:00Z,2026-06-22T00:10:00+00:00,conversation-norway-senegal-20260622,2-2,3-2,11.0,0
Norway vs Senegal,2026-06-23T00:00:00Z,2026-06-22T00:10:00+00:00,conversation-norway-senegal-20260622,3-3,3-2,2.0,0
Norway vs Senegal,2026-06-23T00:00:00Z,2026-06-22T00:10:00+00:00,conversation-norway-senegal-20260622,4-4,3-2,1.0,0
Norway vs Senegal,2026-06-23T00:00:00Z,2026-06-22T00:10:00+00:00,conversation-norway-senegal-20260622,0-1,3-2,1.0,0
Norway vs Senegal,2026-06-23T00:00:00Z,2026-06-22T00:10:00+00:00,conversation-norway-senegal-20260622,0-2,3-2,1.0,0
Norway vs Senegal,2026-06-23T00:00:00Z,2026-06-22T00:10:00+00:00,conversation-norway-senegal-20260622,1-2,3-2,5.0,0
Norway vs Senegal,2026-06-23T00:00:00Z,2026-06-22T00:10:00+00:00,conversation-norway-senegal-20260622,0-3,3-2,0.0,0
Norway vs Senegal,2026-06-23T00:00:00Z,2026-06-22T00:10:00+00:00,conversation-norway-senegal-20260622,1-3,3-2,1.0,0
Norway vs Senegal,2026-06-23T00:00:00Z,2026-06-22T00:10:00+00:00,conversation-norway-senegal-20260622,2-3,3-2,2.0,0
Norway vs Senegal,2026-06-23T00:00:00Z,2026-06-22T00:10:00+00:00,conversation-norway-senegal-20260622,0-4,3-2,0.0,0
Norway vs Senegal,2026-06-23T00:00:00Z,2026-06-22T00:10:00+00:00,conversation-norway-senegal-20260622,1-4,3-2,0.0,0
Norway vs Senegal,2026-06-23T00:00:00Z,2026-06-22T00:10:00+00:00,conversation-norway-senegal-20260622,2-4,3-2,0.0,0
Norway vs Senegal,2026-06-23T00:00:00Z,2026-06-22T00:10:00+00:00,conversation-norway-senegal-20260622,3-4,3-2,0.0,0
Norway vs Senegal,2026-06-23T00:00:00Z,2026-06-22T00:10:00+00:00,conversation-norway-senegal-20260622,0-5,3-2,0.0,0
Norway vs Senegal,2026-06-23T00:00:00Z,2026-06-22T00:10:00+00:00,conversation-norway-senegal-20260622,1-5,3-2,0.0,0
Norway vs Senegal,2026-06-23T00:00:00Z,2026-06-22T00:10:00+00:00,conversation-norway-senegal-20260622,2-5,3-2,0.0,0
Norway vs Senegal,2026-06-23T00:00:00Z,2026-06-22T00:10:00+00:00,conversation-norway-senegal-20260622,3-5,3-2,0.0,0
Norway vs Senegal,2026-06-23T00:00:00Z,2026-06-22T00:10:00+00:00,conversation-norway-senegal-20260622,4-5,3-2,1.0,0
Jordan vs Algeria,2026-06-23T03:00:00Z,2026-06-22T00:15:00+00:00,conversation-jordan-algeria-20260622,1-0,1-2,2.0,0
Jordan vs Algeria,2026-06-23T03:00:00Z,2026-06-22T00:15:00+00:00,conversation-jordan-algeria-20260622,2-0,1-2,3.0,0
Jordan vs Algeria,2026-06-23T03:00:00Z,2026-06-22T00:15:00+00:00,conversation-jordan-algeria-20260622,2-1,1-2,3.0,0
Jordan vs Algeria,2026-06-23T03:00:00Z,2026-06-22T00:15:00+00:00,conversation-jordan-algeria-20260622,3-0,1-2,0.0,0
Jordan vs Algeria,2026-06-23T03:00:00Z,2026-06-22T00:15:00+00:00,conversation-jordan-algeria-20260622,3-1,1-2,1.0,0
Jordan vs Algeria,2026-06-23T03:00:00Z,2026-06-22T00:15:00+00:00,conversation-jordan-algeria-20260622,3-2,1-2,0.0,0
Jordan vs Algeria,2026-06-23T03:00:00Z,2026-06-22T00:15:00+00:00,conversation-jordan-algeria-20260622,4-0,1-2,1.0,0
Jordan vs Algeria,2026-06-23T03:00:00Z,2026-06-22T00:15:00+00:00,conversation-jordan-algeria-20260622,4-1,1-2,1.0,0
Jordan vs Algeria,2026-06-23T03:00:00Z,2026-06-22T00:15:00+00:00,conversation-jordan-algeria-20260622,4-2,1-2,0.0,0
Jordan vs Algeria,2026-06-23T03:00:00Z,2026-06-22T00:15:00+00:00,conversation-jordan-algeria-20260622,4-3,1-2,0.0,0
Jordan vs Algeria,2026-06-23T03:00:00Z,2026-06-22T00:15:00+00:00,conversation-jordan-algeria-20260622,5-0,1-2,1.0,0
Jordan vs Algeria,2026-06-23T03:00:00Z,2026-06-22T00:15:00+00:00,conversation-jordan-algeria-20260622,5-1,1-2,1.0,0
Jordan vs Algeria,2026-06-23T03:00:00Z,2026-06-22T00:15:00+00:00,conversation-jordan-algeria-20260622,5-2,1-2,0.0,0
Jordan vs Algeria,2026-06-23T03:00:00Z,2026-06-22T00:15:00+00:00,conversation-jordan-algeria-20260622,5-3,1-2,1.0,0
Jordan vs Algeria,2026-06-23T03:00:00Z,2026-06-22T00:15:00+00:00,conversation-jordan-algeria-20260622,5-4,1-2,1.0,0
Jordan vs Algeria,2026-06-23T03:00:00Z,2026-06-22T00:15:00+00:00,conversation-jordan-algeria-20260622,0-0,1-2,11.0,0
Jordan vs Algeria,2026-06-23T03:00:00Z,2026-06-22T00:15:00+00:00,conversation-jordan-algeria-20260622,1-1,1-2,7.0,0
Jordan vs Algeria,2026-06-23T03:00:00Z,2026-06-22T00:15:00+00:00,conversation-jordan-algeria-20260622,2-2,1-2,2.0,0
Jordan vs Algeria,2026-06-23T03:00:00Z,2026-06-22T00:15:00+00:00,conversation-jordan-algeria-20260622,3-3,1-2,0.0,0
Jordan vs Algeria,2026-06-23T03:00:00Z,2026-06-22T00:15:00+00:00,conversation-jordan-algeria-20260622,4-4,1-2,1.0,0
Jordan vs Algeria,2026-06-23T03:00:00Z,2026-06-22T00:15:00+00:00,conversation-jordan-algeria-20260622,0-1,1-2,8.0,0
Jordan vs Algeria,2026-06-23T03:00:00Z,2026-06-22T00:15:00+00:00,conversation-jordan-algeria-20260622,0-2,1-2,17.0,0
Jordan vs Algeria,2026-06-23T03:00:00Z,2026-06-22T00:15:00+00:00,conversation-jordan-algeria-20260622,1-2,1-2,15.0,1
Jordan vs Algeria,2026-06-23T03:00:00Z,2026-06-22T00:15:00+00:00,conversation-jordan-algeria-20260622,0-3,1-2,5.0,0
Jordan vs Algeria,2026-06-23T03:00:00Z,2026-06-22T00:15:00+00:00,conversation-jordan-algeria-20260622,1-3,1-2,6.0,0
Jordan vs Algeria,2026-06-23T03:00:00Z,2026-06-22T00:15:00+00:00,conversation-jordan-algeria-20260622,2-3,1-2,3.0,0
Jordan vs Algeria,2026-06-23T03:00:00Z,2026-06-22T00:15:00+00:00,conversation-jordan-algeria-20260622,0-4,1-2,2.0,0
Jordan vs Algeria,2026-06-23T03:00:00Z,2026-06-22T00:15:00+00:00,conversation-jordan-algeria-20260622,1-4,1-2,1.0,0
Jordan vs Algeria,2026-06-23T03:00:00Z,2026-06-22T00:15:00+00:00,conversation-jordan-algeria-20260622,2-4,1-2,0.0,0
Jordan vs Algeria,2026-06-23T03:00:00Z,2026-06-22T00:15:00+00:00,conversation-jordan-algeria-20260622,3-4,1-2,1.0,0
Jordan vs Algeria,2026-06-23T03:00:00Z,2026-06-22T00:15:00+00:00,conversation-jordan-algeria-20260622,0-5,1-2,1.0,0
Jordan vs Algeria,2026-06-23T03:00:00Z,2026-06-22T00:15:00+00:00,conversation-jordan-algeria-20260622,1-5,1-2,1.0,0
Jordan vs Algeria,2026-06-23T03:00:00Z,2026-06-22T00:15:00+00:00,conversation-jordan-algeria-20260622,2-5,1-2,1.0,0
Jordan vs Algeria,2026-06-23T03:00:00Z,2026-06-22T00:15:00+00:00,conversation-jordan-algeria-20260622,3-5,1-2,1.0,0
Jordan vs Algeria,2026-06-23T03:00:00Z,2026-06-22T00:15:00+00:00,conversation-jordan-algeria-20260622,4-5,1-2,1.0,0
Portugal vs Uzbekistan,2026-06-23T17:00:00Z,2026-06-23T12:12:37+00:00,conversation-02-portugal-uzbekistan,1-0,5-0,3.0,0
Portugal vs Uzbekistan,2026-06-23T17:00:00Z,2026-06-23T12:12:37+00:00,conversation-02-portugal-uzbekistan,2-0,5-0,18.0,0
Portugal vs Uzbekistan,2026-06-23T17:00:00Z,2026-06-23T12:12:37+00:00,conversation-02-portugal-uzbekistan,2-1,5-0,7.0,0
Portugal vs Uzbekistan,2026-06-23T17:00:00Z,2026-06-23T12:12:37+00:00,conversation-02-portugal-uzbekistan,3-0,5-0,24.0,0
Portugal vs Uzbekistan,2026-06-23T17:00:00Z,2026-06-23T12:12:37+00:00,conversation-02-portugal-uzbekistan,3-1,5-0,9.0,0
Portugal vs Uzbekistan,2026-06-23T17:00:00Z,2026-06-23T12:12:37+00:00,conversation-02-portugal-uzbekistan,3-2,5-0,1.0,0
Portugal vs Uzbekistan,2026-06-23T17:00:00Z,2026-06-23T12:12:37+00:00,conversation-02-portugal-uzbekistan,4-0,5-0,9.0,0
Portugal vs Uzbekistan,2026-06-23T17:00:00Z,2026-06-23T12:12:37+00:00,conversation-02-portugal-uzbekistan,4-1,5-0,4.0,0
Portugal vs Uzbekistan,2026-06-23T17:00:00Z,2026-06-23T12:12:37+00:00,conversation-02-portugal-uzbekistan,4-2,5-0,1.0,0
Portugal vs Uzbekistan,2026-06-23T17:00:00Z,2026-06-23T12:12:37+00:00,conversation-02-portugal-uzbekistan,4-3,5-0,0.0,0
Portugal vs Uzbekistan,2026-06-23T17:00:00Z,2026-06-23T12:12:37+00:00,conversation-02-portugal-uzbekistan,5-0,5-0,5.0,1
Portugal vs Uzbekistan,2026-06-23T17:00:00Z,2026-06-23T12:12:37+00:00,conversation-02-portugal-uzbekistan,5-1,5-0,2.0,0
Portugal vs Uzbekistan,2026-06-23T17:00:00Z,2026-06-23T12:12:37+00:00,conversation-02-portugal-uzbekistan,5-2,5-0,2.0,0
Portugal vs Uzbekistan,2026-06-23T17:00:00Z,2026-06-23T12:12:37+00:00,conversation-02-portugal-uzbekistan,5-3,5-0,0.0,0
Portugal vs Uzbekistan,2026-06-23T17:00:00Z,2026-06-23T12:12:37+00:00,conversation-02-portugal-uzbekistan,5-4,5-0,0.0,0
Portugal vs Uzbekistan,2026-06-23T17:00:00Z,2026-06-23T12:12:37+00:00,conversation-02-portugal-uzbekistan,0-0,5-0,1.0,0
Portugal vs Uzbekistan,2026-06-23T17:00:00Z,2026-06-23T12:12:37+00:00,conversation-02-portugal-uzbekistan,1-1,5-0,2.0,0
Portugal vs Uzbekistan,2026-06-23T17:00:00Z,2026-06-23T12:12:37+00:00,conversation-02-portugal-uzbekistan,2-2,5-0,1.0,0
Portugal vs Uzbekistan,2026-06-23T17:00:00Z,2026-06-23T12:12:37+00:00,conversation-02-portugal-uzbekistan,3-3,5-0,0.0,0
Portugal vs Uzbekistan,2026-06-23T17:00:00Z,2026-06-23T12:12:37+00:00,conversation-02-portugal-uzbekistan,4-4,5-0,0.0,0
Portugal vs Uzbekistan,2026-06-23T17:00:00Z,2026-06-23T12:12:37+00:00,conversation-02-portugal-uzbekistan,0-1,5-0,1.0,0
Portugal vs Uzbekistan,2026-06-23T17:00:00Z,2026-06-23T12:12:37+00:00,conversation-02-portugal-uzbekistan,0-2,5-0,1.0,0
Portugal vs Uzbekistan,2026-06-23T17:00:00Z,2026-06-23T12:12:37+00:00,conversation-02-portugal-uzbekistan,1-2,5-0,0.0,0
Portugal vs Uzbekistan,2026-06-23T17:00:00Z,2026-06-23T12:12:37+00:00,conversation-02-portugal-uzbekistan,0-3,5-0,0.0,0
Portugal vs Uzbekistan,2026-06-23T17:00:00Z,2026-06-23T12:12:37+00:00,conversation-02-portugal-uzbekistan,1-3,5-0,0.0,0
Portugal vs Uzbekistan,2026-06-23T17:00:00Z,2026-06-23T12:12:37+00:00,conversation-02-portugal-uzbekistan,2-3,5-0,0.0,0
Portugal vs Uzbekistan,2026-06-23T17:00:00Z,2026-06-23T12:12:37+00:00,conversation-02-portugal-uzbekistan,0-4,5-0,0.0,0
Portugal vs Uzbekistan,2026-06-23T17:00:00Z,2026-06-23T12:12:37+00:00,conversation-02-portugal-uzbekistan,1-4,5-0,0.0,0
Portugal vs Uzbekistan,2026-06-23T17:00:00Z,2026-06-23T12:12:37+00:00,conversation-02-portugal-uzbekistan,2-4,5-0,0.0,0
Portugal vs Uzbekistan,2026-06-23T17:00:00Z,2026-06-23T12:12:37+00:00,conversation-02-portugal-uzbekistan,3-4,5-0,0.0,0
Portugal vs Uzbekistan,2026-06-23T17:00:00Z,2026-06-23T12:12:37+00:00,conversation-02-portugal-uzbekistan,0-5,5-0,0.0,0
Portugal vs Uzbekistan,2026-06-23T17:00:00Z,2026-06-23T12:12:37+00:00,conversation-02-portugal-uzbekistan,1-5,5-0,0.0,0
Portugal vs Uzbekistan,2026-06-23T17:00:00Z,2026-06-23T12:12:37+00:00,conversation-02-portugal-uzbekistan,2-5,5-0,0.0,0
Portugal vs Uzbekistan,2026-06-23T17:00:00Z,2026-06-23T12:12:37+00:00,conversation-02-portugal-uzbekistan,3-5,5-0,1.0,0
Portugal vs Uzbekistan,2026-06-23T17:00:00Z,2026-06-23T12:12:37+00:00,conversation-02-portugal-uzbekistan,4-5,5-0,1.0,0
England vs Ghana,2026-06-23T20:00:00Z,2026-06-23T12:13:30+00:00,conversation-02-england-ghana,1-0,0-0,3.0,0
England vs Ghana,2026-06-23T20:00:00Z,2026-06-23T12:13:30+00:00,conversation-02-england-ghana,2-0,0-0,16.0,0
England vs Ghana,2026-06-23T20:00:00Z,2026-06-23T12:13:30+00:00,conversation-02-england-ghana,2-1,0-0,20.0,0
England vs Ghana,2026-06-23T20:00:00Z,2026-06-23T12:13:30+00:00,conversation-02-england-ghana,3-0,0-0,16.0,0
England vs Ghana,2026-06-23T20:00:00Z,2026-06-23T12:13:30+00:00,conversation-02-england-ghana,3-1,0-0,16.0,0
England vs Ghana,2026-06-23T20:00:00Z,2026-06-23T12:13:30+00:00,conversation-02-england-ghana,3-2,0-0,1.0,0
England vs Ghana,2026-06-23T20:00:00Z,2026-06-23T12:13:30+00:00,conversation-02-england-ghana,4-0,0-0,6.0,0
England vs Ghana,2026-06-23T20:00:00Z,2026-06-23T12:13:30+00:00,conversation-02-england-ghana,4-1,0-0,6.0,0
England vs Ghana,2026-06-23T20:00:00Z,2026-06-23T12:13:30+00:00,conversation-02-england-ghana,4-2,0-0,1.0,0
England vs Ghana,2026-06-23T20:00:00Z,2026-06-23T12:13:30+00:00,conversation-02-england-ghana,4-3,0-0,0.0,0
England vs Ghana,2026-06-23T20:00:00Z,2026-06-23T12:13:30+00:00,conversation-02-england-ghana,5-0,0-0,2.0,0
England vs Ghana,2026-06-23T20:00:00Z,2026-06-23T12:13:30+00:00,conversation-02-england-ghana,5-1,0-0,2.0,0
England vs Ghana,2026-06-23T20:00:00Z,2026-06-23T12:13:30+00:00,conversation-02-england-ghana,5-2,0-0,1.0,0
England vs Ghana,2026-06-23T20:00:00Z,2026-06-23T12:13:30+00:00,conversation-02-england-ghana,5-3,0-0,0.0,0
England vs Ghana,2026-06-23T20:00:00Z,2026-06-23T12:13:30+00:00,conversation-02-england-ghana,5-4,0-0,0.0,0
England vs Ghana,2026-06-23T20:00:00Z,2026-06-23T12:13:30+00:00,conversation-02-england-ghana,0-0,0-0,1.0,1
England vs Ghana,2026-06-23T20:00:00Z,2026-06-23T12:13:30+00:00,conversation-02-england-ghana,1-1,0-0,1.0,0
England vs Ghana,2026-06-23T20:00:00Z,2026-06-23T12:13:30+00:00,conversation-02-england-ghana,2-2,0-0,1.0,0
England vs Ghana,2026-06-23T20:00:00Z,2026-06-23T12:13:30+00:00,conversation-02-england-ghana,3-3,0-0,0.0,0
England vs Ghana,2026-06-23T20:00:00Z,2026-06-23T12:13:30+00:00,conversation-02-england-ghana,4-4,0-0,0.0,0
England vs Ghana,2026-06-23T20:00:00Z,2026-06-23T12:13:30+00:00,conversation-02-england-ghana,0-1,0-0,2.0,0
England vs Ghana,2026-06-23T20:00:00Z,2026-06-23T12:13:30+00:00,conversation-02-england-ghana,0-2,0-0,1.0,0
England vs Ghana,2026-06-23T20:00:00Z,2026-06-23T12:13:30+00:00,conversation-02-england-ghana,1-2,0-0,0.0,0
England vs Ghana,2026-06-23T20:00:00Z,2026-06-23T12:13:30+00:00,conversation-02-england-ghana,0-3,0-0,0.0,0
England vs Ghana,2026-06-23T20:00:00Z,2026-06-23T12:13:30+00:00,conversation-02-england-ghana,1-3,0-0,0.0,0
England vs Ghana,2026-06-23T20:00:00Z,2026-06-23T12:13:30+00:00,conversation-02-england-ghana,2-3,0-0,0.0,0
England vs Ghana,2026-06-23T20:00:00Z,2026-06-23T12:13:30+00:00,conversation-02-england-ghana,0-4,0-0,0.0,0
England vs Ghana,2026-06-23T20:00:00Z,2026-06-23T12:13:30+00:00,conversation-02-england-ghana,1-4,0-0,0.0,0
England vs Ghana,2026-06-23T20:00:00Z,2026-06-23T12:13:30+00:00,conversation-02-england-ghana,2-4,0-0,0.0,0
England vs Ghana,2026-06-23T20:00:00Z,2026-06-23T12:13:30+00:00,conversation-02-england-ghana,3-4,0-0,0.0,0
England vs Ghana,2026-06-23T20:00:00Z,2026-06-23T12:13:30+00:00,conversation-02-england-ghana,0-5,0-0,0.0,0
England vs Ghana,2026-06-23T20:00:00Z,2026-06-23T12:13:30+00:00,conversation-02-england-ghana,1-5,0-0,0.0,0
England vs Ghana,2026-06-23T20:00:00Z,2026-06-23T12:13:30+00:00,conversation-02-england-ghana,2-5,0-0,0.0,0
England vs Ghana,2026-06-23T20:00:00Z,2026-06-23T12:13:30+00:00,conversation-02-england-ghana,3-5,0-0,1.0,0
England vs Ghana,2026-06-23T20:00:00Z,2026-06-23T12:13:30+00:00,conversation-02-england-ghana,4-5,0-0,1.0,0
Panama vs Croatia,2026-06-23T23:00:00Z,2026-06-23T12:14:41+00:00,conversation-02-panama-croatia,1-0,0-1,1.0,0
Panama vs Croatia,2026-06-23T23:00:00Z,2026-06-23T12:14:41+00:00,conversation-02-panama-croatia,2-0,0-1,1.0,0
Panama vs Croatia,2026-06-23T23:00:00Z,2026-06-23T12:14:41+00:00,conversation-02-panama-croatia,2-1,0-1,1.0,0
Panama vs Croatia,2026-06-23T23:00:00Z,2026-06-23T12:14:41+00:00,conversation-02-panama-croatia,3-0,0-1,0.0,0
Panama vs Croatia,2026-06-23T23:00:00Z,2026-06-23T12:14:41+00:00,conversation-02-panama-croatia,3-1,0-1,0.0,0
Panama vs Croatia,2026-06-23T23:00:00Z,2026-06-23T12:14:41+00:00,conversation-02-panama-croatia,3-2,0-1,0.0,0
Panama vs Croatia,2026-06-23T23:00:00Z,2026-06-23T12:14:41+00:00,conversation-02-panama-croatia,4-0,0-1,0.0,0
Panama vs Croatia,2026-06-23T23:00:00Z,2026-06-23T12:14:41+00:00,conversation-02-panama-croatia,4-1,0-1,0.0,0
Panama vs Croatia,2026-06-23T23:00:00Z,2026-06-23T12:14:41+00:00,conversation-02-panama-croatia,4-2,0-1,0.0,0
Panama vs Croatia,2026-06-23T23:00:00Z,2026-06-23T12:14:41+00:00,conversation-02-panama-croatia,4-3,0-1,0.0,0
Panama vs Croatia,2026-06-23T23:00:00Z,2026-06-23T12:14:41+00:00,conversation-02-panama-croatia,5-0,0-1,0.0,0
Panama vs Croatia,2026-06-23T23:00:00Z,2026-06-23T12:14:41+00:00,conversation-02-panama-croatia,5-1,0-1,0.0,0
Panama vs Croatia,2026-06-23T23:00:00Z,2026-06-23T12:14:41+00:00,conversation-02-panama-croatia,5-2,0-1,0.0,0
Panama vs Croatia,2026-06-23T23:00:00Z,2026-06-23T12:14:41+00:00,conversation-02-panama-croatia,5-3,0-1,0.0,0
Panama vs Croatia,2026-06-23T23:00:00Z,2026-06-23T12:14:41+00:00,conversation-02-panama-croatia,5-4,0-1,0.0,0
Panama vs Croatia,2026-06-23T23:00:00Z,2026-06-23T12:14:41+00:00,conversation-02-panama-croatia,0-0,0-1,2.0,0
Panama vs Croatia,2026-06-23T23:00:00Z,2026-06-23T12:14:41+00:00,conversation-02-panama-croatia,1-1,0-1,3.0,0
Panama vs Croatia,2026-06-23T23:00:00Z,2026-06-23T12:14:41+00:00,conversation-02-panama-croatia,2-2,0-1,2.0,0
Panama vs Croatia,2026-06-23T23:00:00Z,2026-06-23T12:14:41+00:00,conversation-02-panama-croatia,3-3,0-1,0.0,0
Panama vs Croatia,2026-06-23T23:00:00Z,2026-06-23T12:14:41+00:00,conversation-02-panama-croatia,4-4,0-1,0.0,0
Panama vs Croatia,2026-06-23T23:00:00Z,2026-06-23T12:14:41+00:00,conversation-02-panama-croatia,0-1,0-1,6.0,1
Panama vs Croatia,2026-06-23T23:00:00Z,2026-06-23T12:14:41+00:00,conversation-02-panama-croatia,0-2,0-1,28.0,0
Panama vs Croatia,2026-06-23T23:00:00Z,2026-06-23T12:14:41+00:00,conversation-02-panama-croatia,1-2,0-1,24.0,0
Panama vs Croatia,2026-06-23T23:00:00Z,2026-06-23T12:14:41+00:00,conversation-02-panama-croatia,0-3,0-1,8.0,0
Panama vs Croatia,2026-06-23T23:00:00Z,2026-06-23T12:14:41+00:00,conversation-02-panama-croatia,1-3,0-1,11.0,0
Panama vs Croatia,2026-06-23T23:00:00Z,2026-06-23T12:14:41+00:00,conversation-02-panama-croatia,2-3,0-1,1.0,0
Panama vs Croatia,2026-06-23T23:00:00Z,2026-06-23T12:14:41+00:00,conversation-02-panama-croatia,0-4,0-1,3.0,0
Panama vs Croatia,2026-06-23T23:00:00Z,2026-06-23T12:14:41+00:00,conversation-02-panama-croatia,1-4,0-1,3.0,0
Panama vs Croatia,2026-06-23T23:00:00Z,2026-06-23T12:14:41+00:00,conversation-02-panama-croatia,2-4,0-1,1.0,0
Panama vs Croatia,2026-06-23T23:00:00Z,2026-06-23T12:14:41+00:00,conversation-02-panama-croatia,3-4,0-1,1.0,0
Panama vs Croatia,2026-06-23T23:00:00Z,2026-06-23T12:14:41+00:00,conversation-02-panama-croatia,0-5,0-1,1.0,0
Panama vs Croatia,2026-06-23T23:00:00Z,2026-06-23T12:14:41+00:00,conversation-02-panama-croatia,1-5,0-1,1.0,0
Panama vs Croatia,2026-06-23T23:00:00Z,2026-06-23T12:14:41+00:00,conversation-02-panama-croatia,2-5,0-1,1.0,0
Panama vs Croatia,2026-06-23T23:00:00Z,2026-06-23T12:14:41+00:00,conversation-02-panama-croatia,3-5,0-1,0.0,0
Panama vs Croatia,2026-06-23T23:00:00Z,2026-06-23T12:14:41+00:00,conversation-02-panama-croatia,4-5,0-1,0.0,0
Colombia vs DR Congo,2026-06-24T02:00:00Z,2026-06-23T12:17:19+00:00,conversation-02-colombia-dr-congo,1-0,1-0,4.0,1
Colombia vs DR Congo,2026-06-24T02:00:00Z,2026-06-23T12:17:19+00:00,conversation-02-colombia-dr-congo,0-0,1-0,2.0,0
Colombia vs DR Congo,2026-06-24T02:00:00Z,2026-06-23T12:17:19+00:00,conversation-02-colombia-dr-congo,0-1,1-0,5.0,0
Colombia vs DR Congo,2026-06-24T02:00:00Z,2026-06-23T12:17:19+00:00,conversation-02-colombia-dr-congo,2-0,1-0,14.0,0
Colombia vs DR Congo,2026-06-24T02:00:00Z,2026-06-23T12:17:19+00:00,conversation-02-colombia-dr-congo,1-1,1-0,11.0,0
Colombia vs DR Congo,2026-06-24T02:00:00Z,2026-06-23T12:17:19+00:00,conversation-02-colombia-dr-congo,0-2,1-0,1.0,0
Colombia vs DR Congo,2026-06-24T02:00:00Z,2026-06-23T12:17:19+00:00,conversation-02-colombia-dr-congo,2-1,1-0,25.0,0
Colombia vs DR Congo,2026-06-24T02:00:00Z,2026-06-23T12:17:19+00:00,conversation-02-colombia-dr-congo,2-2,1-0,7.0,0
Colombia vs DR Congo,2026-06-24T02:00:00Z,2026-06-23T12:17:19+00:00,conversation-02-colombia-dr-congo,1-2,1-0,5.0,0
Colombia vs DR Congo,2026-06-24T02:00:00Z,2026-06-23T12:17:19+00:00,conversation-02-colombia-dr-congo,3-0,1-0,2.0,0
Colombia vs DR Congo,2026-06-24T02:00:00Z,2026-06-23T12:17:19+00:00,conversation-02-colombia-dr-congo,3-3,1-0,1.0,0
Colombia vs DR Congo,2026-06-24T02:00:00Z,2026-06-23T12:17:19+00:00,conversation-02-colombia-dr-congo,0-3,1-0,2.0,0
Colombia vs DR Congo,2026-06-24T02:00:00Z,2026-06-23T12:17:19+00:00,conversation-02-colombia-dr-congo,3-1,1-0,8.0,0
Colombia vs DR Congo,2026-06-24T02:00:00Z,2026-06-23T12:17:19+00:00,conversation-02-colombia-dr-congo,4-4,1-0,0.0,0
Colombia vs DR Congo,2026-06-24T02:00:00Z,2026-06-23T12:17:19+00:00,conversation-02-colombia-dr-congo,1-3,1-0,2.0,0
Colombia vs DR Congo,2026-06-24T02:00:00Z,2026-06-23T12:17:19+00:00,conversation-02-colombia-dr-congo,3-2,1-0,2.0,0
Colombia vs DR Congo,2026-06-24T02:00:00Z,2026-06-23T12:17:19+00:00,conversation-02-colombia-dr-congo,2-3,1-0,1.0,0
Colombia vs DR Congo,2026-06-24T02:00:00Z,2026-06-23T12:17:19+00:00,conversation-02-colombia-dr-congo,4-0,1-0,1.0,0
Colombia vs DR Congo,2026-06-24T02:00:00Z,2026-06-23T12:17:19+00:00,conversation-02-colombia-dr-congo,0-4,1-0,0.0,0
Colombia vs DR Congo,2026-06-24T02:00:00Z,2026-06-23T12:17:19+00:00,conversation-02-colombia-dr-congo,4-1,1-0,2.0,0
Colombia vs DR Congo,2026-06-24T02:00:00Z,2026-06-23T12:17:19+00:00,conversation-02-colombia-dr-congo,1-4,1-0,0.0,0
Colombia vs DR Congo,2026-06-24T02:00:00Z,2026-06-23T12:17:19+00:00,conversation-02-colombia-dr-congo,4-2,1-0,1.0,0
Colombia vs DR Congo,2026-06-24T02:00:00Z,2026-06-23T12:17:19+00:00,conversation-02-colombia-dr-congo,2-4,1-0,1.0,0
Colombia vs DR Congo,2026-06-24T02:00:00Z,2026-06-23T12:17:19+00:00,conversation-02-colombia-dr-congo,4-3,1-0,0.0,0
Colombia vs DR Congo,2026-06-24T02:00:00Z,2026-06-23T12:17:19+00:00,conversation-02-colombia-dr-congo,3-4,1-0,0.0,0
Colombia vs DR Congo,2026-06-24T02:00:00Z,2026-06-23T12:17:19+00:00,conversation-02-colombia-dr-congo,5-0,1-0,1.0,0
Colombia vs DR Congo,2026-06-24T02:00:00Z,2026-06-23T12:17:19+00:00,conversation-02-colombia-dr-congo,0-5,1-0,0.0,0
Colombia vs DR Congo,2026-06-24T02:00:00Z,2026-06-23T12:17:19+00:00,conversation-02-colombia-dr-congo,5-1,1-0,1.0,0
Colombia vs DR Congo,2026-06-24T02:00:00Z,2026-06-23T12:17:19+00:00,conversation-02-colombia-dr-congo,1-5,1-0,0.0,0
Colombia vs DR Congo,2026-06-24T02:00:00Z,2026-06-23T12:17:19+00:00,conversation-02-colombia-dr-congo,5-2,1-0,0.0,0
Colombia vs DR Congo,2026-06-24T02:00:00Z,2026-06-23T12:17:19+00:00,conversation-02-colombia-dr-congo,2-5,1-0,0.0,0
Colombia vs DR Congo,2026-06-24T02:00:00Z,2026-06-23T12:17:19+00:00,conversation-02-colombia-dr-congo,5-3,1-0,0.0,0
Colombia vs DR Congo,2026-06-24T02:00:00Z,2026-06-23T12:17:19+00:00,conversation-02-colombia-dr-congo,3-5,1-0,0.0,0
Colombia vs DR Congo,2026-06-24T02:00:00Z,2026-06-23T12:17:19+00:00,conversation-02-colombia-dr-congo,5-4,1-0,0.0,0
Colombia vs DR Congo,2026-06-24T02:00:00Z,2026-06-23T12:17:19+00:00,conversation-02-colombia-dr-congo,4-5,1-0,0.0,0
Bosnia & Herzegovina vs Qatar,2026-06-24T19:00:00Z,2026-06-24T12:44:28+00:00,screenshot-bosnia-qatar-20260624,1-0,3-1,14.0,0
Bosnia & Herzegovina vs Qatar,2026-06-24T19:00:00Z,2026-06-24T12:44:28+00:00,screenshot-bosnia-qatar-20260624,2-0,3-1,25.0,0
Bosnia & Herzegovina vs Qatar,2026-06-24T19:00:00Z,2026-06-24T12:44:28+00:00,screenshot-bosnia-qatar-20260624,2-1,3-1,13.0,0
Bosnia & Herzegovina vs Qatar,2026-06-24T19:00:00Z,2026-06-24T12:44:28+00:00,screenshot-bosnia-qatar-20260624,3-0,3-1,8.0,0
Bosnia & Herzegovina vs Qatar,2026-06-24T19:00:00Z,2026-06-24T12:44:28+00:00,screenshot-bosnia-qatar-20260624,3-1,3-1,6.0,1
Bosnia & Herzegovina vs Qatar,2026-06-24T19:00:00Z,2026-06-24T12:44:28+00:00,screenshot-bosnia-qatar-20260624,3-2,3-1,1.0,0
Bosnia & Herzegovina vs Qatar,2026-06-24T19:00:00Z,2026-06-24T12:44:28+00:00,screenshot-bosnia-qatar-20260624,4-0,3-1,3.0,0
Bosnia & Herzegovina vs Qatar,2026-06-24T19:00:00Z,2026-06-24T12:44:28+00:00,screenshot-bosnia-qatar-20260624,4-1,3-1,2.0,0
Bosnia & Herzegovina vs Qatar,2026-06-24T19:00:00Z,2026-06-24T12:44:28+00:00,screenshot-bosnia-qatar-20260624,4-2,3-1,1.0,0
Bosnia & Herzegovina vs Qatar,2026-06-24T19:00:00Z,2026-06-24T12:44:28+00:00,screenshot-bosnia-qatar-20260624,4-3,3-1,0.0,0
Bosnia & Herzegovina vs Qatar,2026-06-24T19:00:00Z,2026-06-24T12:44:28+00:00,screenshot-bosnia-qatar-20260624,5-0,3-1,1.0,0
Bosnia & Herzegovina vs Qatar,2026-06-24T19:00:00Z,2026-06-24T12:44:28+00:00,screenshot-bosnia-qatar-20260624,5-1,3-1,1.0,0
Bosnia & Herzegovina vs Qatar,2026-06-24T19:00:00Z,2026-06-24T12:44:28+00:00,screenshot-bosnia-qatar-20260624,5-2,3-1,1.0,0
Bosnia & Herzegovina vs Qatar,2026-06-24T19:00:00Z,2026-06-24T12:44:28+00:00,screenshot-bosnia-qatar-20260624,5-3,3-1,1.0,0
Bosnia & Herzegovina vs Qatar,2026-06-24T19:00:00Z,2026-06-24T12:44:28+00:00,screenshot-bosnia-qatar-20260624,5-4,3-1,1.0,0
Bosnia & Herzegovina vs Qatar,2026-06-24T19:00:00Z,2026-06-24T12:44:28+00:00,screenshot-bosnia-qatar-20260624,0-0,3-1,7.0,0
Bosnia & Herzegovina vs Qatar,2026-06-24T19:00:00Z,2026-06-24T12:44:28+00:00,screenshot-bosnia-qatar-20260624,1-1,3-1,6.0,0
Bosnia & Herzegovina vs Qatar,2026-06-24T19:00:00Z,2026-06-24T12:44:28+00:00,screenshot-bosnia-qatar-20260624,2-2,3-1,2.0,0
Bosnia & Herzegovina vs Qatar,2026-06-24T19:00:00Z,2026-06-24T12:44:28+00:00,screenshot-bosnia-qatar-20260624,3-3,3-1,1.0,0
Bosnia & Herzegovina vs Qatar,2026-06-24T19:00:00Z,2026-06-24T12:44:28+00:00,screenshot-bosnia-qatar-20260624,4-4,3-1,0.0,0
Bosnia & Herzegovina vs Qatar,2026-06-24T19:00:00Z,2026-06-24T12:44:28+00:00,screenshot-bosnia-qatar-20260624,0-1,3-1,2.0,0
Bosnia & Herzegovina vs Qatar,2026-06-24T19:00:00Z,2026-06-24T12:44:28+00:00,screenshot-bosnia-qatar-20260624,0-2,3-1,1.0,0
Bosnia & Herzegovina vs Qatar,2026-06-24T19:00:00Z,2026-06-24T12:44:28+00:00,screenshot-bosnia-qatar-20260624,1-2,3-1,3.0,0
Bosnia & Herzegovina vs Qatar,2026-06-24T19:00:00Z,2026-06-24T12:44:28+00:00,screenshot-bosnia-qatar-20260624,0-3,3-1,0.0,0
Bosnia & Herzegovina vs Qatar,2026-06-24T19:00:00Z,2026-06-24T12:44:28+00:00,screenshot-bosnia-qatar-20260624,1-3,3-1,0.0,0
Bosnia & Herzegovina vs Qatar,2026-06-24T19:00:00Z,2026-06-24T12:44:28+00:00,screenshot-bosnia-qatar-20260624,2-3,3-1,0.0,0
Bosnia & Herzegovina vs Qatar,2026-06-24T19:00:00Z,2026-06-24T12:44:28+00:00,screenshot-bosnia-qatar-20260624,0-4,3-1,0.0,0
Bosnia & Herzegovina vs Qatar,2026-06-24T19:00:00Z,2026-06-24T12:44:28+00:00,screenshot-bosnia-qatar-20260624,1-4,3-1,0.0,0
Bosnia & Herzegovina vs Qatar,2026-06-24T19:00:00Z,2026-06-24T12:44:28+00:00,screenshot-bosnia-qatar-20260624,2-4,3-1,0.0,0
Bosnia & Herzegovina vs Qatar,2026-06-24T19:00:00Z,2026-06-24T12:44:28+00:00,screenshot-bosnia-qatar-20260624,3-4,3-1,0.0,0
Bosnia & Herzegovina vs Qatar,2026-06-24T19:00:00Z,2026-06-24T12:44:28+00:00,screenshot-bosnia-qatar-20260624,0-5,3-1,0.0,0
Bosnia & Herzegovina vs Qatar,2026-06-24T19:00:00Z,2026-06-24T12:44:28+00:00,screenshot-bosnia-qatar-20260624,1-5,3-1,0.0,0
Bosnia & Herzegovina vs Qatar,2026-06-24T19:00:00Z,2026-06-24T12:44:28+00:00,screenshot-bosnia-qatar-20260624,2-5,3-1,0.0,0
Bosnia & Herzegovina vs Qatar,2026-06-24T19:00:00Z,2026-06-24T12:44:28+00:00,screenshot-bosnia-qatar-20260624,3-5,3-1,0.0,0
Bosnia & Herzegovina vs Qatar,2026-06-24T19:00:00Z,2026-06-24T12:44:28+00:00,screenshot-bosnia-qatar-20260624,4-5,3-1,0.0,0
Switzerland vs Canada,2026-06-24T19:00:00Z,2026-06-24T12:41:53+00:00,screenshot-switzerland-canada-20260624,1-0,2-1,8.0,0
Switzerland vs Canada,2026-06-24T19:00:00Z,2026-06-24T12:41:53+00:00,screenshot-switzerland-canada-20260624,2-0,2-1,4.0,0
Switzerland vs Canada,2026-06-24T19:00:00Z,2026-06-24T12:41:53+00:00,screenshot-switzerland-canada-20260624,2-1,2-1,15.0,1
Switzerland vs Canada,2026-06-24T19:00:00Z,2026-06-24T12:41:53+00:00,screenshot-switzerland-canada-20260624,3-0,2-1,2.0,0
Switzerland vs Canada,2026-06-24T19:00:00Z,2026-06-24T12:41:53+00:00,screenshot-switzerland-canada-20260624,3-1,2-1,4.0,0
Switzerland vs Canada,2026-06-24T19:00:00Z,2026-06-24T12:41:53+00:00,screenshot-switzerland-canada-20260624,3-2,2-1,3.0,0
Switzerland vs Canada,2026-06-24T19:00:00Z,2026-06-24T12:41:53+00:00,screenshot-switzerland-canada-20260624,4-0,2-1,1.0,0
Switzerland vs Canada,2026-06-24T19:00:00Z,2026-06-24T12:41:53+00:00,screenshot-switzerland-canada-20260624,4-1,2-1,1.0,0
Switzerland vs Canada,2026-06-24T19:00:00Z,2026-06-24T12:41:53+00:00,screenshot-switzerland-canada-20260624,4-2,2-1,2.0,0
Switzerland vs Canada,2026-06-24T19:00:00Z,2026-06-24T12:41:53+00:00,screenshot-switzerland-canada-20260624,4-3,2-1,0.0,0
Switzerland vs Canada,2026-06-24T19:00:00Z,2026-06-24T12:41:53+00:00,screenshot-switzerland-canada-20260624,5-0,2-1,1.0,0
Switzerland vs Canada,2026-06-24T19:00:00Z,2026-06-24T12:41:53+00:00,screenshot-switzerland-canada-20260624,5-1,2-1,0.0,0
Switzerland vs Canada,2026-06-24T19:00:00Z,2026-06-24T12:41:53+00:00,screenshot-switzerland-canada-20260624,5-2,2-1,1.0,0
Switzerland vs Canada,2026-06-24T19:00:00Z,2026-06-24T12:41:53+00:00,screenshot-switzerland-canada-20260624,5-3,2-1,0.0,0
Switzerland vs Canada,2026-06-24T19:00:00Z,2026-06-24T12:41:53+00:00,screenshot-switzerland-canada-20260624,5-4,2-1,0.0,0
Switzerland vs Canada,2026-06-24T19:00:00Z,2026-06-24T12:41:53+00:00,screenshot-switzerland-canada-20260624,0-0,2-1,5.0,0
Switzerland vs Canada,2026-06-24T19:00:00Z,2026-06-24T12:41:53+00:00,screenshot-switzerland-canada-20260624,1-1,2-1,19.0,0
Switzerland vs Canada,2026-06-24T19:00:00Z,2026-06-24T12:41:53+00:00,screenshot-switzerland-canada-20260624,2-2,2-1,10.0,0
Switzerland vs Canada,2026-06-24T19:00:00Z,2026-06-24T12:41:53+00:00,screenshot-switzerland-canada-20260624,3-3,2-1,6.0,0
Switzerland vs Canada,2026-06-24T19:00:00Z,2026-06-24T12:41:53+00:00,screenshot-switzerland-canada-20260624,4-4,2-1,1.0,0
Switzerland vs Canada,2026-06-24T19:00:00Z,2026-06-24T12:41:53+00:00,screenshot-switzerland-canada-20260624,0-1,2-1,3.0,0
Switzerland vs Canada,2026-06-24T19:00:00Z,2026-06-24T12:41:53+00:00,screenshot-switzerland-canada-20260624,0-2,2-1,2.0,0
Switzerland vs Canada,2026-06-24T19:00:00Z,2026-06-24T12:41:53+00:00,screenshot-switzerland-canada-20260624,1-2,2-1,5.0,0
Switzerland vs Canada,2026-06-24T19:00:00Z,2026-06-24T12:41:53+00:00,screenshot-switzerland-canada-20260624,0-3,2-1,0.0,0
Switzerland vs Canada,2026-06-24T19:00:00Z,2026-06-24T12:41:53+00:00,screenshot-switzerland-canada-20260624,1-3,2-1,1.0,0
Switzerland vs Canada,2026-06-24T19:00:00Z,2026-06-24T12:41:53+00:00,screenshot-switzerland-canada-20260624,2-3,2-1,2.0,0
Switzerland vs Canada,2026-06-24T19:00:00Z,2026-06-24T12:41:53+00:00,screenshot-switzerland-canada-20260624,0-4,2-1,0.0,0
Switzerland vs Canada,2026-06-24T19:00:00Z,2026-06-24T12:41:53+00:00,screenshot-switzerland-canada-20260624,1-4,2-1,1.0,0
Switzerland vs Canada,2026-06-24T19:00:00Z,2026-06-24T12:41:53+00:00,screenshot-switzerland-canada-20260624,2-4,2-1,1.0,0
Switzerland vs Canada,2026-06-24T19:00:00Z,2026-06-24T12:41:53+00:00,screenshot-switzerland-canada-20260624,3-4,2-1,0.0,0
Switzerland vs Canada,2026-06-24T19:00:00Z,2026-06-24T12:41:53+00:00,screenshot-switzerland-canada-20260624,0-5,2-1,0.0,0
Switzerland vs Canada,2026-06-24T19:00:00Z,2026-06-24T12:41:53+00:00,screenshot-switzerland-canada-20260624,1-5,2-1,0.0,0
Switzerland vs Canada,2026-06-24T19:00:00Z,2026-06-24T12:41:53+00:00,screenshot-switzerland-canada-20260624,2-5,2-1,0.0,0
Switzerland vs Canada,2026-06-24T19:00:00Z,2026-06-24T12:41:53+00:00,screenshot-switzerland-canada-20260624,3-5,2-1,0.0,0
Switzerland vs Canada,2026-06-24T19:00:00Z,2026-06-24T12:41:53+00:00,screenshot-switzerland-canada-20260624,4-5,2-1,1.0,0
Morocco vs Haiti,2026-06-24T22:00:00Z,2026-06-24T12:50:46+00:00,screenshot-morocco-haiti-20260624,1-0,4-2,7.0,0
Morocco vs Haiti,2026-06-24T22:00:00Z,2026-06-24T12:50:46+00:00,screenshot-morocco-haiti-20260624,2-0,4-2,26.0,0
Morocco vs Haiti,2026-06-24T22:00:00Z,2026-06-24T12:50:46+00:00,screenshot-morocco-haiti-20260624,2-1,4-2,6.0,0
Morocco vs Haiti,2026-06-24T22:00:00Z,2026-06-24T12:50:46+00:00,screenshot-morocco-haiti-20260624,3-0,4-2,29.0,0
Morocco vs Haiti,2026-06-24T22:00:00Z,2026-06-24T12:50:46+00:00,screenshot-morocco-haiti-20260624,3-1,4-2,3.0,0
Morocco vs Haiti,2026-06-24T22:00:00Z,2026-06-24T12:50:46+00:00,screenshot-morocco-haiti-20260624,3-2,4-2,1.0,0
Morocco vs Haiti,2026-06-24T22:00:00Z,2026-06-24T12:50:46+00:00,screenshot-morocco-haiti-20260624,4-0,4-2,9.0,0
Morocco vs Haiti,2026-06-24T22:00:00Z,2026-06-24T12:50:46+00:00,screenshot-morocco-haiti-20260624,4-1,4-2,2.0,0
Morocco vs Haiti,2026-06-24T22:00:00Z,2026-06-24T12:50:46+00:00,screenshot-morocco-haiti-20260624,4-2,4-2,1.0,1
Morocco vs Haiti,2026-06-24T22:00:00Z,2026-06-24T12:50:46+00:00,screenshot-morocco-haiti-20260624,4-3,4-2,0.0,0
Morocco vs Haiti,2026-06-24T22:00:00Z,2026-06-24T12:50:46+00:00,screenshot-morocco-haiti-20260624,5-0,4-2,5.0,0
Morocco vs Haiti,2026-06-24T22:00:00Z,2026-06-24T12:50:46+00:00,screenshot-morocco-haiti-20260624,5-1,4-2,1.0,0
Morocco vs Haiti,2026-06-24T22:00:00Z,2026-06-24T12:50:46+00:00,screenshot-morocco-haiti-20260624,5-2,4-2,0.0,0
Morocco vs Haiti,2026-06-24T22:00:00Z,2026-06-24T12:50:46+00:00,screenshot-morocco-haiti-20260624,5-3,4-2,1.0,0
Morocco vs Haiti,2026-06-24T22:00:00Z,2026-06-24T12:50:46+00:00,screenshot-morocco-haiti-20260624,5-4,4-2,1.0,0
Morocco vs Haiti,2026-06-24T22:00:00Z,2026-06-24T12:50:46+00:00,screenshot-morocco-haiti-20260624,0-0,4-2,1.0,0
Morocco vs Haiti,2026-06-24T22:00:00Z,2026-06-24T12:50:46+00:00,screenshot-morocco-haiti-20260624,1-1,4-2,1.0,0
Morocco vs Haiti,2026-06-24T22:00:00Z,2026-06-24T12:50:46+00:00,screenshot-morocco-haiti-20260624,2-2,4-2,1.0,0
Morocco vs Haiti,2026-06-24T22:00:00Z,2026-06-24T12:50:46+00:00,screenshot-morocco-haiti-20260624,3-3,4-2,0.0,0
Morocco vs Haiti,2026-06-24T22:00:00Z,2026-06-24T12:50:46+00:00,screenshot-morocco-haiti-20260624,4-4,4-2,0.0,0
Morocco vs Haiti,2026-06-24T22:00:00Z,2026-06-24T12:50:46+00:00,screenshot-morocco-haiti-20260624,0-1,4-2,0.0,0
Morocco vs Haiti,2026-06-24T22:00:00Z,2026-06-24T12:50:46+00:00,screenshot-morocco-haiti-20260624,0-2,4-2,0.0,0
Morocco vs Haiti,2026-06-24T22:00:00Z,2026-06-24T12:50:46+00:00,screenshot-morocco-haiti-20260624,1-2,4-2,0.0,0
Morocco vs Haiti,2026-06-24T22:00:00Z,2026-06-24T12:50:46+00:00,screenshot-morocco-haiti-20260624,0-3,4-2,0.0,0
Morocco vs Haiti,2026-06-24T22:00:00Z,2026-06-24T12:50:46+00:00,screenshot-morocco-haiti-20260624,1-3,4-2,0.0,0
Morocco vs Haiti,2026-06-24T22:00:00Z,2026-06-24T12:50:46+00:00,screenshot-morocco-haiti-20260624,2-3,4-2,0.0,0
Morocco vs Haiti,2026-06-24T22:00:00Z,2026-06-24T12:50:46+00:00,screenshot-morocco-haiti-20260624,0-4,4-2,1.0,0
Morocco vs Haiti,2026-06-24T22:00:00Z,2026-06-24T12:50:46+00:00,screenshot-morocco-haiti-20260624,1-4,4-2,1.0,0
Morocco vs Haiti,2026-06-24T22:00:00Z,2026-06-24T12:50:46+00:00,screenshot-morocco-haiti-20260624,2-4,4-2,1.0,0
Morocco vs Haiti,2026-06-24T22:00:00Z,2026-06-24T12:50:46+00:00,screenshot-morocco-haiti-20260624,3-4,4-2,1.0,0
Morocco vs Haiti,2026-06-24T22:00:00Z,2026-06-24T12:50:46+00:00,screenshot-morocco-haiti-20260624,0-5,4-2,1.0,0
Morocco vs Haiti,2026-06-24T22:00:00Z,2026-06-24T12:50:46+00:00,screenshot-morocco-haiti-20260624,1-5,4-2,0.0,0
Morocco vs Haiti,2026-06-24T22:00:00Z,2026-06-24T12:50:46+00:00,screenshot-morocco-haiti-20260624,2-5,4-2,0.0,0
Morocco vs Haiti,2026-06-24T22:00:00Z,2026-06-24T12:50:46+00:00,screenshot-morocco-haiti-20260624,3-5,4-2,0.0,0
Morocco vs Haiti,2026-06-24T22:00:00Z,2026-06-24T12:50:46+00:00,screenshot-morocco-haiti-20260624,4-5,4-2,0.0,0
Scotland vs Brazil,2026-06-24T22:01:00Z,2026-06-24T12:54:25+00:00,screenshot-scotland-brazil-20260624,1-0,0-3,1.0,0
Scotland vs Brazil,2026-06-24T22:01:00Z,2026-06-24T12:54:25+00:00,screenshot-scotland-brazil-20260624,2-0,0-3,1.0,0
Scotland vs Brazil,2026-06-24T22:01:00Z,2026-06-24T12:54:25+00:00,screenshot-scotland-brazil-20260624,2-1,0-3,3.0,0
Scotland vs Brazil,2026-06-24T22:01:00Z,2026-06-24T12:54:25+00:00,screenshot-scotland-brazil-20260624,3-0,0-3,1.0,0
Scotland vs Brazil,2026-06-24T22:01:00Z,2026-06-24T12:54:25+00:00,screenshot-scotland-brazil-20260624,3-1,0-3,1.0,0
Scotland vs Brazil,2026-06-24T22:01:00Z,2026-06-24T12:54:25+00:00,screenshot-scotland-brazil-20260624,3-2,0-3,0.0,0
Scotland vs Brazil,2026-06-24T22:01:00Z,2026-06-24T12:54:25+00:00,screenshot-scotland-brazil-20260624,4-0,0-3,1.0,0
Scotland vs Brazil,2026-06-24T22:01:00Z,2026-06-24T12:54:25+00:00,screenshot-scotland-brazil-20260624,4-1,0-3,0.0,0
Scotland vs Brazil,2026-06-24T22:01:00Z,2026-06-24T12:54:25+00:00,screenshot-scotland-brazil-20260624,4-2,0-3,0.0,0
Scotland vs Brazil,2026-06-24T22:01:00Z,2026-06-24T12:54:25+00:00,screenshot-scotland-brazil-20260624,4-3,0-3,0.0,0
Scotland vs Brazil,2026-06-24T22:01:00Z,2026-06-24T12:54:25+00:00,screenshot-scotland-brazil-20260624,5-0,0-3,1.0,0
Scotland vs Brazil,2026-06-24T22:01:00Z,2026-06-24T12:54:25+00:00,screenshot-scotland-brazil-20260624,5-1,0-3,0.0,0
Scotland vs Brazil,2026-06-24T22:01:00Z,2026-06-24T12:54:25+00:00,screenshot-scotland-brazil-20260624,5-2,0-3,0.0,0
Scotland vs Brazil,2026-06-24T22:01:00Z,2026-06-24T12:54:25+00:00,screenshot-scotland-brazil-20260624,5-3,0-3,0.0,0
Scotland vs Brazil,2026-06-24T22:01:00Z,2026-06-24T12:54:25+00:00,screenshot-scotland-brazil-20260624,5-4,0-3,0.0,0
Scotland vs Brazil,2026-06-24T22:01:00Z,2026-06-24T12:54:25+00:00,screenshot-scotland-brazil-20260624,0-0,0-3,2.0,0
Scotland vs Brazil,2026-06-24T22:01:00Z,2026-06-24T12:54:25+00:00,screenshot-scotland-brazil-20260624,1-1,0-3,6.0,0
Scotland vs Brazil,2026-06-24T22:01:00Z,2026-06-24T12:54:25+00:00,screenshot-scotland-brazil-20260624,2-2,0-3,2.0,0
Scotland vs Brazil,2026-06-24T22:01:00Z,2026-06-24T12:54:25+00:00,screenshot-scotland-brazil-20260624,3-3,0-3,0.0,0
Scotland vs Brazil,2026-06-24T22:01:00Z,2026-06-24T12:54:25+00:00,screenshot-scotland-brazil-20260624,4-4,0-3,0.0,0
Scotland vs Brazil,2026-06-24T22:01:00Z,2026-06-24T12:54:25+00:00,screenshot-scotland-brazil-20260624,0-1,0-3,6.0,0
Scotland vs Brazil,2026-06-24T22:01:00Z,2026-06-24T12:54:25+00:00,screenshot-scotland-brazil-20260624,0-2,0-3,19.0,0
Scotland vs Brazil,2026-06-24T22:01:00Z,2026-06-24T12:54:25+00:00,screenshot-scotland-brazil-20260624,1-2,0-3,16.0,0
Scotland vs Brazil,2026-06-24T22:01:00Z,2026-06-24T12:54:25+00:00,screenshot-scotland-brazil-20260624,0-3,0-3,13.0,1
Scotland vs Brazil,2026-06-24T22:01:00Z,2026-06-24T12:54:25+00:00,screenshot-scotland-brazil-20260624,1-3,0-3,11.0,0
Scotland vs Brazil,2026-06-24T22:01:00Z,2026-06-24T12:54:25+00:00,screenshot-scotland-brazil-20260624,2-3,0-3,7.0,0
Scotland vs Brazil,2026-06-24T22:01:00Z,2026-06-24T12:54:25+00:00,screenshot-scotland-brazil-20260624,0-4,0-3,7.0,0
Scotland vs Brazil,2026-06-24T22:01:00Z,2026-06-24T12:54:25+00:00,screenshot-scotland-brazil-20260624,1-4,0-3,2.0,0
Scotland vs Brazil,2026-06-24T22:01:00Z,2026-06-24T12:54:25+00:00,screenshot-scotland-brazil-20260624,2-4,0-3,1.0,0
Scotland vs Brazil,2026-06-24T22:01:00Z,2026-06-24T12:54:25+00:00,screenshot-scotland-brazil-20260624,3-4,0-3,0.0,0
Scotland vs Brazil,2026-06-24T22:01:00Z,2026-06-24T12:54:25+00:00,screenshot-scotland-brazil-20260624,0-5,0-3,1.0,0
Scotland vs Brazil,2026-06-24T22:01:00Z,2026-06-24T12:54:25+00:00,screenshot-scotland-brazil-20260624,1-5,0-3,1.0,0
Scotland vs Brazil,2026-06-24T22:01:00Z,2026-06-24T12:54:25+00:00,screenshot-scotland-brazil-20260624,2-5,0-3,0.0,0
Scotland vs Brazil,2026-06-24T22:01:00Z,2026-06-24T12:54:25+00:00,screenshot-scotland-brazil-20260624,3-5,0-3,0.0,0
Scotland vs Brazil,2026-06-24T22:01:00Z,2026-06-24T12:54:25+00:00,screenshot-scotland-brazil-20260624,4-5,0-3,1.0,0
Czech Republic vs Mexico,2026-06-25T01:00:00Z,2026-06-24T13:00:48+00:00,screenshot-czech-republic-mexico-20260624,1-0,0-3,6.0,0
Czech Republic vs Mexico,2026-06-25T01:00:00Z,2026-06-24T13:00:48+00:00,screenshot-czech-republic-mexico-20260624,2-0,0-3,2.0,0
Czech Republic vs Mexico,2026-06-25T01:00:00Z,2026-06-24T13:00:48+00:00,screenshot-czech-republic-mexico-20260624,2-1,0-3,6.0,0
Czech Republic vs Mexico,2026-06-25T01:00:00Z,2026-06-24T13:00:48+00:00,screenshot-czech-republic-mexico-20260624,3-0,0-3,1.0,0
Czech Republic vs Mexico,2026-06-25T01:00:00Z,2026-06-24T13:00:48+00:00,screenshot-czech-republic-mexico-20260624,3-1,0-3,1.0,0
Czech Republic vs Mexico,2026-06-25T01:00:00Z,2026-06-24T13:00:48+00:00,screenshot-czech-republic-mexico-20260624,3-2,0-3,1.0,0
Czech Republic vs Mexico,2026-06-25T01:00:00Z,2026-06-24T13:00:48+00:00,screenshot-czech-republic-mexico-20260624,4-0,0-3,1.0,0
Czech Republic vs Mexico,2026-06-25T01:00:00Z,2026-06-24T13:00:48+00:00,screenshot-czech-republic-mexico-20260624,4-1,0-3,0.0,0
Czech Republic vs Mexico,2026-06-25T01:00:00Z,2026-06-24T13:00:48+00:00,screenshot-czech-republic-mexico-20260624,4-2,0-3,0.0,0
Czech Republic vs Mexico,2026-06-25T01:00:00Z,2026-06-24T13:00:48+00:00,screenshot-czech-republic-mexico-20260624,4-3,0-3,0.0,0
Czech Republic vs Mexico,2026-06-25T01:00:00Z,2026-06-24T13:00:48+00:00,screenshot-czech-republic-mexico-20260624,5-0,0-3,0.0,0
Czech Republic vs Mexico,2026-06-25T01:00:00Z,2026-06-24T13:00:48+00:00,screenshot-czech-republic-mexico-20260624,5-1,0-3,0.0,0
Czech Republic vs Mexico,2026-06-25T01:00:00Z,2026-06-24T13:00:48+00:00,screenshot-czech-republic-mexico-20260624,5-2,0-3,0.0,0
Czech Republic vs Mexico,2026-06-25T01:00:00Z,2026-06-24T13:00:48+00:00,screenshot-czech-republic-mexico-20260624,5-3,0-3,0.0,0
Czech Republic vs Mexico,2026-06-25T01:00:00Z,2026-06-24T13:00:48+00:00,screenshot-czech-republic-mexico-20260624,5-4,0-3,0.0,0
Czech Republic vs Mexico,2026-06-25T01:00:00Z,2026-06-24T13:00:48+00:00,screenshot-czech-republic-mexico-20260624,0-0,0-3,6.0,0
Czech Republic vs Mexico,2026-06-25T01:00:00Z,2026-06-24T13:00:48+00:00,screenshot-czech-republic-mexico-20260624,1-1,0-3,19.0,0
Czech Republic vs Mexico,2026-06-25T01:00:00Z,2026-06-24T13:00:48+00:00,screenshot-czech-republic-mexico-20260624,2-2,0-3,6.0,0
Czech Republic vs Mexico,2026-06-25T01:00:00Z,2026-06-24T13:00:48+00:00,screenshot-czech-republic-mexico-20260624,3-3,0-3,1.0,0
Czech Republic vs Mexico,2026-06-25T01:00:00Z,2026-06-24T13:00:48+00:00,screenshot-czech-republic-mexico-20260624,4-4,0-3,0.0,0
Czech Republic vs Mexico,2026-06-25T01:00:00Z,2026-06-24T13:00:48+00:00,screenshot-czech-republic-mexico-20260624,0-1,0-3,12.0,0
Czech Republic vs Mexico,2026-06-25T01:00:00Z,2026-06-24T13:00:48+00:00,screenshot-czech-republic-mexico-20260624,0-2,0-3,6.0,0
Czech Republic vs Mexico,2026-06-25T01:00:00Z,2026-06-24T13:00:48+00:00,screenshot-czech-republic-mexico-20260624,1-2,0-3,18.0,0
Czech Republic vs Mexico,2026-06-25T01:00:00Z,2026-06-24T13:00:48+00:00,screenshot-czech-republic-mexico-20260624,0-3,0-3,2.0,1
Czech Republic vs Mexico,2026-06-25T01:00:00Z,2026-06-24T13:00:48+00:00,screenshot-czech-republic-mexico-20260624,1-3,0-3,8.0,0
Czech Republic vs Mexico,2026-06-25T01:00:00Z,2026-06-24T13:00:48+00:00,screenshot-czech-republic-mexico-20260624,2-3,0-3,1.0,0
Czech Republic vs Mexico,2026-06-25T01:00:00Z,2026-06-24T13:00:48+00:00,screenshot-czech-republic-mexico-20260624,0-4,0-3,1.0,0
Czech Republic vs Mexico,2026-06-25T01:00:00Z,2026-06-24T13:00:48+00:00,screenshot-czech-republic-mexico-20260624,1-4,0-3,1.0,0
Czech Republic vs Mexico,2026-06-25T01:00:00Z,2026-06-24T13:00:48+00:00,screenshot-czech-republic-mexico-20260624,2-4,0-3,1.0,0
Czech Republic vs Mexico,2026-06-25T01:00:00Z,2026-06-24T13:00:48+00:00,screenshot-czech-republic-mexico-20260624,3-4,0-3,1.0,0
Czech Republic vs Mexico,2026-06-25T01:00:00Z,2026-06-24T13:00:48+00:00,screenshot-czech-republic-mexico-20260624,0-5,0-3,0.0,0
Czech Republic vs Mexico,2026-06-25T01:00:00Z,2026-06-24T13:00:48+00:00,screenshot-czech-republic-mexico-20260624,1-5,0-3,0.0,0
Czech Republic vs Mexico,2026-06-25T01:00:00Z,2026-06-24T13:00:48+00:00,screenshot-czech-republic-mexico-20260624,2-5,0-3,0.0,0
Czech Republic vs Mexico,2026-06-25T01:00:00Z,2026-06-24T13:00:48+00:00,screenshot-czech-republic-mexico-20260624,3-5,0-3,1.0,0
Czech Republic vs Mexico,2026-06-25T01:00:00Z,2026-06-24T13:00:48+00:00,screenshot-czech-republic-mexico-20260624,4-5,0-3,1.0,0
South Africa vs South Korea,2026-06-25T01:00:00Z,2026-06-24T12:57:19+00:00,screenshot-south-africa-south-korea-20260624,1-0,1-0,3.0,1
South Africa vs South Korea,2026-06-25T01:00:00Z,2026-06-24T12:57:19+00:00,screenshot-south-africa-south-korea-20260624,2-0,1-0,1.0,0
South Africa vs South Korea,2026-06-25T01:00:00Z,2026-06-24T12:57:19+00:00,screenshot-south-africa-south-korea-20260624,2-1,1-0,2.0,0
South Africa vs South Korea,2026-06-25T01:00:00Z,2026-06-24T12:57:19+00:00,screenshot-south-africa-south-korea-20260624,3-0,1-0,1.0,0
South Africa vs South Korea,2026-06-25T01:00:00Z,2026-06-24T12:57:19+00:00,screenshot-south-africa-south-korea-20260624,3-1,1-0,1.0,0
South Africa vs South Korea,2026-06-25T01:00:00Z,2026-06-24T12:57:19+00:00,screenshot-south-africa-south-korea-20260624,3-2,1-0,0.0,0
South Africa vs South Korea,2026-06-25T01:00:00Z,2026-06-24T12:57:19+00:00,screenshot-south-africa-south-korea-20260624,4-0,1-0,1.0,0
South Africa vs South Korea,2026-06-25T01:00:00Z,2026-06-24T12:57:19+00:00,screenshot-south-africa-south-korea-20260624,4-1,1-0,0.0,0
South Africa vs South Korea,2026-06-25T01:00:00Z,2026-06-24T12:57:19+00:00,screenshot-south-africa-south-korea-20260624,4-2,1-0,0.0,0
South Africa vs South Korea,2026-06-25T01:00:00Z,2026-06-24T12:57:19+00:00,screenshot-south-africa-south-korea-20260624,4-3,1-0,0.0,0
South Africa vs South Korea,2026-06-25T01:00:00Z,2026-06-24T12:57:19+00:00,screenshot-south-africa-south-korea-20260624,5-0,1-0,0.0,0
South Africa vs South Korea,2026-06-25T01:00:00Z,2026-06-24T12:57:19+00:00,screenshot-south-africa-south-korea-20260624,5-1,1-0,0.0,0
South Africa vs South Korea,2026-06-25T01:00:00Z,2026-06-24T12:57:19+00:00,screenshot-south-africa-south-korea-20260624,5-2,1-0,0.0,0
South Africa vs South Korea,2026-06-25T01:00:00Z,2026-06-24T12:57:19+00:00,screenshot-south-africa-south-korea-20260624,5-3,1-0,0.0,0
South Africa vs South Korea,2026-06-25T01:00:00Z,2026-06-24T12:57:19+00:00,screenshot-south-africa-south-korea-20260624,5-4,1-0,0.0,0
South Africa vs South Korea,2026-06-25T01:00:00Z,2026-06-24T12:57:19+00:00,screenshot-south-africa-south-korea-20260624,0-0,1-0,4.0,0
South Africa vs South Korea,2026-06-25T01:00:00Z,2026-06-24T12:57:19+00:00,screenshot-south-africa-south-korea-20260624,1-1,1-0,6.0,0
South Africa vs South Korea,2026-06-25T01:00:00Z,2026-06-24T12:57:19+00:00,screenshot-south-africa-south-korea-20260624,2-2,1-0,3.0,0
South Africa vs South Korea,2026-06-25T01:00:00Z,2026-06-24T12:57:19+00:00,screenshot-south-africa-south-korea-20260624,3-3,1-0,0.0,0
South Africa vs South Korea,2026-06-25T01:00:00Z,2026-06-24T12:57:19+00:00,screenshot-south-africa-south-korea-20260624,4-4,1-0,0.0,0
South Africa vs South Korea,2026-06-25T01:00:00Z,2026-06-24T12:57:19+00:00,screenshot-south-africa-south-korea-20260624,0-1,1-0,9.0,0
South Africa vs South Korea,2026-06-25T01:00:00Z,2026-06-24T12:57:19+00:00,screenshot-south-africa-south-korea-20260624,0-2,1-0,19.0,0
South Africa vs South Korea,2026-06-25T01:00:00Z,2026-06-24T12:57:19+00:00,screenshot-south-africa-south-korea-20260624,1-2,1-0,28.0,0
South Africa vs South Korea,2026-06-25T01:00:00Z,2026-06-24T12:57:19+00:00,screenshot-south-africa-south-korea-20260624,0-3,1-0,5.0,0
South Africa vs South Korea,2026-06-25T01:00:00Z,2026-06-24T12:57:19+00:00,screenshot-south-africa-south-korea-20260624,1-3,1-0,8.0,0
South Africa vs South Korea,2026-06-25T01:00:00Z,2026-06-24T12:57:19+00:00,screenshot-south-africa-south-korea-20260624,2-3,1-0,1.0,0
South Africa vs South Korea,2026-06-25T01:00:00Z,2026-06-24T12:57:19+00:00,screenshot-south-africa-south-korea-20260624,0-4,1-0,1.0,0
South Africa vs South Korea,2026-06-25T01:00:00Z,2026-06-24T12:57:19+00:00,screenshot-south-africa-south-korea-20260624,1-4,1-0,3.0,0
South Africa vs South Korea,2026-06-25T01:00:00Z,2026-06-24T12:57:19+00:00,screenshot-south-africa-south-korea-20260624,2-4,1-0,1.0,0
South Africa vs South Korea,2026-06-25T01:00:00Z,2026-06-24T12:57:19+00:00,screenshot-south-africa-south-korea-20260624,3-4,1-0,0.0,0
South Africa vs South Korea,2026-06-25T01:00:00Z,2026-06-24T12:57:19+00:00,screenshot-south-africa-south-korea-20260624,0-5,1-0,0.0,0
South Africa vs South Korea,2026-06-25T01:00:00Z,2026-06-24T12:57:19+00:00,screenshot-south-africa-south-korea-20260624,1-5,1-0,0.0,0
South Africa vs South Korea,2026-06-25T01:00:00Z,2026-06-24T12:57:19+00:00,screenshot-south-africa-south-korea-20260624,2-5,1-0,1.0,0
South Africa vs South Korea,2026-06-25T01:00:00Z,2026-06-24T12:57:19+00:00,screenshot-south-africa-south-korea-20260624,3-5,1-0,0.0,0
South Africa vs South Korea,2026-06-25T01:00:00Z,2026-06-24T12:57:19+00:00,screenshot-south-africa-south-korea-20260624,4-5,1-0,1.0,0
Curaçao vs Ivory Coast,2026-06-25T20:00:00Z,2026-06-25T10:18:51+00:00,screenshot-curacao-ivory-coast-20260625,1-0,0-2,2.0,0
Curaçao vs Ivory Coast,2026-06-25T20:00:00Z,2026-06-25T10:18:51+00:00,screenshot-curacao-ivory-coast-20260625,2-0,0-2,1.0,0
Curaçao vs Ivory Coast,2026-06-25T20:00:00Z,2026-06-25T10:18:51+00:00,screenshot-curacao-ivory-coast-20260625,2-1,0-2,1.0,0
Curaçao vs Ivory Coast,2026-06-25T20:00:00Z,2026-06-25T10:18:51+00:00,screenshot-curacao-ivory-coast-20260625,3-0,0-2,1.0,0
Curaçao vs Ivory Coast,2026-06-25T20:00:00Z,2026-06-25T10:18:51+00:00,screenshot-curacao-ivory-coast-20260625,3-1,0-2,1.0,0
Curaçao vs Ivory Coast,2026-06-25T20:00:00Z,2026-06-25T10:18:51+00:00,screenshot-curacao-ivory-coast-20260625,3-2,0-2,0.0,0
Curaçao vs Ivory Coast,2026-06-25T20:00:00Z,2026-06-25T10:18:51+00:00,screenshot-curacao-ivory-coast-20260625,4-0,0-2,1.0,0
Curaçao vs Ivory Coast,2026-06-25T20:00:00Z,2026-06-25T10:18:51+00:00,screenshot-curacao-ivory-coast-20260625,4-1,0-2,0.0,0
Curaçao vs Ivory Coast,2026-06-25T20:00:00Z,2026-06-25T10:18:51+00:00,screenshot-curacao-ivory-coast-20260625,4-2,0-2,0.0,0
Curaçao vs Ivory Coast,2026-06-25T20:00:00Z,2026-06-25T10:18:51+00:00,screenshot-curacao-ivory-coast-20260625,4-3,0-2,0.0,0
Curaçao vs Ivory Coast,2026-06-25T20:00:00Z,2026-06-25T10:18:51+00:00,screenshot-curacao-ivory-coast-20260625,5-0,0-2,1.0,0
Curaçao vs Ivory Coast,2026-06-25T20:00:00Z,2026-06-25T10:18:51+00:00,screenshot-curacao-ivory-coast-20260625,5-1,0-2,0.0,0
Curaçao vs Ivory Coast,2026-06-25T20:00:00Z,2026-06-25T10:18:51+00:00,screenshot-curacao-ivory-coast-20260625,5-2,0-2,0.0,0
Curaçao vs Ivory Coast,2026-06-25T20:00:00Z,2026-06-25T10:18:51+00:00,screenshot-curacao-ivory-coast-20260625,5-3,0-2,0.0,0
Curaçao vs Ivory Coast,2026-06-25T20:00:00Z,2026-06-25T10:18:51+00:00,screenshot-curacao-ivory-coast-20260625,5-4,0-2,0.0,0
Curaçao vs Ivory Coast,2026-06-25T20:00:00Z,2026-06-25T10:18:51+00:00,screenshot-curacao-ivory-coast-20260625,0-0,0-2,4.0,0
Curaçao vs Ivory Coast,2026-06-25T20:00:00Z,2026-06-25T10:18:51+00:00,screenshot-curacao-ivory-coast-20260625,1-1,0-2,2.0,0
Curaçao vs Ivory Coast,2026-06-25T20:00:00Z,2026-06-25T10:18:51+00:00,screenshot-curacao-ivory-coast-20260625,2-2,0-2,1.0,0
Curaçao vs Ivory Coast,2026-06-25T20:00:00Z,2026-06-25T10:18:51+00:00,screenshot-curacao-ivory-coast-20260625,3-3,0-2,0.0,0
Curaçao vs Ivory Coast,2026-06-25T20:00:00Z,2026-06-25T10:18:51+00:00,screenshot-curacao-ivory-coast-20260625,4-4,0-2,0.0,0
Curaçao vs Ivory Coast,2026-06-25T20:00:00Z,2026-06-25T10:18:51+00:00,screenshot-curacao-ivory-coast-20260625,0-1,0-2,7.0,0
Curaçao vs Ivory Coast,2026-06-25T20:00:00Z,2026-06-25T10:18:51+00:00,screenshot-curacao-ivory-coast-20260625,0-2,0-2,22.0,1
Curaçao vs Ivory Coast,2026-06-25T20:00:00Z,2026-06-25T10:18:51+00:00,screenshot-curacao-ivory-coast-20260625,1-2,0-2,7.0,0
Curaçao vs Ivory Coast,2026-06-25T20:00:00Z,2026-06-25T10:18:51+00:00,screenshot-curacao-ivory-coast-20260625,0-3,0-2,19.0,0
Curaçao vs Ivory Coast,2026-06-25T20:00:00Z,2026-06-25T10:18:51+00:00,screenshot-curacao-ivory-coast-20260625,1-3,0-2,10.0,0
Curaçao vs Ivory Coast,2026-06-25T20:00:00Z,2026-06-25T10:18:51+00:00,screenshot-curacao-ivory-coast-20260625,2-3,0-2,1.0,0
Curaçao vs Ivory Coast,2026-06-25T20:00:00Z,2026-06-25T10:18:51+00:00,screenshot-curacao-ivory-coast-20260625,0-4,0-2,5.0,0
Curaçao vs Ivory Coast,2026-06-25T20:00:00Z,2026-06-25T10:18:51+00:00,screenshot-curacao-ivory-coast-20260625,1-4,0-2,4.0,0
Curaçao vs Ivory Coast,2026-06-25T20:00:00Z,2026-06-25T10:18:51+00:00,screenshot-curacao-ivory-coast-20260625,2-4,0-2,1.0,0
Curaçao vs Ivory Coast,2026-06-25T20:00:00Z,2026-06-25T10:18:51+00:00,screenshot-curacao-ivory-coast-20260625,3-4,0-2,1.0,0
Curaçao vs Ivory Coast,2026-06-25T20:00:00Z,2026-06-25T10:18:51+00:00,screenshot-curacao-ivory-coast-20260625,0-5,0-2,2.0,0
Curaçao vs Ivory Coast,2026-06-25T20:00:00Z,2026-06-25T10:18:51+00:00,screenshot-curacao-ivory-coast-20260625,1-5,0-2,1.0,0
Curaçao vs Ivory Coast,2026-06-25T20:00:00Z,2026-06-25T10:18:51+00:00,screenshot-curacao-ivory-coast-20260625,2-5,0-2,1.0,0
Curaçao vs Ivory Coast,2026-06-25T20:00:00Z,2026-06-25T10:18:51+00:00,screenshot-curacao-ivory-coast-20260625,3-5,0-2,0.0,0
Curaçao vs Ivory Coast,2026-06-25T20:00:00Z,2026-06-25T10:18:51+00:00,screenshot-curacao-ivory-coast-20260625,4-5,0-2,1.0,0
Ecuador vs Germany,2026-06-25T20:00:00Z,2026-06-25T10:15:45+00:00,screenshot-ecuador-germany-20260625,1-0,2-1,4.0,0
Ecuador vs Germany,2026-06-25T20:00:00Z,2026-06-25T10:15:45+00:00,screenshot-ecuador-germany-20260625,2-0,2-1,2.0,0
Ecuador vs Germany,2026-06-25T20:00:00Z,2026-06-25T10:15:45+00:00,screenshot-ecuador-germany-20260625,2-1,2-1,3.0,1
Ecuador vs Germany,2026-06-25T20:00:00Z,2026-06-25T10:15:45+00:00,screenshot-ecuador-germany-20260625,3-0,2-1,2.0,0
Ecuador vs Germany,2026-06-25T20:00:00Z,2026-06-25T10:15:45+00:00,screenshot-ecuador-germany-20260625,3-1,2-1,1.0,0
Ecuador vs Germany,2026-06-25T20:00:00Z,2026-06-25T10:15:45+00:00,screenshot-ecuador-germany-20260625,3-2,2-1,0.0,0
Ecuador vs Germany,2026-06-25T20:00:00Z,2026-06-25T10:15:45+00:00,screenshot-ecuador-germany-20260625,4-0,2-1,1.0,0
Ecuador vs Germany,2026-06-25T20:00:00Z,2026-06-25T10:15:45+00:00,screenshot-ecuador-germany-20260625,4-1,2-1,1.0,0
Ecuador vs Germany,2026-06-25T20:00:00Z,2026-06-25T10:15:45+00:00,screenshot-ecuador-germany-20260625,4-2,2-1,0.0,0
Ecuador vs Germany,2026-06-25T20:00:00Z,2026-06-25T10:15:45+00:00,screenshot-ecuador-germany-20260625,4-3,2-1,0.0,0
Ecuador vs Germany,2026-06-25T20:00:00Z,2026-06-25T10:15:45+00:00,screenshot-ecuador-germany-20260625,5-0,2-1,0.0,0
Ecuador vs Germany,2026-06-25T20:00:00Z,2026-06-25T10:15:45+00:00,screenshot-ecuador-germany-20260625,5-1,2-1,0.0,0
Ecuador vs Germany,2026-06-25T20:00:00Z,2026-06-25T10:15:45+00:00,screenshot-ecuador-germany-20260625,5-2,2-1,0.0,0
Ecuador vs Germany,2026-06-25T20:00:00Z,2026-06-25T10:15:45+00:00,screenshot-ecuador-germany-20260625,5-3,2-1,0.0,0
Ecuador vs Germany,2026-06-25T20:00:00Z,2026-06-25T10:15:45+00:00,screenshot-ecuador-germany-20260625,5-4,2-1,0.0,0
Ecuador vs Germany,2026-06-25T20:00:00Z,2026-06-25T10:15:45+00:00,screenshot-ecuador-germany-20260625,0-0,2-1,7.0,0
Ecuador vs Germany,2026-06-25T20:00:00Z,2026-06-25T10:15:45+00:00,screenshot-ecuador-germany-20260625,1-1,2-1,3.0,0
Ecuador vs Germany,2026-06-25T20:00:00Z,2026-06-25T10:15:45+00:00,screenshot-ecuador-germany-20260625,2-2,2-1,3.0,0
Ecuador vs Germany,2026-06-25T20:00:00Z,2026-06-25T10:15:45+00:00,screenshot-ecuador-germany-20260625,3-3,2-1,1.0,0
Ecuador vs Germany,2026-06-25T20:00:00Z,2026-06-25T10:15:45+00:00,screenshot-ecuador-germany-20260625,4-4,2-1,0.0,0
Ecuador vs Germany,2026-06-25T20:00:00Z,2026-06-25T10:15:45+00:00,screenshot-ecuador-germany-20260625,0-1,2-1,4.0,0
Ecuador vs Germany,2026-06-25T20:00:00Z,2026-06-25T10:15:45+00:00,screenshot-ecuador-germany-20260625,0-2,2-1,11.0,0
Ecuador vs Germany,2026-06-25T20:00:00Z,2026-06-25T10:15:45+00:00,screenshot-ecuador-germany-20260625,1-2,2-1,13.0,0
Ecuador vs Germany,2026-06-25T20:00:00Z,2026-06-25T10:15:45+00:00,screenshot-ecuador-germany-20260625,0-3,2-1,11.0,0
Ecuador vs Germany,2026-06-25T20:00:00Z,2026-06-25T10:15:45+00:00,screenshot-ecuador-germany-20260625,1-3,2-1,14.0,0
Ecuador vs Germany,2026-06-25T20:00:00Z,2026-06-25T10:15:45+00:00,screenshot-ecuador-germany-20260625,2-3,2-1,2.0,0
Ecuador vs Germany,2026-06-25T20:00:00Z,2026-06-25T10:15:45+00:00,screenshot-ecuador-germany-20260625,0-4,2-1,5.0,0
Ecuador vs Germany,2026-06-25T20:00:00Z,2026-06-25T10:15:45+00:00,screenshot-ecuador-germany-20260625,1-4,2-1,4.0,0
Ecuador vs Germany,2026-06-25T20:00:00Z,2026-06-25T10:15:45+00:00,screenshot-ecuador-germany-20260625,2-4,2-1,1.0,0
Ecuador vs Germany,2026-06-25T20:00:00Z,2026-06-25T10:15:45+00:00,screenshot-ecuador-germany-20260625,3-4,2-1,0.0,0
Ecuador vs Germany,2026-06-25T20:00:00Z,2026-06-25T10:15:45+00:00,screenshot-ecuador-germany-20260625,0-5,2-1,2.0,0
Ecuador vs Germany,2026-06-25T20:00:00Z,2026-06-25T10:15:45+00:00,screenshot-ecuador-germany-20260625,1-5,2-1,1.0,0
Ecuador vs Germany,2026-06-25T20:00:00Z,2026-06-25T10:15:45+00:00,screenshot-ecuador-germany-20260625,2-5,2-1,0.0,0
Ecuador vs Germany,2026-06-25T20:00:00Z,2026-06-25T10:15:45+00:00,screenshot-ecuador-germany-20260625,3-5,2-1,0.0,0
Ecuador vs Germany,2026-06-25T20:00:00Z,2026-06-25T10:15:45+00:00,screenshot-ecuador-germany-20260625,4-5,2-1,1.0,0
Japan vs Sweden,2026-06-25T23:00:00Z,2026-06-25T10:22:02+00:00,screenshot-japan-sweden-20260625,1-0,1-1,4.0,0
Japan vs Sweden,2026-06-25T23:00:00Z,2026-06-25T10:22:02+00:00,screenshot-japan-sweden-20260625,2-0,1-1,9.0,0
Japan vs Sweden,2026-06-25T23:00:00Z,2026-06-25T10:22:02+00:00,screenshot-japan-sweden-20260625,2-1,1-1,29.0,0
Japan vs Sweden,2026-06-25T23:00:00Z,2026-06-25T10:22:02+00:00,screenshot-japan-sweden-20260625,3-0,1-1,2.0,0
Japan vs Sweden,2026-06-25T23:00:00Z,2026-06-25T10:22:02+00:00,screenshot-japan-sweden-20260625,3-1,1-1,9.0,0
Japan vs Sweden,2026-06-25T23:00:00Z,2026-06-25T10:22:02+00:00,screenshot-japan-sweden-20260625,3-2,1-1,4.0,0
Japan vs Sweden,2026-06-25T23:00:00Z,2026-06-25T10:22:02+00:00,screenshot-japan-sweden-20260625,4-0,1-1,1.0,0
Japan vs Sweden,2026-06-25T23:00:00Z,2026-06-25T10:22:02+00:00,screenshot-japan-sweden-20260625,4-1,1-1,1.0,0
Japan vs Sweden,2026-06-25T23:00:00Z,2026-06-25T10:22:02+00:00,screenshot-japan-sweden-20260625,4-2,1-1,2.0,0
Japan vs Sweden,2026-06-25T23:00:00Z,2026-06-25T10:22:02+00:00,screenshot-japan-sweden-20260625,4-3,1-1,1.0,0
Japan vs Sweden,2026-06-25T23:00:00Z,2026-06-25T10:22:02+00:00,screenshot-japan-sweden-20260625,5-0,1-1,1.0,0
Japan vs Sweden,2026-06-25T23:00:00Z,2026-06-25T10:22:02+00:00,screenshot-japan-sweden-20260625,5-1,1-1,1.0,0
Japan vs Sweden,2026-06-25T23:00:00Z,2026-06-25T10:22:02+00:00,screenshot-japan-sweden-20260625,5-2,1-1,0.0,0
Japan vs Sweden,2026-06-25T23:00:00Z,2026-06-25T10:22:02+00:00,screenshot-japan-sweden-20260625,5-3,1-1,0.0,0
Japan vs Sweden,2026-06-25T23:00:00Z,2026-06-25T10:22:02+00:00,screenshot-japan-sweden-20260625,5-4,1-1,0.0,0
Japan vs Sweden,2026-06-25T23:00:00Z,2026-06-25T10:22:02+00:00,screenshot-japan-sweden-20260625,0-0,1-1,3.0,0
Japan vs Sweden,2026-06-25T23:00:00Z,2026-06-25T10:22:02+00:00,screenshot-japan-sweden-20260625,1-1,1-1,10.0,1
Japan vs Sweden,2026-06-25T23:00:00Z,2026-06-25T10:22:02+00:00,screenshot-japan-sweden-20260625,2-2,1-1,9.0,0
Japan vs Sweden,2026-06-25T23:00:00Z,2026-06-25T10:22:02+00:00,screenshot-japan-sweden-20260625,3-3,1-1,1.0,0
Japan vs Sweden,2026-06-25T23:00:00Z,2026-06-25T10:22:02+00:00,screenshot-japan-sweden-20260625,4-4,1-1,0.0,0
Japan vs Sweden,2026-06-25T23:00:00Z,2026-06-25T10:22:02+00:00,screenshot-japan-sweden-20260625,0-1,1-1,2.0,0
Japan vs Sweden,2026-06-25T23:00:00Z,2026-06-25T10:22:02+00:00,screenshot-japan-sweden-20260625,0-2,1-1,1.0,0
Japan vs Sweden,2026-06-25T23:00:00Z,2026-06-25T10:22:02+00:00,screenshot-japan-sweden-20260625,1-2,1-1,4.0,0
Japan vs Sweden,2026-06-25T23:00:00Z,2026-06-25T10:22:02+00:00,screenshot-japan-sweden-20260625,0-3,1-1,0.0,0
Japan vs Sweden,2026-06-25T23:00:00Z,2026-06-25T10:22:02+00:00,screenshot-japan-sweden-20260625,1-3,1-1,1.0,0
Japan vs Sweden,2026-06-25T23:00:00Z,2026-06-25T10:22:02+00:00,screenshot-japan-sweden-20260625,2-3,1-1,2.0,0
Japan vs Sweden,2026-06-25T23:00:00Z,2026-06-25T10:22:02+00:00,screenshot-japan-sweden-20260625,0-4,1-1,0.0,0
Japan vs Sweden,2026-06-25T23:00:00Z,2026-06-25T10:22:02+00:00,screenshot-japan-sweden-20260625,1-4,1-1,0.0,0
Japan vs Sweden,2026-06-25T23:00:00Z,2026-06-25T10:22:02+00:00,screenshot-japan-sweden-20260625,2-4,1-1,0.0,0
Japan vs Sweden,2026-06-25T23:00:00Z,2026-06-25T10:22:02+00:00,screenshot-japan-sweden-20260625,3-4,1-1,0.0,0
Japan vs Sweden,2026-06-25T23:00:00Z,2026-06-25T10:22:02+00:00,screenshot-japan-sweden-20260625,0-5,1-1,0.0,0
Japan vs Sweden,2026-06-25T23:00:00Z,2026-06-25T10:22:02+00:00,screenshot-japan-sweden-20260625,1-5,1-1,0.0,0
Japan vs Sweden,2026-06-25T23:00:00Z,2026-06-25T10:22:02+00:00,screenshot-japan-sweden-20260625,2-5,1-1,0.0,0
Japan vs Sweden,2026-06-25T23:00:00Z,2026-06-25T10:22:02+00:00,screenshot-japan-sweden-20260625,3-5,1-1,1.0,0
Japan vs Sweden,2026-06-25T23:00:00Z,2026-06-25T10:22:02+00:00,screenshot-japan-sweden-20260625,4-5,1-1,1.0,0
Tunisia vs Netherlands,2026-06-25T23:00:00Z,2026-06-25T10:20:23+00:00,screenshot-tunisia-netherlands-20260625,1-0,1-3,1.0,0
Tunisia vs Netherlands,2026-06-25T23:00:00Z,2026-06-25T10:20:23+00:00,screenshot-tunisia-netherlands-20260625,2-0,1-3,1.0,0
Tunisia vs Netherlands,2026-06-25T23:00:00Z,2026-06-25T10:20:23+00:00,screenshot-tunisia-netherlands-20260625,2-1,1-3,0.0,0
Tunisia vs Netherlands,2026-06-25T23:00:00Z,2026-06-25T10:20:23+00:00,screenshot-tunisia-netherlands-20260625,3-0,1-3,1.0,0
Tunisia vs Netherlands,2026-06-25T23:00:00Z,2026-06-25T10:20:23+00:00,screenshot-tunisia-netherlands-20260625,3-1,1-3,0.0,0
Tunisia vs Netherlands,2026-06-25T23:00:00Z,2026-06-25T10:20:23+00:00,screenshot-tunisia-netherlands-20260625,3-2,1-3,0.0,0
Tunisia vs Netherlands,2026-06-25T23:00:00Z,2026-06-25T10:20:23+00:00,screenshot-tunisia-netherlands-20260625,4-0,1-3,1.0,0
Tunisia vs Netherlands,2026-06-25T23:00:00Z,2026-06-25T10:20:23+00:00,screenshot-tunisia-netherlands-20260625,4-1,1-3,0.0,0
Tunisia vs Netherlands,2026-06-25T23:00:00Z,2026-06-25T10:20:23+00:00,screenshot-tunisia-netherlands-20260625,4-2,1-3,0.0,0
Tunisia vs Netherlands,2026-06-25T23:00:00Z,2026-06-25T10:20:23+00:00,screenshot-tunisia-netherlands-20260625,4-3,1-3,0.0,0
Tunisia vs Netherlands,2026-06-25T23:00:00Z,2026-06-25T10:20:23+00:00,screenshot-tunisia-netherlands-20260625,5-0,1-3,0.0,0
Tunisia vs Netherlands,2026-06-25T23:00:00Z,2026-06-25T10:20:23+00:00,screenshot-tunisia-netherlands-20260625,5-1,1-3,0.0,0
Tunisia vs Netherlands,2026-06-25T23:00:00Z,2026-06-25T10:20:23+00:00,screenshot-tunisia-netherlands-20260625,5-2,1-3,0.0,0
Tunisia vs Netherlands,2026-06-25T23:00:00Z,2026-06-25T10:20:23+00:00,screenshot-tunisia-netherlands-20260625,5-3,1-3,0.0,0
Tunisia vs Netherlands,2026-06-25T23:00:00Z,2026-06-25T10:20:23+00:00,screenshot-tunisia-netherlands-20260625,5-4,1-3,0.0,0
Tunisia vs Netherlands,2026-06-25T23:00:00Z,2026-06-25T10:20:23+00:00,screenshot-tunisia-netherlands-20260625,0-0,1-3,1.0,0
Tunisia vs Netherlands,2026-06-25T23:00:00Z,2026-06-25T10:20:23+00:00,screenshot-tunisia-netherlands-20260625,1-1,1-3,2.0,0
Tunisia vs Netherlands,2026-06-25T23:00:00Z,2026-06-25T10:20:23+00:00,screenshot-tunisia-netherlands-20260625,2-2,1-3,5.0,0
Tunisia vs Netherlands,2026-06-25T23:00:00Z,2026-06-25T10:20:23+00:00,screenshot-tunisia-netherlands-20260625,3-3,1-3,0.0,0
Tunisia vs Netherlands,2026-06-25T23:00:00Z,2026-06-25T10:20:23+00:00,screenshot-tunisia-netherlands-20260625,4-4,1-3,0.0,0
Tunisia vs Netherlands,2026-06-25T23:00:00Z,2026-06-25T10:20:23+00:00,screenshot-tunisia-netherlands-20260625,0-1,1-3,2.0,0
Tunisia vs Netherlands,2026-06-25T23:00:00Z,2026-06-25T10:20:23+00:00,screenshot-tunisia-netherlands-20260625,0-2,1-3,12.0,0
Tunisia vs Netherlands,2026-06-25T23:00:00Z,2026-06-25T10:20:23+00:00,screenshot-tunisia-netherlands-20260625,1-2,1-3,4.0,0
Tunisia vs Netherlands,2026-06-25T23:00:00Z,2026-06-25T10:20:23+00:00,screenshot-tunisia-netherlands-20260625,0-3,1-3,16.0,0
Tunisia vs Netherlands,2026-06-25T23:00:00Z,2026-06-25T10:20:23+00:00,screenshot-tunisia-netherlands-20260625,1-3,1-3,6.0,1
Tunisia vs Netherlands,2026-06-25T23:00:00Z,2026-06-25T10:20:23+00:00,screenshot-tunisia-netherlands-20260625,2-3,1-3,1.0,0
Tunisia vs Netherlands,2026-06-25T23:00:00Z,2026-06-25T10:20:23+00:00,screenshot-tunisia-netherlands-20260625,0-4,1-3,11.0,0
Tunisia vs Netherlands,2026-06-25T23:00:00Z,2026-06-25T10:20:23+00:00,screenshot-tunisia-netherlands-20260625,1-4,1-3,3.0,0
Tunisia vs Netherlands,2026-06-25T23:00:00Z,2026-06-25T10:20:23+00:00,screenshot-tunisia-netherlands-20260625,2-4,1-3,1.0,0
Tunisia vs Netherlands,2026-06-25T23:00:00Z,2026-06-25T10:20:23+00:00,screenshot-tunisia-netherlands-20260625,3-4,1-3,0.0,0
Tunisia vs Netherlands,2026-06-25T23:00:00Z,2026-06-25T10:20:23+00:00,screenshot-tunisia-netherlands-20260625,0-5,1-3,9.0,0
Tunisia vs Netherlands,2026-06-25T23:00:00Z,2026-06-25T10:20:23+00:00,screenshot-tunisia-netherlands-20260625,1-5,1-3,4.0,0
Tunisia vs Netherlands,2026-06-25T23:00:00Z,2026-06-25T10:20:23+00:00,screenshot-tunisia-netherlands-20260625,2-5,1-3,1.0,0
Tunisia vs Netherlands,2026-06-25T23:00:00Z,2026-06-25T10:20:23+00:00,screenshot-tunisia-netherlands-20260625,3-5,1-3,0.0,0
Tunisia vs Netherlands,2026-06-25T23:00:00Z,2026-06-25T10:20:23+00:00,screenshot-tunisia-netherlands-20260625,4-5,1-3,1.0,0
Paraguay vs Australia,2026-06-26T02:00:00Z,2026-06-25T10:25:28+00:00,screenshot-paraguay-australia-20260625,1-0,0-0,6.0,0
Paraguay vs Australia,2026-06-26T02:00:00Z,2026-06-25T10:25:28+00:00,screenshot-paraguay-australia-20260625,2-0,0-0,3.0,0
Paraguay vs Australia,2026-06-26T02:00:00Z,2026-06-25T10:25:28+00:00,screenshot-paraguay-australia-20260625,2-1,0-0,4.0,0
Paraguay vs Australia,2026-06-26T02:00:00Z,2026-06-25T10:25:28+00:00,screenshot-paraguay-australia-20260625,3-0,0-0,0.0,0
Paraguay vs Australia,2026-06-26T02:00:00Z,2026-06-25T10:25:28+00:00,screenshot-paraguay-australia-20260625,3-1,0-0,1.0,0
Paraguay vs Australia,2026-06-26T02:00:00Z,2026-06-25T10:25:28+00:00,screenshot-paraguay-australia-20260625,3-2,0-0,1.0,0
Paraguay vs Australia,2026-06-26T02:00:00Z,2026-06-25T10:25:28+00:00,screenshot-paraguay-australia-20260625,4-0,0-0,0.0,0
Paraguay vs Australia,2026-06-26T02:00:00Z,2026-06-25T10:25:28+00:00,screenshot-paraguay-australia-20260625,4-1,0-0,1.0,0
Paraguay vs Australia,2026-06-26T02:00:00Z,2026-06-25T10:25:28+00:00,screenshot-paraguay-australia-20260625,4-2,0-0,0.0,0
Paraguay vs Australia,2026-06-26T02:00:00Z,2026-06-25T10:25:28+00:00,screenshot-paraguay-australia-20260625,4-3,0-0,0.0,0
Paraguay vs Australia,2026-06-26T02:00:00Z,2026-06-25T10:25:28+00:00,screenshot-paraguay-australia-20260625,5-0,0-0,0.0,0
Paraguay vs Australia,2026-06-26T02:00:00Z,2026-06-25T10:25:28+00:00,screenshot-paraguay-australia-20260625,5-1,0-0,0.0,0
Paraguay vs Australia,2026-06-26T02:00:00Z,2026-06-25T10:25:28+00:00,screenshot-paraguay-australia-20260625,5-2,0-0,0.0,0
Paraguay vs Australia,2026-06-26T02:00:00Z,2026-06-25T10:25:28+00:00,screenshot-paraguay-australia-20260625,5-3,0-0,0.0,0
Paraguay vs Australia,2026-06-26T02:00:00Z,2026-06-25T10:25:28+00:00,screenshot-paraguay-australia-20260625,5-4,0-0,0.0,0
Paraguay vs Australia,2026-06-26T02:00:00Z,2026-06-25T10:25:28+00:00,screenshot-paraguay-australia-20260625,0-0,0-0,54.0,1
Paraguay vs Australia,2026-06-26T02:00:00Z,2026-06-25T10:25:28+00:00,screenshot-paraguay-australia-20260625,1-1,0-0,16.0,0
Paraguay vs Australia,2026-06-26T02:00:00Z,2026-06-25T10:25:28+00:00,screenshot-paraguay-australia-20260625,2-2,0-0,4.0,0
Paraguay vs Australia,2026-06-26T02:00:00Z,2026-06-25T10:25:28+00:00,screenshot-paraguay-australia-20260625,3-3,0-0,1.0,0
Paraguay vs Australia,2026-06-26T02:00:00Z,2026-06-25T10:25:28+00:00,screenshot-paraguay-australia-20260625,4-4,0-0,0.0,0
Paraguay vs Australia,2026-06-26T02:00:00Z,2026-06-25T10:25:28+00:00,screenshot-paraguay-australia-20260625,0-1,0-0,3.0,0
Paraguay vs Australia,2026-06-26T02:00:00Z,2026-06-25T10:25:28+00:00,screenshot-paraguay-australia-20260625,0-2,0-0,1.0,0
Paraguay vs Australia,2026-06-26T02:00:00Z,2026-06-25T10:25:28+00:00,screenshot-paraguay-australia-20260625,1-2,0-0,3.0,0
Paraguay vs Australia,2026-06-26T02:00:00Z,2026-06-25T10:25:28+00:00,screenshot-paraguay-australia-20260625,0-3,0-0,0.0,0
Paraguay vs Australia,2026-06-26T02:00:00Z,2026-06-25T10:25:28+00:00,screenshot-paraguay-australia-20260625,1-3,0-0,0.0,0
Paraguay vs Australia,2026-06-26T02:00:00Z,2026-06-25T10:25:28+00:00,screenshot-paraguay-australia-20260625,2-3,0-0,0.0,0
Paraguay vs Australia,2026-06-26T02:00:00Z,2026-06-25T10:25:28+00:00,screenshot-paraguay-australia-20260625,0-4,0-0,0.0,0
Paraguay vs Australia,2026-06-26T02:00:00Z,2026-06-25T10:25:28+00:00,screenshot-paraguay-australia-20260625,1-4,0-0,0.0,0
Paraguay vs Australia,2026-06-26T02:00:00Z,2026-06-25T10:25:28+00:00,screenshot-paraguay-australia-20260625,2-4,0-0,0.0,0
Paraguay vs Australia,2026-06-26T02:00:00Z,2026-06-25T10:25:28+00:00,screenshot-paraguay-australia-20260625,3-4,0-0,0.0,0
Paraguay vs Australia,2026-06-26T02:00:00Z,2026-06-25T10:25:28+00:00,screenshot-paraguay-australia-20260625,0-5,0-0,0.0,0
Paraguay vs Australia,2026-06-26T02:00:00Z,2026-06-25T10:25:28+00:00,screenshot-paraguay-australia-20260625,1-5,0-0,0.0,0
Paraguay vs Australia,2026-06-26T02:00:00Z,2026-06-25T10:25:28+00:00,screenshot-paraguay-australia-20260625,2-5,0-0,0.0,0
Paraguay vs Australia,2026-06-26T02:00:00Z,2026-06-25T10:25:28+00:00,screenshot-paraguay-australia-20260625,3-5,0-0,0.0,0
Paraguay vs Australia,2026-06-26T02:00:00Z,2026-06-25T10:25:28+00:00,screenshot-paraguay-australia-20260625,4-5,0-0,1.0,0
Turkey vs USA,2026-06-26T02:00:00Z,2026-06-25T10:23:28+00:00,screenshot-turkey-united-states-20260625,1-0,3-2,3.0,0
Turkey vs USA,2026-06-26T02:00:00Z,2026-06-25T10:23:28+00:00,screenshot-turkey-united-states-20260625,2-0,3-2,1.0,0
Turkey vs USA,2026-06-26T02:00:00Z,2026-06-25T10:23:28+00:00,screenshot-turkey-united-states-20260625,2-1,3-2,4.0,0
Turkey vs USA,2026-06-26T02:00:00Z,2026-06-25T10:23:28+00:00,screenshot-turkey-united-states-20260625,3-0,3-2,2.0,0
Turkey vs USA,2026-06-26T02:00:00Z,2026-06-25T10:23:28+00:00,screenshot-turkey-united-states-20260625,3-1,3-2,1.0,0
Turkey vs USA,2026-06-26T02:00:00Z,2026-06-25T10:23:28+00:00,screenshot-turkey-united-states-20260625,3-2,3-2,2.0,1
Turkey vs USA,2026-06-26T02:00:00Z,2026-06-25T10:23:28+00:00,screenshot-turkey-united-states-20260625,4-0,3-2,1.0,0
Turkey vs USA,2026-06-26T02:00:00Z,2026-06-25T10:23:28+00:00,screenshot-turkey-united-states-20260625,4-1,3-2,0.0,0
Turkey vs USA,2026-06-26T02:00:00Z,2026-06-25T10:23:28+00:00,screenshot-turkey-united-states-20260625,4-2,3-2,0.0,0
Turkey vs USA,2026-06-26T02:00:00Z,2026-06-25T10:23:28+00:00,screenshot-turkey-united-states-20260625,4-3,3-2,0.0,0
Turkey vs USA,2026-06-26T02:00:00Z,2026-06-25T10:23:28+00:00,screenshot-turkey-united-states-20260625,5-0,3-2,1.0,0
Turkey vs USA,2026-06-26T02:00:00Z,2026-06-25T10:23:28+00:00,screenshot-turkey-united-states-20260625,5-1,3-2,0.0,0
Turkey vs USA,2026-06-26T02:00:00Z,2026-06-25T10:23:28+00:00,screenshot-turkey-united-states-20260625,5-2,3-2,0.0,0
Turkey vs USA,2026-06-26T02:00:00Z,2026-06-25T10:23:28+00:00,screenshot-turkey-united-states-20260625,5-3,3-2,0.0,0
Turkey vs USA,2026-06-26T02:00:00Z,2026-06-25T10:23:28+00:00,screenshot-turkey-united-states-20260625,5-4,3-2,0.0,0
Turkey vs USA,2026-06-26T02:00:00Z,2026-06-25T10:23:28+00:00,screenshot-turkey-united-states-20260625,0-0,3-2,3.0,0
Turkey vs USA,2026-06-26T02:00:00Z,2026-06-25T10:23:28+00:00,screenshot-turkey-united-states-20260625,1-1,3-2,9.0,0
Turkey vs USA,2026-06-26T02:00:00Z,2026-06-25T10:23:28+00:00,screenshot-turkey-united-states-20260625,2-2,3-2,5.0,0
Turkey vs USA,2026-06-26T02:00:00Z,2026-06-25T10:23:28+00:00,screenshot-turkey-united-states-20260625,3-3,3-2,1.0,0
Turkey vs USA,2026-06-26T02:00:00Z,2026-06-25T10:23:28+00:00,screenshot-turkey-united-states-20260625,4-4,3-2,0.0,0
Turkey vs USA,2026-06-26T02:00:00Z,2026-06-25T10:23:28+00:00,screenshot-turkey-united-states-20260625,0-1,3-2,5.0,0
Turkey vs USA,2026-06-26T02:00:00Z,2026-06-25T10:23:28+00:00,screenshot-turkey-united-states-20260625,0-2,3-2,20.0,0
Turkey vs USA,2026-06-26T02:00:00Z,2026-06-25T10:23:28+00:00,screenshot-turkey-united-states-20260625,1-2,3-2,17.0,0
Turkey vs USA,2026-06-26T02:00:00Z,2026-06-25T10:23:28+00:00,screenshot-turkey-united-states-20260625,0-3,3-2,7.0,0
Turkey vs USA,2026-06-26T02:00:00Z,2026-06-25T10:23:28+00:00,screenshot-turkey-united-states-20260625,1-3,3-2,8.0,0
Turkey vs USA,2026-06-26T02:00:00Z,2026-06-25T10:23:28+00:00,screenshot-turkey-united-states-20260625,2-3,3-2,2.0,0
Turkey vs USA,2026-06-26T02:00:00Z,2026-06-25T10:23:28+00:00,screenshot-turkey-united-states-20260625,0-4,3-2,3.0,0
Turkey vs USA,2026-06-26T02:00:00Z,2026-06-25T10:23:28+00:00,screenshot-turkey-united-states-20260625,1-4,3-2,1.0,0
Turkey vs USA,2026-06-26T02:00:00Z,2026-06-25T10:23:28+00:00,screenshot-turkey-united-states-20260625,2-4,3-2,1.0,0
Turkey vs USA,2026-06-26T02:00:00Z,2026-06-25T10:23:28+00:00,screenshot-turkey-united-states-20260625,3-4,3-2,0.0,0
Turkey vs USA,2026-06-26T02:00:00Z,2026-06-25T10:23:28+00:00,screenshot-turkey-united-states-20260625,0-5,3-2,1.0,0
Turkey vs USA,2026-06-26T02:00:00Z,2026-06-25T10:23:28+00:00,screenshot-turkey-united-states-20260625,1-5,3-2,0.0,0
Turkey vs USA,2026-06-26T02:00:00Z,2026-06-25T10:23:28+00:00,screenshot-turkey-united-states-20260625,2-5,3-2,0.0,0
Turkey vs USA,2026-06-26T02:00:00Z,2026-06-25T10:23:28+00:00,screenshot-turkey-united-states-20260625,3-5,3-2,0.0,0
Turkey vs USA,2026-06-26T02:00:00Z,2026-06-25T10:23:28+00:00,screenshot-turkey-united-states-20260625,4-5,3-2,1.0,0
Norway vs France,2026-06-26T19:01:00Z,2026-06-26T10:00:00+00:00,screenshot-norway-france-20260626,1-0,1-4,1.0,0
Norway vs France,2026-06-26T19:01:00Z,2026-06-26T10:00:00+00:00,screenshot-norway-france-20260626,2-0,1-4,1.0,0
Norway vs France,2026-06-26T19:01:00Z,2026-06-26T10:00:00+00:00,screenshot-norway-france-20260626,2-1,1-4,4.0,0
Norway vs France,2026-06-26T19:01:00Z,2026-06-26T10:00:00+00:00,screenshot-norway-france-20260626,3-0,1-4,1.0,0
Norway vs France,2026-06-26T19:01:00Z,2026-06-26T10:00:00+00:00,screenshot-norway-france-20260626,3-1,1-4,2.0,0
Norway vs France,2026-06-26T19:01:00Z,2026-06-26T10:00:00+00:00,screenshot-norway-france-20260626,3-2,1-4,2.0,0
Norway vs France,2026-06-26T19:01:00Z,2026-06-26T10:00:00+00:00,screenshot-norway-france-20260626,4-0,1-4,0.0,0
Norway vs France,2026-06-26T19:01:00Z,2026-06-26T10:00:00+00:00,screenshot-norway-france-20260626,4-1,1-4,0.0,0
Norway vs France,2026-06-26T19:01:00Z,2026-06-26T10:00:00+00:00,screenshot-norway-france-20260626,4-2,1-4,1.0,0
Norway vs France,2026-06-26T19:01:00Z,2026-06-26T10:00:00+00:00,screenshot-norway-france-20260626,4-3,1-4,1.0,0
Norway vs France,2026-06-26T19:01:00Z,2026-06-26T10:00:00+00:00,screenshot-norway-france-20260626,5-0,1-4,0.0,0
Norway vs France,2026-06-26T19:01:00Z,2026-06-26T10:00:00+00:00,screenshot-norway-france-20260626,5-1,1-4,0.0,0
Norway vs France,2026-06-26T19:01:00Z,2026-06-26T10:00:00+00:00,screenshot-norway-france-20260626,5-2,1-4,0.0,0
Norway vs France,2026-06-26T19:01:00Z,2026-06-26T10:00:00+00:00,screenshot-norway-france-20260626,5-3,1-4,0.0,0
Norway vs France,2026-06-26T19:01:00Z,2026-06-26T10:00:00+00:00,screenshot-norway-france-20260626,5-4,1-4,0.0,0
Norway vs France,2026-06-26T19:01:00Z,2026-06-26T10:00:00+00:00,screenshot-norway-france-20260626,0-0,1-4,2.0,0
Norway vs France,2026-06-26T19:01:00Z,2026-06-26T10:00:00+00:00,screenshot-norway-france-20260626,1-1,1-4,3.0,0
Norway vs France,2026-06-26T19:01:00Z,2026-06-26T10:00:00+00:00,screenshot-norway-france-20260626,2-2,1-4,5.0,0
Norway vs France,2026-06-26T19:01:00Z,2026-06-26T10:00:00+00:00,screenshot-norway-france-20260626,3-3,1-4,2.0,0
Norway vs France,2026-06-26T19:01:00Z,2026-06-26T10:00:00+00:00,screenshot-norway-france-20260626,4-4,1-4,1.0,0
Norway vs France,2026-06-26T19:01:00Z,2026-06-26T10:00:00+00:00,screenshot-norway-france-20260626,0-1,1-4,2.0,0
Norway vs France,2026-06-26T19:01:00Z,2026-06-26T10:00:00+00:00,screenshot-norway-france-20260626,0-2,1-4,5.0,0
Norway vs France,2026-06-26T19:01:00Z,2026-06-26T10:00:00+00:00,screenshot-norway-france-20260626,1-2,1-4,30.0,0
Norway vs France,2026-06-26T19:01:00Z,2026-06-26T10:00:00+00:00,screenshot-norway-france-20260626,0-3,1-4,3.0,0
Norway vs France,2026-06-26T19:01:00Z,2026-06-26T10:00:00+00:00,screenshot-norway-france-20260626,1-3,1-4,12.0,0
Norway vs France,2026-06-26T19:01:00Z,2026-06-26T10:00:00+00:00,screenshot-norway-france-20260626,2-3,1-4,11.0,0
Norway vs France,2026-06-26T19:01:00Z,2026-06-26T10:00:00+00:00,screenshot-norway-france-20260626,0-4,1-4,0.0,0
Norway vs France,2026-06-26T19:01:00Z,2026-06-26T10:00:00+00:00,screenshot-norway-france-20260626,1-4,1-4,2.0,1
Norway vs France,2026-06-26T19:01:00Z,2026-06-26T10:00:00+00:00,screenshot-norway-france-20260626,2-4,1-4,5.0,0
Norway vs France,2026-06-26T19:01:00Z,2026-06-26T10:00:00+00:00,screenshot-norway-france-20260626,3-4,1-4,2.0,0
Norway vs France,2026-06-26T19:01:00Z,2026-06-26T10:00:00+00:00,screenshot-norway-france-20260626,0-5,1-4,0.0,0
Norway vs France,2026-06-26T19:01:00Z,2026-06-26T10:00:00+00:00,screenshot-norway-france-20260626,1-5,1-4,0.0,0
Norway vs France,2026-06-26T19:01:00Z,2026-06-26T10:00:00+00:00,screenshot-norway-france-20260626,2-5,1-4,1.0,0
Norway vs France,2026-06-26T19:01:00Z,2026-06-26T10:00:00+00:00,screenshot-norway-france-20260626,3-5,1-4,0.0,0
Norway vs France,2026-06-26T19:01:00Z,2026-06-26T10:00:00+00:00,screenshot-norway-france-20260626,4-5,1-4,1.0,0
Senegal vs Iraq,2026-06-26T19:02:00Z,2026-06-26T10:05:00+00:00,screenshot-senegal-iraq-20260626,1-0,5-0,11.0,0
Senegal vs Iraq,2026-06-26T19:02:00Z,2026-06-26T10:05:00+00:00,screenshot-senegal-iraq-20260626,2-0,5-0,29.0,0
Senegal vs Iraq,2026-06-26T19:02:00Z,2026-06-26T10:05:00+00:00,screenshot-senegal-iraq-20260626,2-1,5-0,8.0,0
Senegal vs Iraq,2026-06-26T19:02:00Z,2026-06-26T10:05:00+00:00,screenshot-senegal-iraq-20260626,3-0,5-0,12.0,0
Senegal vs Iraq,2026-06-26T19:02:00Z,2026-06-26T10:05:00+00:00,screenshot-senegal-iraq-20260626,3-1,5-0,13.0,0
Senegal vs Iraq,2026-06-26T19:02:00Z,2026-06-26T10:05:00+00:00,screenshot-senegal-iraq-20260626,3-2,5-0,2.0,0
Senegal vs Iraq,2026-06-26T19:02:00Z,2026-06-26T10:05:00+00:00,screenshot-senegal-iraq-20260626,4-0,5-0,4.0,0
Senegal vs Iraq,2026-06-26T19:02:00Z,2026-06-26T10:05:00+00:00,screenshot-senegal-iraq-20260626,4-1,5-0,2.0,0
Senegal vs Iraq,2026-06-26T19:02:00Z,2026-06-26T10:05:00+00:00,screenshot-senegal-iraq-20260626,4-2,5-0,1.0,0
Senegal vs Iraq,2026-06-26T19:02:00Z,2026-06-26T10:05:00+00:00,screenshot-senegal-iraq-20260626,4-3,5-0,0.0,0
Senegal vs Iraq,2026-06-26T19:02:00Z,2026-06-26T10:05:00+00:00,screenshot-senegal-iraq-20260626,5-0,5-0,1.0,1
Senegal vs Iraq,2026-06-26T19:02:00Z,2026-06-26T10:05:00+00:00,screenshot-senegal-iraq-20260626,5-1,5-0,1.0,0
Senegal vs Iraq,2026-06-26T19:02:00Z,2026-06-26T10:05:00+00:00,screenshot-senegal-iraq-20260626,5-2,5-0,1.0,0
Senegal vs Iraq,2026-06-26T19:02:00Z,2026-06-26T10:05:00+00:00,screenshot-senegal-iraq-20260626,5-3,5-0,0.0,0
Senegal vs Iraq,2026-06-26T19:02:00Z,2026-06-26T10:05:00+00:00,screenshot-senegal-iraq-20260626,5-4,5-0,1.0,0
Senegal vs Iraq,2026-06-26T19:02:00Z,2026-06-26T10:05:00+00:00,screenshot-senegal-iraq-20260626,0-0,5-0,3.0,0
Senegal vs Iraq,2026-06-26T19:02:00Z,2026-06-26T10:05:00+00:00,screenshot-senegal-iraq-20260626,1-1,5-0,4.0,0
Senegal vs Iraq,2026-06-26T19:02:00Z,2026-06-26T10:05:00+00:00,screenshot-senegal-iraq-20260626,2-2,5-0,1.0,0
Senegal vs Iraq,2026-06-26T19:02:00Z,2026-06-26T10:05:00+00:00,screenshot-senegal-iraq-20260626,3-3,5-0,2.0,0
Senegal vs Iraq,2026-06-26T19:02:00Z,2026-06-26T10:05:00+00:00,screenshot-senegal-iraq-20260626,4-4,5-0,0.0,0
Senegal vs Iraq,2026-06-26T19:02:00Z,2026-06-26T10:05:00+00:00,screenshot-senegal-iraq-20260626,0-1,5-0,1.0,0
Senegal vs Iraq,2026-06-26T19:02:00Z,2026-06-26T10:05:00+00:00,screenshot-senegal-iraq-20260626,0-2,5-0,0.0,0
Senegal vs Iraq,2026-06-26T19:02:00Z,2026-06-26T10:05:00+00:00,screenshot-senegal-iraq-20260626,1-2,5-0,2.0,0
Senegal vs Iraq,2026-06-26T19:02:00Z,2026-06-26T10:05:00+00:00,screenshot-senegal-iraq-20260626,0-3,5-0,0.0,0
Senegal vs Iraq,2026-06-26T19:02:00Z,2026-06-26T10:05:00+00:00,screenshot-senegal-iraq-20260626,1-3,5-0,0.0,0
Senegal vs Iraq,2026-06-26T19:02:00Z,2026-06-26T10:05:00+00:00,screenshot-senegal-iraq-20260626,2-3,5-0,0.0,0
Senegal vs Iraq,2026-06-26T19:02:00Z,2026-06-26T10:05:00+00:00,screenshot-senegal-iraq-20260626,0-4,5-0,0.0,0
Senegal vs Iraq,2026-06-26T19:02:00Z,2026-06-26T10:05:00+00:00,screenshot-senegal-iraq-20260626,1-4,5-0,0.0,0
Senegal vs Iraq,2026-06-26T19:02:00Z,2026-06-26T10:05:00+00:00,screenshot-senegal-iraq-20260626,2-4,5-0,0.0,0
Senegal vs Iraq,2026-06-26T19:02:00Z,2026-06-26T10:05:00+00:00,screenshot-senegal-iraq-20260626,3-4,5-0,0.0,0
Senegal vs Iraq,2026-06-26T19:02:00Z,2026-06-26T10:05:00+00:00,screenshot-senegal-iraq-20260626,0-5,5-0,0.0,0
Senegal vs Iraq,2026-06-26T19:02:00Z,2026-06-26T10:05:00+00:00,screenshot-senegal-iraq-20260626,1-5,5-0,0.0,0
Senegal vs Iraq,2026-06-26T19:02:00Z,2026-06-26T10:05:00+00:00,screenshot-senegal-iraq-20260626,2-5,5-0,0.0,0
Senegal vs Iraq,2026-06-26T19:02:00Z,2026-06-26T10:05:00+00:00,screenshot-senegal-iraq-20260626,3-5,5-0,0.0,0
Senegal vs Iraq,2026-06-26T19:02:00Z,2026-06-26T10:05:00+00:00,screenshot-senegal-iraq-20260626,4-5,5-0,0.0,0
Cape Verde vs Saudi Arabia,2026-06-27T00:01:00Z,2026-06-26T10:15:00+00:00,screenshot-cape-verde-saudi-arabia-20260626,1-0,0-0,18.0,0
Cape Verde vs Saudi Arabia,2026-06-27T00:01:00Z,2026-06-26T10:15:00+00:00,screenshot-cape-verde-saudi-arabia-20260626,2-0,0-0,12.0,0
Cape Verde vs Saudi Arabia,2026-06-27T00:01:00Z,2026-06-26T10:15:00+00:00,screenshot-cape-verde-saudi-arabia-20260626,2-1,0-0,17.0,0
Cape Verde vs Saudi Arabia,2026-06-27T00:01:00Z,2026-06-26T10:15:00+00:00,screenshot-cape-verde-saudi-arabia-20260626,3-0,0-0,7.0,0
Cape Verde vs Saudi Arabia,2026-06-27T00:01:00Z,2026-06-26T10:15:00+00:00,screenshot-cape-verde-saudi-arabia-20260626,3-1,0-0,7.0,0
Cape Verde vs Saudi Arabia,2026-06-27T00:01:00Z,2026-06-26T10:15:00+00:00,screenshot-cape-verde-saudi-arabia-20260626,3-2,0-0,2.0,0
Cape Verde vs Saudi Arabia,2026-06-27T00:01:00Z,2026-06-26T10:15:00+00:00,screenshot-cape-verde-saudi-arabia-20260626,4-0,0-0,1.0,0
Cape Verde vs Saudi Arabia,2026-06-27T00:01:00Z,2026-06-26T10:15:00+00:00,screenshot-cape-verde-saudi-arabia-20260626,4-1,0-0,0.0,0
Cape Verde vs Saudi Arabia,2026-06-27T00:01:00Z,2026-06-26T10:15:00+00:00,screenshot-cape-verde-saudi-arabia-20260626,4-2,0-0,0.0,0
Cape Verde vs Saudi Arabia,2026-06-27T00:01:00Z,2026-06-26T10:15:00+00:00,screenshot-cape-verde-saudi-arabia-20260626,4-3,0-0,0.0,0
Cape Verde vs Saudi Arabia,2026-06-27T00:01:00Z,2026-06-26T10:15:00+00:00,screenshot-cape-verde-saudi-arabia-20260626,5-0,0-0,1.0,0
Cape Verde vs Saudi Arabia,2026-06-27T00:01:00Z,2026-06-26T10:15:00+00:00,screenshot-cape-verde-saudi-arabia-20260626,5-1,0-0,0.0,0
Cape Verde vs Saudi Arabia,2026-06-27T00:01:00Z,2026-06-26T10:15:00+00:00,screenshot-cape-verde-saudi-arabia-20260626,5-2,0-0,0.0,0
Cape Verde vs Saudi Arabia,2026-06-27T00:01:00Z,2026-06-26T10:15:00+00:00,screenshot-cape-verde-saudi-arabia-20260626,5-3,0-0,0.0,0
Cape Verde vs Saudi Arabia,2026-06-27T00:01:00Z,2026-06-26T10:15:00+00:00,screenshot-cape-verde-saudi-arabia-20260626,5-4,0-0,0.0,0
Cape Verde vs Saudi Arabia,2026-06-27T00:01:00Z,2026-06-26T10:15:00+00:00,screenshot-cape-verde-saudi-arabia-20260626,0-0,0-0,13.0,1
Cape Verde vs Saudi Arabia,2026-06-27T00:01:00Z,2026-06-26T10:15:00+00:00,screenshot-cape-verde-saudi-arabia-20260626,1-1,0-0,11.0,0
Cape Verde vs Saudi Arabia,2026-06-27T00:01:00Z,2026-06-26T10:15:00+00:00,screenshot-cape-verde-saudi-arabia-20260626,2-2,0-0,3.0,0
Cape Verde vs Saudi Arabia,2026-06-27T00:01:00Z,2026-06-26T10:15:00+00:00,screenshot-cape-verde-saudi-arabia-20260626,3-3,0-0,1.0,0
Cape Verde vs Saudi Arabia,2026-06-27T00:01:00Z,2026-06-26T10:15:00+00:00,screenshot-cape-verde-saudi-arabia-20260626,4-4,0-0,0.0,0
Cape Verde vs Saudi Arabia,2026-06-27T00:01:00Z,2026-06-26T10:15:00+00:00,screenshot-cape-verde-saudi-arabia-20260626,0-1,0-0,2.0,0
Cape Verde vs Saudi Arabia,2026-06-27T00:01:00Z,2026-06-26T10:15:00+00:00,screenshot-cape-verde-saudi-arabia-20260626,0-2,0-0,3.0,0
Cape Verde vs Saudi Arabia,2026-06-27T00:01:00Z,2026-06-26T10:15:00+00:00,screenshot-cape-verde-saudi-arabia-20260626,1-2,0-0,4.0,0
Cape Verde vs Saudi Arabia,2026-06-27T00:01:00Z,2026-06-26T10:15:00+00:00,screenshot-cape-verde-saudi-arabia-20260626,0-3,0-0,1.0,0
Cape Verde vs Saudi Arabia,2026-06-27T00:01:00Z,2026-06-26T10:15:00+00:00,screenshot-cape-verde-saudi-arabia-20260626,1-3,0-0,1.0,0
Cape Verde vs Saudi Arabia,2026-06-27T00:01:00Z,2026-06-26T10:15:00+00:00,screenshot-cape-verde-saudi-arabia-20260626,2-3,0-0,0.0,0
Cape Verde vs Saudi Arabia,2026-06-27T00:01:00Z,2026-06-26T10:15:00+00:00,screenshot-cape-verde-saudi-arabia-20260626,0-4,0-0,0.0,0
Cape Verde vs Saudi Arabia,2026-06-27T00:01:00Z,2026-06-26T10:15:00+00:00,screenshot-cape-verde-saudi-arabia-20260626,1-4,0-0,0.0,0
Cape Verde vs Saudi Arabia,2026-06-27T00:01:00Z,2026-06-26T10:15:00+00:00,screenshot-cape-verde-saudi-arabia-20260626,2-4,0-0,0.0,0
Cape Verde vs Saudi Arabia,2026-06-27T00:01:00Z,2026-06-26T10:15:00+00:00,screenshot-cape-verde-saudi-arabia-20260626,3-4,0-0,0.0,0
Cape Verde vs Saudi Arabia,2026-06-27T00:01:00Z,2026-06-26T10:15:00+00:00,screenshot-cape-verde-saudi-arabia-20260626,0-5,0-0,0.0,0
Cape Verde vs Saudi Arabia,2026-06-27T00:01:00Z,2026-06-26T10:15:00+00:00,screenshot-cape-verde-saudi-arabia-20260626,1-5,0-0,0.0,0
Cape Verde vs Saudi Arabia,2026-06-27T00:01:00Z,2026-06-26T10:15:00+00:00,screenshot-cape-verde-saudi-arabia-20260626,2-5,0-0,0.0,0
Cape Verde vs Saudi Arabia,2026-06-27T00:01:00Z,2026-06-26T10:15:00+00:00,screenshot-cape-verde-saudi-arabia-20260626,3-5,0-0,0.0,0
Cape Verde vs Saudi Arabia,2026-06-27T00:01:00Z,2026-06-26T10:15:00+00:00,screenshot-cape-verde-saudi-arabia-20260626,4-5,0-0,1.0,0
Uruguay vs Spain,2026-06-27T00:01:00Z,2026-06-26T10:10:00+00:00,screenshot-uruguay-spain-20260626,1-0,0-1,1.0,0
Uruguay vs Spain,2026-06-27T00:01:00Z,2026-06-26T10:10:00+00:00,screenshot-uruguay-spain-20260626,2-0,0-1,3.0,0
Uruguay vs Spain,2026-06-27T00:01:00Z,2026-06-26T10:10:00+00:00,screenshot-uruguay-spain-20260626,2-1,0-1,3.0,0
Uruguay vs Spain,2026-06-27T00:01:00Z,2026-06-26T10:10:00+00:00,screenshot-uruguay-spain-20260626,3-0,0-1,1.0,0
Uruguay vs Spain,2026-06-27T00:01:00Z,2026-06-26T10:10:00+00:00,screenshot-uruguay-spain-20260626,3-1,0-1,1.0,0
Uruguay vs Spain,2026-06-27T00:01:00Z,2026-06-26T10:10:00+00:00,screenshot-uruguay-spain-20260626,3-2,0-1,1.0,0
Uruguay vs Spain,2026-06-27T00:01:00Z,2026-06-26T10:10:00+00:00,screenshot-uruguay-spain-20260626,4-0,0-1,1.0,0
Uruguay vs Spain,2026-06-27T00:01:00Z,2026-06-26T10:10:00+00:00,screenshot-uruguay-spain-20260626,4-1,0-1,0.0,0
Uruguay vs Spain,2026-06-27T00:01:00Z,2026-06-26T10:10:00+00:00,screenshot-uruguay-spain-20260626,4-2,0-1,0.0,0
Uruguay vs Spain,2026-06-27T00:01:00Z,2026-06-26T10:10:00+00:00,screenshot-uruguay-spain-20260626,4-3,0-1,0.0,0
Uruguay vs Spain,2026-06-27T00:01:00Z,2026-06-26T10:10:00+00:00,screenshot-uruguay-spain-20260626,5-0,0-1,1.0,0
Uruguay vs Spain,2026-06-27T00:01:00Z,2026-06-26T10:10:00+00:00,screenshot-uruguay-spain-20260626,5-1,0-1,0.0,0
Uruguay vs Spain,2026-06-27T00:01:00Z,2026-06-26T10:10:00+00:00,screenshot-uruguay-spain-20260626,5-2,0-1,0.0,0
Uruguay vs Spain,2026-06-27T00:01:00Z,2026-06-26T10:10:00+00:00,screenshot-uruguay-spain-20260626,5-3,0-1,0.0,0
Uruguay vs Spain,2026-06-27T00:01:00Z,2026-06-26T10:10:00+00:00,screenshot-uruguay-spain-20260626,5-4,0-1,0.0,0
Uruguay vs Spain,2026-06-27T00:01:00Z,2026-06-26T10:10:00+00:00,screenshot-uruguay-spain-20260626,0-0,0-1,3.0,0
Uruguay vs Spain,2026-06-27T00:01:00Z,2026-06-26T10:10:00+00:00,screenshot-uruguay-spain-20260626,1-1,0-1,8.0,0
Uruguay vs Spain,2026-06-27T00:01:00Z,2026-06-26T10:10:00+00:00,screenshot-uruguay-spain-20260626,2-2,0-1,6.0,0
Uruguay vs Spain,2026-06-27T00:01:00Z,2026-06-26T10:10:00+00:00,screenshot-uruguay-spain-20260626,3-3,0-1,1.0,0
Uruguay vs Spain,2026-06-27T00:01:00Z,2026-06-26T10:10:00+00:00,screenshot-uruguay-spain-20260626,4-4,0-1,0.0,0
Uruguay vs Spain,2026-06-27T00:01:00Z,2026-06-26T10:10:00+00:00,screenshot-uruguay-spain-20260626,0-1,0-1,5.0,1
Uruguay vs Spain,2026-06-27T00:01:00Z,2026-06-26T10:10:00+00:00,screenshot-uruguay-spain-20260626,0-2,0-1,9.0,0
Uruguay vs Spain,2026-06-27T00:01:00Z,2026-06-26T10:10:00+00:00,screenshot-uruguay-spain-20260626,1-2,0-1,14.0,0
Uruguay vs Spain,2026-06-27T00:01:00Z,2026-06-26T10:10:00+00:00,screenshot-uruguay-spain-20260626,0-3,0-1,5.0,0
Uruguay vs Spain,2026-06-27T00:01:00Z,2026-06-26T10:10:00+00:00,screenshot-uruguay-spain-20260626,1-3,0-1,21.0,0
Uruguay vs Spain,2026-06-27T00:01:00Z,2026-06-26T10:10:00+00:00,screenshot-uruguay-spain-20260626,2-3,0-1,4.0,0
Uruguay vs Spain,2026-06-27T00:01:00Z,2026-06-26T10:10:00+00:00,screenshot-uruguay-spain-20260626,0-4,0-1,2.0,0
Uruguay vs Spain,2026-06-27T00:01:00Z,2026-06-26T10:10:00+00:00,screenshot-uruguay-spain-20260626,1-4,0-1,3.0,0
Uruguay vs Spain,2026-06-27T00:01:00Z,2026-06-26T10:10:00+00:00,screenshot-uruguay-spain-20260626,2-4,0-1,4.0,0
Uruguay vs Spain,2026-06-27T00:01:00Z,2026-06-26T10:10:00+00:00,screenshot-uruguay-spain-20260626,3-4,0-1,0.0,0
Uruguay vs Spain,2026-06-27T00:01:00Z,2026-06-26T10:10:00+00:00,screenshot-uruguay-spain-20260626,0-5,0-1,0.0,0
Uruguay vs Spain,2026-06-27T00:01:00Z,2026-06-26T10:10:00+00:00,screenshot-uruguay-spain-20260626,1-5,0-1,0.0,0
Uruguay vs Spain,2026-06-27T00:01:00Z,2026-06-26T10:10:00+00:00,screenshot-uruguay-spain-20260626,2-5,0-1,0.0,0
Uruguay vs Spain,2026-06-27T00:01:00Z,2026-06-26T10:10:00+00:00,screenshot-uruguay-spain-20260626,3-5,0-1,1.0,0
Uruguay vs Spain,2026-06-27T00:01:00Z,2026-06-26T10:10:00+00:00,screenshot-uruguay-spain-20260626,4-5,0-1,1.0,0
Egypt vs Iran,2026-06-27T03:00:00Z,2026-06-27T02:16:09+00:00,screenshot-egypt-iran-20260627,1-0,1-1,8.0,0
Egypt vs Iran,2026-06-27T03:00:00Z,2026-06-27T02:16:09+00:00,screenshot-egypt-iran-20260627,2-0,1-1,8.0,0
Egypt vs Iran,2026-06-27T03:00:00Z,2026-06-27T02:16:09+00:00,screenshot-egypt-iran-20260627,2-1,1-1,14.0,0
Egypt vs Iran,2026-06-27T03:00:00Z,2026-06-27T02:16:09+00:00,screenshot-egypt-iran-20260627,3-0,1-1,5.0,0
Egypt vs Iran,2026-06-27T03:00:00Z,2026-06-27T02:16:09+00:00,screenshot-egypt-iran-20260627,3-1,1-1,6.0,0
Egypt vs Iran,2026-06-27T03:00:00Z,2026-06-27T02:16:09+00:00,screenshot-egypt-iran-20260627,3-2,1-1,3.0,0
Egypt vs Iran,2026-06-27T03:00:00Z,2026-06-27T02:16:09+00:00,screenshot-egypt-iran-20260627,4-0,1-1,3.0,0
Egypt vs Iran,2026-06-27T03:00:00Z,2026-06-27T02:16:09+00:00,screenshot-egypt-iran-20260627,4-1,1-1,3.0,0
Egypt vs Iran,2026-06-27T03:00:00Z,2026-06-27T02:16:09+00:00,screenshot-egypt-iran-20260627,4-2,1-1,1.0,0
Egypt vs Iran,2026-06-27T03:00:00Z,2026-06-27T02:16:09+00:00,screenshot-egypt-iran-20260627,4-3,1-1,1.0,0
Egypt vs Iran,2026-06-27T03:00:00Z,2026-06-27T02:16:09+00:00,screenshot-egypt-iran-20260627,5-0,1-1,2.0,0
Egypt vs Iran,2026-06-27T03:00:00Z,2026-06-27T02:16:09+00:00,screenshot-egypt-iran-20260627,5-1,1-1,1.0,0
Egypt vs Iran,2026-06-27T03:00:00Z,2026-06-27T02:16:09+00:00,screenshot-egypt-iran-20260627,5-2,1-1,1.0,0
Egypt vs Iran,2026-06-27T03:00:00Z,2026-06-27T02:16:09+00:00,screenshot-egypt-iran-20260627,5-3,1-1,2.0,0
Egypt vs Iran,2026-06-27T03:00:00Z,2026-06-27T02:16:09+00:00,screenshot-egypt-iran-20260627,5-4,1-1,2.0,0
Egypt vs Iran,2026-06-27T03:00:00Z,2026-06-27T02:16:09+00:00,screenshot-egypt-iran-20260627,0-0,1-1,9.0,0
Egypt vs Iran,2026-06-27T03:00:00Z,2026-06-27T02:16:09+00:00,screenshot-egypt-iran-20260627,1-1,1-1,11.0,1
Egypt vs Iran,2026-06-27T03:00:00Z,2026-06-27T02:16:09+00:00,screenshot-egypt-iran-20260627,2-2,1-1,4.0,0
Egypt vs Iran,2026-06-27T03:00:00Z,2026-06-27T02:16:09+00:00,screenshot-egypt-iran-20260627,3-3,1-1,3.0,0
Egypt vs Iran,2026-06-27T03:00:00Z,2026-06-27T02:16:09+00:00,screenshot-egypt-iran-20260627,4-4,1-1,2.0,0
Egypt vs Iran,2026-06-27T03:00:00Z,2026-06-27T02:16:09+00:00,screenshot-egypt-iran-20260627,0-1,1-1,2.0,0
Egypt vs Iran,2026-06-27T03:00:00Z,2026-06-27T02:16:09+00:00,screenshot-egypt-iran-20260627,0-2,1-1,1.0,0
Egypt vs Iran,2026-06-27T03:00:00Z,2026-06-27T02:16:09+00:00,screenshot-egypt-iran-20260627,1-2,1-1,2.0,0
Egypt vs Iran,2026-06-27T03:00:00Z,2026-06-27T02:16:09+00:00,screenshot-egypt-iran-20260627,0-3,1-1,1.0,0
Egypt vs Iran,2026-06-27T03:00:00Z,2026-06-27T02:16:09+00:00,screenshot-egypt-iran-20260627,1-3,1-1,1.0,0
Egypt vs Iran,2026-06-27T03:00:00Z,2026-06-27T02:16:09+00:00,screenshot-egypt-iran-20260627,2-3,1-1,1.0,0
Egypt vs Iran,2026-06-27T03:00:00Z,2026-06-27T02:16:09+00:00,screenshot-egypt-iran-20260627,0-4,1-1,0.0,0
Egypt vs Iran,2026-06-27T03:00:00Z,2026-06-27T02:16:09+00:00,screenshot-egypt-iran-20260627,1-4,1-1,0.0,0
Egypt vs Iran,2026-06-27T03:00:00Z,2026-06-27T02:16:09+00:00,screenshot-egypt-iran-20260627,2-4,1-1,0.0,0
Egypt vs Iran,2026-06-27T03:00:00Z,2026-06-27T02:16:09+00:00,screenshot-egypt-iran-20260627,3-4,1-1,0.0,0
Egypt vs Iran,2026-06-27T03:00:00Z,2026-06-27T02:16:09+00:00,screenshot-egypt-iran-20260627,0-5,1-1,0.0,0
Egypt vs Iran,2026-06-27T03:00:00Z,2026-06-27T02:16:09+00:00,screenshot-egypt-iran-20260627,1-5,1-1,0.0,0
Egypt vs Iran,2026-06-27T03:00:00Z,2026-06-27T02:16:09+00:00,screenshot-egypt-iran-20260627,2-5,1-1,0.0,0
Egypt vs Iran,2026-06-27T03:00:00Z,2026-06-27T02:16:09+00:00,screenshot-egypt-iran-20260627,3-5,1-1,0.0,0
Egypt vs Iran,2026-06-27T03:00:00Z,2026-06-27T02:16:09+00:00,screenshot-egypt-iran-20260627,4-5,1-1,1.0,0
New Zealand vs Belgium,2026-06-27T03:01:00Z,2026-06-27T02:11:32+00:00,screenshot-new-zealand-belgium-20260627,1-0,1-5,2.0,0
New Zealand vs Belgium,2026-06-27T03:01:00Z,2026-06-27T02:11:32+00:00,screenshot-new-zealand-belgium-20260627,2-0,1-5,0.0,0
New Zealand vs Belgium,2026-06-27T03:01:00Z,2026-06-27T02:11:32+00:00,screenshot-new-zealand-belgium-20260627,2-1,1-5,1.0,0
New Zealand vs Belgium,2026-06-27T03:01:00Z,2026-06-27T02:11:32+00:00,screenshot-new-zealand-belgium-20260627,3-0,1-5,2.0,0
New Zealand vs Belgium,2026-06-27T03:01:00Z,2026-06-27T02:11:32+00:00,screenshot-new-zealand-belgium-20260627,3-1,1-5,0.0,0
New Zealand vs Belgium,2026-06-27T03:01:00Z,2026-06-27T02:11:32+00:00,screenshot-new-zealand-belgium-20260627,3-2,1-5,0.0,0
New Zealand vs Belgium,2026-06-27T03:01:00Z,2026-06-27T02:11:32+00:00,screenshot-new-zealand-belgium-20260627,4-0,1-5,0.0,0
New Zealand vs Belgium,2026-06-27T03:01:00Z,2026-06-27T02:11:32+00:00,screenshot-new-zealand-belgium-20260627,4-1,1-5,2.0,0
New Zealand vs Belgium,2026-06-27T03:01:00Z,2026-06-27T02:11:32+00:00,screenshot-new-zealand-belgium-20260627,4-2,1-5,0.0,0
New Zealand vs Belgium,2026-06-27T03:01:00Z,2026-06-27T02:11:32+00:00,screenshot-new-zealand-belgium-20260627,4-3,1-5,1.0,0
New Zealand vs Belgium,2026-06-27T03:01:00Z,2026-06-27T02:11:32+00:00,screenshot-new-zealand-belgium-20260627,5-0,1-5,1.0,0
New Zealand vs Belgium,2026-06-27T03:01:00Z,2026-06-27T02:11:32+00:00,screenshot-new-zealand-belgium-20260627,5-1,1-5,1.0,0
New Zealand vs Belgium,2026-06-27T03:01:00Z,2026-06-27T02:11:32+00:00,screenshot-new-zealand-belgium-20260627,5-2,1-5,1.0,0
New Zealand vs Belgium,2026-06-27T03:01:00Z,2026-06-27T02:11:32+00:00,screenshot-new-zealand-belgium-20260627,5-3,1-5,1.0,0
New Zealand vs Belgium,2026-06-27T03:01:00Z,2026-06-27T02:11:32+00:00,screenshot-new-zealand-belgium-20260627,5-4,1-5,1.0,0
New Zealand vs Belgium,2026-06-27T03:01:00Z,2026-06-27T02:11:32+00:00,screenshot-new-zealand-belgium-20260627,0-0,1-5,2.0,0
New Zealand vs Belgium,2026-06-27T03:01:00Z,2026-06-27T02:11:32+00:00,screenshot-new-zealand-belgium-20260627,1-1,1-5,4.0,0
New Zealand vs Belgium,2026-06-27T03:01:00Z,2026-06-27T02:11:32+00:00,screenshot-new-zealand-belgium-20260627,2-2,1-5,1.0,0
New Zealand vs Belgium,2026-06-27T03:01:00Z,2026-06-27T02:11:32+00:00,screenshot-new-zealand-belgium-20260627,3-3,1-5,1.0,0
New Zealand vs Belgium,2026-06-27T03:01:00Z,2026-06-27T02:11:32+00:00,screenshot-new-zealand-belgium-20260627,4-4,1-5,1.0,0
New Zealand vs Belgium,2026-06-27T03:01:00Z,2026-06-27T02:11:32+00:00,screenshot-new-zealand-belgium-20260627,0-1,1-5,6.0,0
New Zealand vs Belgium,2026-06-27T03:01:00Z,2026-06-27T02:11:32+00:00,screenshot-new-zealand-belgium-20260627,0-2,1-5,12.0,0
New Zealand vs Belgium,2026-06-27T03:01:00Z,2026-06-27T02:11:32+00:00,screenshot-new-zealand-belgium-20260627,1-2,1-5,9.0,0
New Zealand vs Belgium,2026-06-27T03:01:00Z,2026-06-27T02:11:32+00:00,screenshot-new-zealand-belgium-20260627,0-3,1-5,12.0,0
New Zealand vs Belgium,2026-06-27T03:01:00Z,2026-06-27T02:11:32+00:00,screenshot-new-zealand-belgium-20260627,1-3,1-5,9.0,0
New Zealand vs Belgium,2026-06-27T03:01:00Z,2026-06-27T02:11:32+00:00,screenshot-new-zealand-belgium-20260627,2-3,1-5,3.0,0
New Zealand vs Belgium,2026-06-27T03:01:00Z,2026-06-27T02:11:32+00:00,screenshot-new-zealand-belgium-20260627,0-4,1-5,7.0,0
New Zealand vs Belgium,2026-06-27T03:01:00Z,2026-06-27T02:11:32+00:00,screenshot-new-zealand-belgium-20260627,1-4,1-5,4.0,0
New Zealand vs Belgium,2026-06-27T03:01:00Z,2026-06-27T02:11:32+00:00,screenshot-new-zealand-belgium-20260627,2-4,1-5,2.0,0
New Zealand vs Belgium,2026-06-27T03:01:00Z,2026-06-27T02:11:32+00:00,screenshot-new-zealand-belgium-20260627,3-4,1-5,1.0,0
New Zealand vs Belgium,2026-06-27T03:01:00Z,2026-06-27T02:11:32+00:00,screenshot-new-zealand-belgium-20260627,0-5,1-5,3.0,0
New Zealand vs Belgium,2026-06-27T03:01:00Z,2026-06-27T02:11:32+00:00,screenshot-new-zealand-belgium-20260627,1-5,1-5,3.0,1
New Zealand vs Belgium,2026-06-27T03:01:00Z,2026-06-27T02:11:32+00:00,screenshot-new-zealand-belgium-20260627,2-5,1-5,3.0,0
New Zealand vs Belgium,2026-06-27T03:01:00Z,2026-06-27T02:11:32+00:00,screenshot-new-zealand-belgium-20260627,3-5,1-5,0.0,0
New Zealand vs Belgium,2026-06-27T03:01:00Z,2026-06-27T02:11:32+00:00,screenshot-new-zealand-belgium-20260627,4-5,1-5,2.0,0
Colombia vs Portugal,2026-06-27T23:30:00Z,2026-06-27T22:15:00+00:00,screenshot-colombia-portugal-20260627,1-0,0-0,6.0,0
Colombia vs Portugal,2026-06-27T23:30:00Z,2026-06-27T22:15:00+00:00,screenshot-colombia-portugal-20260627,0-0,0-0,1.0,1
Colombia vs Portugal,2026-06-27T23:30:00Z,2026-06-27T22:15:00+00:00,screenshot-colombia-portugal-20260627,0-1,0-0,3.0,0
Colombia vs Portugal,2026-06-27T23:30:00Z,2026-06-27T22:15:00+00:00,screenshot-colombia-portugal-20260627,2-0,0-0,1.0,0
Colombia vs Portugal,2026-06-27T23:30:00Z,2026-06-27T22:15:00+00:00,screenshot-colombia-portugal-20260627,1-1,0-0,6.0,0
Colombia vs Portugal,2026-06-27T23:30:00Z,2026-06-27T22:15:00+00:00,screenshot-colombia-portugal-20260627,0-2,0-0,5.0,0
Colombia vs Portugal,2026-06-27T23:30:00Z,2026-06-27T22:15:00+00:00,screenshot-colombia-portugal-20260627,2-1,0-0,2.0,0
Colombia vs Portugal,2026-06-27T23:30:00Z,2026-06-27T22:15:00+00:00,screenshot-colombia-portugal-20260627,2-2,0-0,7.0,0
Colombia vs Portugal,2026-06-27T23:30:00Z,2026-06-27T22:15:00+00:00,screenshot-colombia-portugal-20260627,1-2,0-0,21.0,0
Colombia vs Portugal,2026-06-27T23:30:00Z,2026-06-27T22:15:00+00:00,screenshot-colombia-portugal-20260627,3-0,0-0,1.0,0
Colombia vs Portugal,2026-06-27T23:30:00Z,2026-06-27T22:15:00+00:00,screenshot-colombia-portugal-20260627,3-3,0-0,1.0,0
Colombia vs Portugal,2026-06-27T23:30:00Z,2026-06-27T22:15:00+00:00,screenshot-colombia-portugal-20260627,0-3,0-0,1.0,0
Colombia vs Portugal,2026-06-27T23:30:00Z,2026-06-27T22:15:00+00:00,screenshot-colombia-portugal-20260627,3-1,0-0,1.0,0
Colombia vs Portugal,2026-06-27T23:30:00Z,2026-06-27T22:15:00+00:00,screenshot-colombia-portugal-20260627,4-4,0-0,0.0,0
Colombia vs Portugal,2026-06-27T23:30:00Z,2026-06-27T22:15:00+00:00,screenshot-colombia-portugal-20260627,1-3,0-0,20.0,0
Colombia vs Portugal,2026-06-27T23:30:00Z,2026-06-27T22:15:00+00:00,screenshot-colombia-portugal-20260627,3-2,0-0,1.0,0
Colombia vs Portugal,2026-06-27T23:30:00Z,2026-06-27T22:15:00+00:00,screenshot-colombia-portugal-20260627,2-3,0-0,4.0,0
Colombia vs Portugal,2026-06-27T23:30:00Z,2026-06-27T22:15:00+00:00,screenshot-colombia-portugal-20260627,4-0,0-0,0.0,0
Colombia vs Portugal,2026-06-27T23:30:00Z,2026-06-27T22:15:00+00:00,screenshot-colombia-portugal-20260627,0-4,0-0,1.0,0
Colombia vs Portugal,2026-06-27T23:30:00Z,2026-06-27T22:15:00+00:00,screenshot-colombia-portugal-20260627,4-1,0-0,0.0,0
Colombia vs Portugal,2026-06-27T23:30:00Z,2026-06-27T22:15:00+00:00,screenshot-colombia-portugal-20260627,1-4,0-0,2.0,0
Colombia vs Portugal,2026-06-27T23:30:00Z,2026-06-27T22:15:00+00:00,screenshot-colombia-portugal-20260627,4-2,0-0,0.0,0
Colombia vs Portugal,2026-06-27T23:30:00Z,2026-06-27T22:15:00+00:00,screenshot-colombia-portugal-20260627,2-4,0-0,4.0,0
Colombia vs Portugal,2026-06-27T23:30:00Z,2026-06-27T22:15:00+00:00,screenshot-colombia-portugal-20260627,4-3,0-0,0.0,0
Colombia vs Portugal,2026-06-27T23:30:00Z,2026-06-27T22:15:00+00:00,screenshot-colombia-portugal-20260627,3-4,0-0,0.0,0
Colombia vs Portugal,2026-06-27T23:30:00Z,2026-06-27T22:15:00+00:00,screenshot-colombia-portugal-20260627,5-0,0-0,0.0,0
Colombia vs Portugal,2026-06-27T23:30:00Z,2026-06-27T22:15:00+00:00,screenshot-colombia-portugal-20260627,0-5,0-0,1.0,0
Colombia vs Portugal,2026-06-27T23:30:00Z,2026-06-27T22:15:00+00:00,screenshot-colombia-portugal-20260627,5-1,0-0,0.0,0
Colombia vs Portugal,2026-06-27T23:30:00Z,2026-06-27T22:15:00+00:00,screenshot-colombia-portugal-20260627,1-5,0-0,1.0,0
Colombia vs Portugal,2026-06-27T23:30:00Z,2026-06-27T22:15:00+00:00,screenshot-colombia-portugal-20260627,5-2,0-0,0.0,0
Colombia vs Portugal,2026-06-27T23:30:00Z,2026-06-27T22:15:00+00:00,screenshot-colombia-portugal-20260627,2-5,0-0,1.0,0
Colombia vs Portugal,2026-06-27T23:30:00Z,2026-06-27T22:15:00+00:00,screenshot-colombia-portugal-20260627,5-3,0-0,0.0,0
Colombia vs Portugal,2026-06-27T23:30:00Z,2026-06-27T22:15:00+00:00,screenshot-colombia-portugal-20260627,3-5,0-0,1.0,0
Colombia vs Portugal,2026-06-27T23:30:00Z,2026-06-27T22:15:00+00:00,screenshot-colombia-portugal-20260627,5-4,0-0,0.0,0
Colombia vs Portugal,2026-06-27T23:30:00Z,2026-06-27T22:15:00+00:00,screenshot-colombia-portugal-20260627,4-5,0-0,1.0,0
DR Congo vs Uzbekistan,2026-06-27T23:30:00Z,2026-06-27T22:45:00+00:00,screenshot-dr-congo-uzbekistan-20260627,1-0,3-1,25.0,0
DR Congo vs Uzbekistan,2026-06-27T23:30:00Z,2026-06-27T22:45:00+00:00,screenshot-dr-congo-uzbekistan-20260627,0-0,3-1,7.0,0
DR Congo vs Uzbekistan,2026-06-27T23:30:00Z,2026-06-27T22:45:00+00:00,screenshot-dr-congo-uzbekistan-20260627,0-1,3-1,2.0,0
DR Congo vs Uzbekistan,2026-06-27T23:30:00Z,2026-06-27T22:45:00+00:00,screenshot-dr-congo-uzbekistan-20260627,2-0,3-1,22.0,0
DR Congo vs Uzbekistan,2026-06-27T23:30:00Z,2026-06-27T22:45:00+00:00,screenshot-dr-congo-uzbekistan-20260627,1-1,3-1,4.0,0
DR Congo vs Uzbekistan,2026-06-27T23:30:00Z,2026-06-27T22:45:00+00:00,screenshot-dr-congo-uzbekistan-20260627,0-2,3-1,1.0,0
DR Congo vs Uzbekistan,2026-06-27T23:30:00Z,2026-06-27T22:45:00+00:00,screenshot-dr-congo-uzbekistan-20260627,2-1,3-1,10.0,0
DR Congo vs Uzbekistan,2026-06-27T23:30:00Z,2026-06-27T22:45:00+00:00,screenshot-dr-congo-uzbekistan-20260627,2-2,3-1,2.0,0
DR Congo vs Uzbekistan,2026-06-27T23:30:00Z,2026-06-27T22:45:00+00:00,screenshot-dr-congo-uzbekistan-20260627,1-2,3-1,1.0,0
DR Congo vs Uzbekistan,2026-06-27T23:30:00Z,2026-06-27T22:45:00+00:00,screenshot-dr-congo-uzbekistan-20260627,3-0,3-1,6.0,0
DR Congo vs Uzbekistan,2026-06-27T23:30:00Z,2026-06-27T22:45:00+00:00,screenshot-dr-congo-uzbekistan-20260627,3-3,3-1,0.0,0
DR Congo vs Uzbekistan,2026-06-27T23:30:00Z,2026-06-27T22:45:00+00:00,screenshot-dr-congo-uzbekistan-20260627,0-3,3-1,0.0,0
DR Congo vs Uzbekistan,2026-06-27T23:30:00Z,2026-06-27T22:45:00+00:00,screenshot-dr-congo-uzbekistan-20260627,3-1,3-1,5.0,1
DR Congo vs Uzbekistan,2026-06-27T23:30:00Z,2026-06-27T22:45:00+00:00,screenshot-dr-congo-uzbekistan-20260627,4-4,3-1,0.0,0
DR Congo vs Uzbekistan,2026-06-27T23:30:00Z,2026-06-27T22:45:00+00:00,screenshot-dr-congo-uzbekistan-20260627,1-3,3-1,1.0,0
DR Congo vs Uzbekistan,2026-06-27T23:30:00Z,2026-06-27T22:45:00+00:00,screenshot-dr-congo-uzbekistan-20260627,3-2,3-1,1.0,0
DR Congo vs Uzbekistan,2026-06-27T23:30:00Z,2026-06-27T22:45:00+00:00,screenshot-dr-congo-uzbekistan-20260627,2-3,3-1,0.0,0
DR Congo vs Uzbekistan,2026-06-27T23:30:00Z,2026-06-27T22:45:00+00:00,screenshot-dr-congo-uzbekistan-20260627,4-0,3-1,2.0,0
DR Congo vs Uzbekistan,2026-06-27T23:30:00Z,2026-06-27T22:45:00+00:00,screenshot-dr-congo-uzbekistan-20260627,0-4,3-1,0.0,0
DR Congo vs Uzbekistan,2026-06-27T23:30:00Z,2026-06-27T22:45:00+00:00,screenshot-dr-congo-uzbekistan-20260627,4-1,3-1,2.0,0
DR Congo vs Uzbekistan,2026-06-27T23:30:00Z,2026-06-27T22:45:00+00:00,screenshot-dr-congo-uzbekistan-20260627,1-4,3-1,0.0,0
DR Congo vs Uzbekistan,2026-06-27T23:30:00Z,2026-06-27T22:45:00+00:00,screenshot-dr-congo-uzbekistan-20260627,4-2,3-1,1.0,0
DR Congo vs Uzbekistan,2026-06-27T23:30:00Z,2026-06-27T22:45:00+00:00,screenshot-dr-congo-uzbekistan-20260627,2-4,3-1,0.0,0
DR Congo vs Uzbekistan,2026-06-27T23:30:00Z,2026-06-27T22:45:00+00:00,screenshot-dr-congo-uzbekistan-20260627,4-3,3-1,1.0,0
DR Congo vs Uzbekistan,2026-06-27T23:30:00Z,2026-06-27T22:45:00+00:00,screenshot-dr-congo-uzbekistan-20260627,3-4,3-1,0.0,0
DR Congo vs Uzbekistan,2026-06-27T23:30:00Z,2026-06-27T22:45:00+00:00,screenshot-dr-congo-uzbekistan-20260627,5-0,3-1,1.0,0
DR Congo vs Uzbekistan,2026-06-27T23:30:00Z,2026-06-27T22:45:00+00:00,screenshot-dr-congo-uzbekistan-20260627,0-5,3-1,0.0,0
DR Congo vs Uzbekistan,2026-06-27T23:30:00Z,2026-06-27T22:45:00+00:00,screenshot-dr-congo-uzbekistan-20260627,5-1,3-1,1.0,0
DR Congo vs Uzbekistan,2026-06-27T23:30:00Z,2026-06-27T22:45:00+00:00,screenshot-dr-congo-uzbekistan-20260627,1-5,3-1,0.0,0
DR Congo vs Uzbekistan,2026-06-27T23:30:00Z,2026-06-27T22:45:00+00:00,screenshot-dr-congo-uzbekistan-20260627,5-2,3-1,0.0,0
DR Congo vs Uzbekistan,2026-06-27T23:30:00Z,2026-06-27T22:45:00+00:00,screenshot-dr-congo-uzbekistan-20260627,2-5,3-1,0.0,0
DR Congo vs Uzbekistan,2026-06-27T23:30:00Z,2026-06-27T22:45:00+00:00,screenshot-dr-congo-uzbekistan-20260627,5-3,3-1,1.0,0
DR Congo vs Uzbekistan,2026-06-27T23:30:00Z,2026-06-27T22:45:00+00:00,screenshot-dr-congo-uzbekistan-20260627,3-5,3-1,1.0,0
DR Congo vs Uzbekistan,2026-06-27T23:30:00Z,2026-06-27T22:45:00+00:00,screenshot-dr-congo-uzbekistan-20260627,5-4,3-1,1.0,0
DR Congo vs Uzbekistan,2026-06-27T23:30:00Z,2026-06-27T22:45:00+00:00,screenshot-dr-congo-uzbekistan-20260627,4-5,3-1,1.0,0
Algeria vs Austria,2026-06-28T02:00:00Z,2026-06-27T23:00:00+00:00,screenshot-algeria-austria-20260627,1-0,3-3,2.0,0
Algeria vs Austria,2026-06-28T02:00:00Z,2026-06-27T23:00:00+00:00,screenshot-algeria-austria-20260627,0-0,3-3,72.0,0
Algeria vs Austria,2026-06-28T02:00:00Z,2026-06-27T23:00:00+00:00,screenshot-algeria-austria-20260627,0-1,3-3,2.0,0
Algeria vs Austria,2026-06-28T02:00:00Z,2026-06-27T23:00:00+00:00,screenshot-algeria-austria-20260627,2-0,3-3,0.0,0
Algeria vs Austria,2026-06-28T02:00:00Z,2026-06-27T23:00:00+00:00,screenshot-algeria-austria-20260627,1-1,3-3,12.0,0
Algeria vs Austria,2026-06-28T02:00:00Z,2026-06-27T23:00:00+00:00,screenshot-algeria-austria-20260627,0-2,3-3,1.0,0
Algeria vs Austria,2026-06-28T02:00:00Z,2026-06-27T23:00:00+00:00,screenshot-algeria-austria-20260627,2-1,3-3,2.0,0
Algeria vs Austria,2026-06-28T02:00:00Z,2026-06-27T23:00:00+00:00,screenshot-algeria-austria-20260627,2-2,3-3,2.0,0
Algeria vs Austria,2026-06-28T02:00:00Z,2026-06-27T23:00:00+00:00,screenshot-algeria-austria-20260627,1-2,3-3,3.0,0
Algeria vs Austria,2026-06-28T02:00:00Z,2026-06-27T23:00:00+00:00,screenshot-algeria-austria-20260627,3-0,3-3,0.0,0
Algeria vs Austria,2026-06-28T02:00:00Z,2026-06-27T23:00:00+00:00,screenshot-algeria-austria-20260627,3-3,3-3,1.0,1
Algeria vs Austria,2026-06-28T02:00:00Z,2026-06-27T23:00:00+00:00,screenshot-algeria-austria-20260627,0-3,3-3,0.0,0
Algeria vs Austria,2026-06-28T02:00:00Z,2026-06-27T23:00:00+00:00,screenshot-algeria-austria-20260627,3-1,3-3,1.0,0
Algeria vs Austria,2026-06-28T02:00:00Z,2026-06-27T23:00:00+00:00,screenshot-algeria-austria-20260627,4-4,3-3,1.0,0
Algeria vs Austria,2026-06-28T02:00:00Z,2026-06-27T23:00:00+00:00,screenshot-algeria-austria-20260627,1-3,3-3,0.0,0
Algeria vs Austria,2026-06-28T02:00:00Z,2026-06-27T23:00:00+00:00,screenshot-algeria-austria-20260627,3-2,3-3,0.0,0
Algeria vs Austria,2026-06-28T02:00:00Z,2026-06-27T23:00:00+00:00,screenshot-algeria-austria-20260627,2-3,3-3,0.0,0
Algeria vs Austria,2026-06-28T02:00:00Z,2026-06-27T23:00:00+00:00,screenshot-algeria-austria-20260627,4-0,3-3,0.0,0
Algeria vs Austria,2026-06-28T02:00:00Z,2026-06-27T23:00:00+00:00,screenshot-algeria-austria-20260627,0-4,3-3,0.0,0
Algeria vs Austria,2026-06-28T02:00:00Z,2026-06-27T23:00:00+00:00,screenshot-algeria-austria-20260627,4-1,3-3,0.0,0
Algeria vs Austria,2026-06-28T02:00:00Z,2026-06-27T23:00:00+00:00,screenshot-algeria-austria-20260627,1-4,3-3,0.0,0
Algeria vs Austria,2026-06-28T02:00:00Z,2026-06-27T23:00:00+00:00,screenshot-algeria-austria-20260627,4-2,3-3,0.0,0
Algeria vs Austria,2026-06-28T02:00:00Z,2026-06-27T23:00:00+00:00,screenshot-algeria-austria-20260627,2-4,3-3,0.0,0
Algeria vs Austria,2026-06-28T02:00:00Z,2026-06-27T23:00:00+00:00,screenshot-algeria-austria-20260627,4-3,3-3,0.0,0
Algeria vs Austria,2026-06-28T02:00:00Z,2026-06-27T23:00:00+00:00,screenshot-algeria-austria-20260627,3-4,3-3,0.0,0
Algeria vs Austria,2026-06-28T02:00:00Z,2026-06-27T23:00:00+00:00,screenshot-algeria-austria-20260627,5-0,3-3,0.0,0
Algeria vs Austria,2026-06-28T02:00:00Z,2026-06-27T23:00:00+00:00,screenshot-algeria-austria-20260627,0-5,3-3,0.0,0
Algeria vs Austria,2026-06-28T02:00:00Z,2026-06-27T23:00:00+00:00,screenshot-algeria-austria-20260627,5-1,3-3,0.0,0
Algeria vs Austria,2026-06-28T02:00:00Z,2026-06-27T23:00:00+00:00,screenshot-algeria-austria-20260627,1-5,3-3,0.0,0
Algeria vs Austria,2026-06-28T02:00:00Z,2026-06-27T23:00:00+00:00,screenshot-algeria-austria-20260627,5-2,3-3,0.0,0
Algeria vs Austria,2026-06-28T02:00:00Z,2026-06-27T23:00:00+00:00,screenshot-algeria-austria-20260627,2-5,3-3,0.0,0
Algeria vs Austria,2026-06-28T02:00:00Z,2026-06-27T23:00:00+00:00,screenshot-algeria-austria-20260627,5-3,3-3,0.0,0
Algeria vs Austria,2026-06-28T02:00:00Z,2026-06-27T23:00:00+00:00,screenshot-algeria-austria-20260627,3-5,3-3,0.0,0
Algeria vs Austria,2026-06-28T02:00:00Z,2026-06-27T23:00:00+00:00,screenshot-algeria-austria-20260627,5-4,3-3,0.0,0
Algeria vs Austria,2026-06-28T02:00:00Z,2026-06-27T23:00:00+00:00,screenshot-algeria-austria-20260627,4-5,3-3,0.0,0
Jordan vs Argentina,2026-06-28T02:00:00Z,2026-06-27T22:00:00+00:00,screenshot-jordan-argentina-20260627,1-0,1-3,2.0,0
Jordan vs Argentina,2026-06-28T02:00:00Z,2026-06-27T22:00:00+00:00,screenshot-jordan-argentina-20260627,0-0,1-3,1.0,0
Jordan vs Argentina,2026-06-28T02:00:00Z,2026-06-27T22:00:00+00:00,screenshot-jordan-argentina-20260627,0-1,1-3,3.0,0
Jordan vs Argentina,2026-06-28T02:00:00Z,2026-06-27T22:00:00+00:00,screenshot-jordan-argentina-20260627,2-0,1-3,1.0,0
Jordan vs Argentina,2026-06-28T02:00:00Z,2026-06-27T22:00:00+00:00,screenshot-jordan-argentina-20260627,1-1,1-3,0.0,0
Jordan vs Argentina,2026-06-28T02:00:00Z,2026-06-27T22:00:00+00:00,screenshot-jordan-argentina-20260627,0-2,1-3,9.0,0
Jordan vs Argentina,2026-06-28T02:00:00Z,2026-06-27T22:00:00+00:00,screenshot-jordan-argentina-20260627,2-1,1-3,1.0,0
Jordan vs Argentina,2026-06-28T02:00:00Z,2026-06-27T22:00:00+00:00,screenshot-jordan-argentina-20260627,2-2,1-3,0.0,0
Jordan vs Argentina,2026-06-28T02:00:00Z,2026-06-27T22:00:00+00:00,screenshot-jordan-argentina-20260627,1-2,1-3,4.0,0
Jordan vs Argentina,2026-06-28T02:00:00Z,2026-06-27T22:00:00+00:00,screenshot-jordan-argentina-20260627,3-0,1-3,2.0,0
Jordan vs Argentina,2026-06-28T02:00:00Z,2026-06-27T22:00:00+00:00,screenshot-jordan-argentina-20260627,3-3,1-3,0.0,0
Jordan vs Argentina,2026-06-28T02:00:00Z,2026-06-27T22:00:00+00:00,screenshot-jordan-argentina-20260627,0-3,1-3,14.0,0
Jordan vs Argentina,2026-06-28T02:00:00Z,2026-06-27T22:00:00+00:00,screenshot-jordan-argentina-20260627,3-1,1-3,0.0,0
Jordan vs Argentina,2026-06-28T02:00:00Z,2026-06-27T22:00:00+00:00,screenshot-jordan-argentina-20260627,4-4,1-3,0.0,0
Jordan vs Argentina,2026-06-28T02:00:00Z,2026-06-27T22:00:00+00:00,screenshot-jordan-argentina-20260627,1-3,1-3,2.0,1
Jordan vs Argentina,2026-06-28T02:00:00Z,2026-06-27T22:00:00+00:00,screenshot-jordan-argentina-20260627,3-2,1-3,0.0,0
Jordan vs Argentina,2026-06-28T02:00:00Z,2026-06-27T22:00:00+00:00,screenshot-jordan-argentina-20260627,2-3,1-3,0.0,0
Jordan vs Argentina,2026-06-28T02:00:00Z,2026-06-27T22:00:00+00:00,screenshot-jordan-argentina-20260627,4-0,1-3,8.0,0
Jordan vs Argentina,2026-06-28T02:00:00Z,2026-06-27T22:00:00+00:00,screenshot-jordan-argentina-20260627,0-4,1-3,36.0,0
Jordan vs Argentina,2026-06-28T02:00:00Z,2026-06-27T22:00:00+00:00,screenshot-jordan-argentina-20260627,4-1,1-3,0.0,0
Jordan vs Argentina,2026-06-28T02:00:00Z,2026-06-27T22:00:00+00:00,screenshot-jordan-argentina-20260627,1-4,1-3,4.0,0
Jordan vs Argentina,2026-06-28T02:00:00Z,2026-06-27T22:00:00+00:00,screenshot-jordan-argentina-20260627,4-2,1-3,0.0,0
Jordan vs Argentina,2026-06-28T02:00:00Z,2026-06-27T22:00:00+00:00,screenshot-jordan-argentina-20260627,2-4,1-3,0.0,0
Jordan vs Argentina,2026-06-28T02:00:00Z,2026-06-27T22:00:00+00:00,screenshot-jordan-argentina-20260627,4-3,1-3,0.0,0
Jordan vs Argentina,2026-06-28T02:00:00Z,2026-06-27T22:00:00+00:00,screenshot-jordan-argentina-20260627,3-4,1-3,0.0,0
Jordan vs Argentina,2026-06-28T02:00:00Z,2026-06-27T22:00:00+00:00,screenshot-jordan-argentina-20260627,5-0,1-3,0.0,0
Jordan vs Argentina,2026-06-28T02:00:00Z,2026-06-27T22:00:00+00:00,screenshot-jordan-argentina-20260627,0-5,1-3,6.0,0
Jordan vs Argentina,2026-06-28T02:00:00Z,2026-06-27T22:00:00+00:00,screenshot-jordan-argentina-20260627,5-1,1-3,0.0,0
Jordan vs Argentina,2026-06-28T02:00:00Z,2026-06-27T22:00:00+00:00,screenshot-jordan-argentina-20260627,1-5,1-3,2.0,0
Jordan vs Argentina,2026-06-28T02:00:00Z,2026-06-27T22:00:00+00:00,screenshot-jordan-argentina-20260627,5-2,1-3,0.0,0
Jordan vs Argentina,2026-06-28T02:00:00Z,2026-06-27T22:00:00+00:00,screenshot-jordan-argentina-20260627,2-5,1-3,1.0,0
Jordan vs Argentina,2026-06-28T02:00:00Z,2026-06-27T22:00:00+00:00,screenshot-jordan-argentina-20260627,5-3,1-3,0.0,0
Jordan vs Argentina,2026-06-28T02:00:00Z,2026-06-27T22:00:00+00:00,screenshot-jordan-argentina-20260627,3-5,1-3,0.0,0
Jordan vs Argentina,2026-06-28T02:00:00Z,2026-06-27T22:00:00+00:00,screenshot-jordan-argentina-20260627,5-4,1-3,0.0,0
Jordan vs Argentina,2026-06-28T02:00:00Z,2026-06-27T22:00:00+00:00,screenshot-jordan-argentina-20260627,4-5,1-3,1.0,0
South Africa vs Canada,2026-06-28T19:00:00Z,2026-06-28T10:00:00+00:00,screenshot-south-africa-canada-20260628-cap90,1-0,0-1,2.0,0
South Africa vs Canada,2026-06-28T19:00:00Z,2026-06-28T10:00:00+00:00,screenshot-south-africa-canada-20260628-cap90,0-0,0-1,5.0,0
South Africa vs Canada,2026-06-28T19:00:00Z,2026-06-28T10:00:00+00:00,screenshot-south-africa-canada-20260628-cap90,0-1,0-1,7.0,1
South Africa vs Canada,2026-06-28T19:00:00Z,2026-06-28T10:00:00+00:00,screenshot-south-africa-canada-20260628-cap90,2-0,0-1,1.0,0
South Africa vs Canada,2026-06-28T19:00:00Z,2026-06-28T10:00:00+00:00,screenshot-south-africa-canada-20260628-cap90,1-1,0-1,6.0,0
South Africa vs Canada,2026-06-28T19:00:00Z,2026-06-28T10:00:00+00:00,screenshot-south-africa-canada-20260628-cap90,0-2,0-1,11.0,0
South Africa vs Canada,2026-06-28T19:00:00Z,2026-06-28T10:00:00+00:00,screenshot-south-africa-canada-20260628-cap90,2-1,0-1,1.0,0
South Africa vs Canada,2026-06-28T19:00:00Z,2026-06-28T10:00:00+00:00,screenshot-south-africa-canada-20260628-cap90,2-2,0-1,6.0,0
South Africa vs Canada,2026-06-28T19:00:00Z,2026-06-28T10:00:00+00:00,screenshot-south-africa-canada-20260628-cap90,1-2,0-1,17.0,0
South Africa vs Canada,2026-06-28T19:00:00Z,2026-06-28T10:00:00+00:00,screenshot-south-africa-canada-20260628-cap90,3-0,0-1,0.0,0
South Africa vs Canada,2026-06-28T19:00:00Z,2026-06-28T10:00:00+00:00,screenshot-south-africa-canada-20260628-cap90,3-3,0-1,3.0,0
South Africa vs Canada,2026-06-28T19:00:00Z,2026-06-28T10:00:00+00:00,screenshot-south-africa-canada-20260628-cap90,0-3,0-1,5.0,0
South Africa vs Canada,2026-06-28T19:00:00Z,2026-06-28T10:00:00+00:00,screenshot-south-africa-canada-20260628-cap90,3-1,0-1,0.0,0
South Africa vs Canada,2026-06-28T19:00:00Z,2026-06-28T10:00:00+00:00,screenshot-south-africa-canada-20260628-cap90,4-4,0-1,3.0,0
South Africa vs Canada,2026-06-28T19:00:00Z,2026-06-28T10:00:00+00:00,screenshot-south-africa-canada-20260628-cap90,1-3,0-1,7.0,0
South Africa vs Canada,2026-06-28T19:00:00Z,2026-06-28T10:00:00+00:00,screenshot-south-africa-canada-20260628-cap90,3-2,0-1,0.0,0
South Africa vs Canada,2026-06-28T19:00:00Z,2026-06-28T10:00:00+00:00,screenshot-south-africa-canada-20260628-cap90,2-3,0-1,4.0,0
South Africa vs Canada,2026-06-28T19:00:00Z,2026-06-28T10:00:00+00:00,screenshot-south-africa-canada-20260628-cap90,4-0,0-1,0.0,0
South Africa vs Canada,2026-06-28T19:00:00Z,2026-06-28T10:00:00+00:00,screenshot-south-africa-canada-20260628-cap90,0-4,0-1,3.0,0
South Africa vs Canada,2026-06-28T19:00:00Z,2026-06-28T10:00:00+00:00,screenshot-south-africa-canada-20260628-cap90,4-1,0-1,0.0,0
South Africa vs Canada,2026-06-28T19:00:00Z,2026-06-28T10:00:00+00:00,screenshot-south-africa-canada-20260628-cap90,1-4,0-1,4.0,0
South Africa vs Canada,2026-06-28T19:00:00Z,2026-06-28T10:00:00+00:00,screenshot-south-africa-canada-20260628-cap90,4-2,0-1,0.0,0
South Africa vs Canada,2026-06-28T19:00:00Z,2026-06-28T10:00:00+00:00,screenshot-south-africa-canada-20260628-cap90,2-4,0-1,3.0,0
South Africa vs Canada,2026-06-28T19:00:00Z,2026-06-28T10:00:00+00:00,screenshot-south-africa-canada-20260628-cap90,4-3,0-1,0.0,0
South Africa vs Canada,2026-06-28T19:00:00Z,2026-06-28T10:00:00+00:00,screenshot-south-africa-canada-20260628-cap90,3-4,0-1,0.0,0
South Africa vs Canada,2026-06-28T19:00:00Z,2026-06-28T10:00:00+00:00,screenshot-south-africa-canada-20260628-cap90,5-0,0-1,0.0,0
South Africa vs Canada,2026-06-28T19:00:00Z,2026-06-28T10:00:00+00:00,screenshot-south-africa-canada-20260628-cap90,0-5,0-1,2.0,0
South Africa vs Canada,2026-06-28T19:00:00Z,2026-06-28T10:00:00+00:00,screenshot-south-africa-canada-20260628-cap90,5-1,0-1,0.0,0
South Africa vs Canada,2026-06-28T19:00:00Z,2026-06-28T10:00:00+00:00,screenshot-south-africa-canada-20260628-cap90,1-5,0-1,3.0,0
South Africa vs Canada,2026-06-28T19:00:00Z,2026-06-28T10:00:00+00:00,screenshot-south-africa-canada-20260628-cap90,5-2,0-1,0.0,0
South Africa vs Canada,2026-06-28T19:00:00Z,2026-06-28T10:00:00+00:00,screenshot-south-africa-canada-20260628-cap90,2-5,0-1,3.0,0
South Africa vs Canada,2026-06-28T19:00:00Z,2026-06-28T10:00:00+00:00,screenshot-south-africa-canada-20260628-cap90,5-3,0-1,0.0,0
South Africa vs Canada,2026-06-28T19:00:00Z,2026-06-28T10:00:00+00:00,screenshot-south-africa-canada-20260628-cap90,3-5,0-1,1.0,0
South Africa vs Canada,2026-06-28T19:00:00Z,2026-06-28T10:00:00+00:00,screenshot-south-africa-canada-20260628-cap90,5-4,0-1,0.0,0
South Africa vs Canada,2026-06-28T19:00:00Z,2026-06-28T10:00:00+00:00,screenshot-south-africa-canada-20260628-cap90,4-5,0-1,1.0,0
Brazil vs Japan,2026-06-29T17:00:00Z,2026-06-29T11:30:25+00:00,screenshot-brazil-japan-20260629-update,1-0,2-1,5.0,0
Brazil vs Japan,2026-06-29T17:00:00Z,2026-06-29T11:30:25+00:00,screenshot-brazil-japan-20260629-update,0-0,2-1,1.0,0
Brazil vs Japan,2026-06-29T17:00:00Z,2026-06-29T11:30:25+00:00,screenshot-brazil-japan-20260629-update,0-1,2-1,3.0,0
Brazil vs Japan,2026-06-29T17:00:00Z,2026-06-29T11:30:25+00:00,screenshot-brazil-japan-20260629-update,2-0,2-1,7.0,0
Brazil vs Japan,2026-06-29T17:00:00Z,2026-06-29T11:30:25+00:00,screenshot-brazil-japan-20260629-update,1-1,2-1,6.0,0
Brazil vs Japan,2026-06-29T17:00:00Z,2026-06-29T11:30:25+00:00,screenshot-brazil-japan-20260629-update,0-2,2-1,1.0,0
Brazil vs Japan,2026-06-29T17:00:00Z,2026-06-29T11:30:25+00:00,screenshot-brazil-japan-20260629-update,2-1,2-1,17.0,1
Brazil vs Japan,2026-06-29T17:00:00Z,2026-06-29T11:30:25+00:00,screenshot-brazil-japan-20260629-update,2-2,2-1,7.0,0
Brazil vs Japan,2026-06-29T17:00:00Z,2026-06-29T11:30:25+00:00,screenshot-brazil-japan-20260629-update,1-2,2-1,5.0,0
Brazil vs Japan,2026-06-29T17:00:00Z,2026-06-29T11:30:25+00:00,screenshot-brazil-japan-20260629-update,3-0,2-1,3.0,0
Brazil vs Japan,2026-06-29T17:00:00Z,2026-06-29T11:30:25+00:00,screenshot-brazil-japan-20260629-update,3-3,2-1,2.0,0
Brazil vs Japan,2026-06-29T17:00:00Z,2026-06-29T11:30:25+00:00,screenshot-brazil-japan-20260629-update,0-3,2-1,0.0,0
Brazil vs Japan,2026-06-29T17:00:00Z,2026-06-29T11:30:25+00:00,screenshot-brazil-japan-20260629-update,3-1,2-1,8.0,0
Brazil vs Japan,2026-06-29T17:00:00Z,2026-06-29T11:30:25+00:00,screenshot-brazil-japan-20260629-update,4-4,2-1,1.0,0
Brazil vs Japan,2026-06-29T17:00:00Z,2026-06-29T11:30:25+00:00,screenshot-brazil-japan-20260629-update,1-3,2-1,3.0,0
Brazil vs Japan,2026-06-29T17:00:00Z,2026-06-29T11:30:25+00:00,screenshot-brazil-japan-20260629-update,3-2,2-1,5.0,0
Brazil vs Japan,2026-06-29T17:00:00Z,2026-06-29T11:30:25+00:00,screenshot-brazil-japan-20260629-update,2-3,2-1,5.0,0
Brazil vs Japan,2026-06-29T17:00:00Z,2026-06-29T11:30:25+00:00,screenshot-brazil-japan-20260629-update,4-0,2-1,0.0,0
Brazil vs Japan,2026-06-29T17:00:00Z,2026-06-29T11:30:25+00:00,screenshot-brazil-japan-20260629-update,0-4,2-1,0.0,0
Brazil vs Japan,2026-06-29T17:00:00Z,2026-06-29T11:30:25+00:00,screenshot-brazil-japan-20260629-update,4-1,2-1,2.0,0
Brazil vs Japan,2026-06-29T17:00:00Z,2026-06-29T11:30:25+00:00,screenshot-brazil-japan-20260629-update,1-4,2-1,2.0,0
Brazil vs Japan,2026-06-29T17:00:00Z,2026-06-29T11:30:25+00:00,screenshot-brazil-japan-20260629-update,4-2,2-1,4.0,0
Brazil vs Japan,2026-06-29T17:00:00Z,2026-06-29T11:30:25+00:00,screenshot-brazil-japan-20260629-update,2-4,2-1,0.0,0
Brazil vs Japan,2026-06-29T17:00:00Z,2026-06-29T11:30:25+00:00,screenshot-brazil-japan-20260629-update,4-3,2-1,1.0,0
Brazil vs Japan,2026-06-29T17:00:00Z,2026-06-29T11:30:25+00:00,screenshot-brazil-japan-20260629-update,3-4,2-1,0.0,0
Brazil vs Japan,2026-06-29T17:00:00Z,2026-06-29T11:30:25+00:00,screenshot-brazil-japan-20260629-update,5-0,2-1,0.0,0
Brazil vs Japan,2026-06-29T17:00:00Z,2026-06-29T11:30:25+00:00,screenshot-brazil-japan-20260629-update,0-5,2-1,2.0,0
Brazil vs Japan,2026-06-29T17:00:00Z,2026-06-29T11:30:25+00:00,screenshot-brazil-japan-20260629-update,5-1,2-1,1.0,0
Brazil vs Japan,2026-06-29T17:00:00Z,2026-06-29T11:30:25+00:00,screenshot-brazil-japan-20260629-update,1-5,2-1,1.0,0
Brazil vs Japan,2026-06-29T17:00:00Z,2026-06-29T11:30:25+00:00,screenshot-brazil-japan-20260629-update,5-2,2-1,1.0,0
Brazil vs Japan,2026-06-29T17:00:00Z,2026-06-29T11:30:25+00:00,screenshot-brazil-japan-20260629-update,2-5,2-1,2.0,0
Brazil vs Japan,2026-06-29T17:00:00Z,2026-06-29T11:30:25+00:00,screenshot-brazil-japan-20260629-update,5-3,2-1,0.0,0
Brazil vs Japan,2026-06-29T17:00:00Z,2026-06-29T11:30:25+00:00,screenshot-brazil-japan-20260629-update,3-5,2-1,2.0,0
Brazil vs Japan,2026-06-29T17:00:00Z,2026-06-29T11:30:25+00:00,screenshot-brazil-japan-20260629-update,5-4,2-1,1.0,0
Brazil vs Japan,2026-06-29T17:00:00Z,2026-06-29T11:30:25+00:00,screenshot-brazil-japan-20260629-update,4-5,2-1,1.0,0
Germany vs Paraguay,2026-06-29T20:30:00Z,2026-06-29T11:14:18+00:00,screenshot-germany-paraguay-20260629,1-0,1-1,6.0,0
Germany vs Paraguay,2026-06-29T20:30:00Z,2026-06-29T11:14:18+00:00,screenshot-germany-paraguay-20260629,0-0,1-1,1.0,0
Germany vs Paraguay,2026-06-29T20:30:00Z,2026-06-29T11:14:18+00:00,screenshot-germany-paraguay-20260629,0-1,1-1,1.0,0
Germany vs Paraguay,2026-06-29T20:30:00Z,2026-06-29T11:14:18+00:00,screenshot-germany-paraguay-20260629,2-0,1-1,12.0,0
Germany vs Paraguay,2026-06-29T20:30:00Z,2026-06-29T11:14:18+00:00,screenshot-germany-paraguay-20260629,1-1,1-1,4.0,1
Germany vs Paraguay,2026-06-29T20:30:00Z,2026-06-29T11:14:18+00:00,screenshot-germany-paraguay-20260629,0-2,1-1,0.0,0
Germany vs Paraguay,2026-06-29T20:30:00Z,2026-06-29T11:14:18+00:00,screenshot-germany-paraguay-20260629,2-1,1-1,8.0,0
Germany vs Paraguay,2026-06-29T20:30:00Z,2026-06-29T11:14:18+00:00,screenshot-germany-paraguay-20260629,2-2,1-1,3.0,0
Germany vs Paraguay,2026-06-29T20:30:00Z,2026-06-29T11:14:18+00:00,screenshot-germany-paraguay-20260629,1-2,1-1,0.0,0
Germany vs Paraguay,2026-06-29T20:30:00Z,2026-06-29T11:14:18+00:00,screenshot-germany-paraguay-20260629,3-0,1-1,9.0,0
Germany vs Paraguay,2026-06-29T20:30:00Z,2026-06-29T11:14:18+00:00,screenshot-germany-paraguay-20260629,3-3,1-1,1.0,0
Germany vs Paraguay,2026-06-29T20:30:00Z,2026-06-29T11:14:18+00:00,screenshot-germany-paraguay-20260629,0-3,1-1,0.0,0
Germany vs Paraguay,2026-06-29T20:30:00Z,2026-06-29T11:14:18+00:00,screenshot-germany-paraguay-20260629,3-1,1-1,9.0,0
Germany vs Paraguay,2026-06-29T20:30:00Z,2026-06-29T11:14:18+00:00,screenshot-germany-paraguay-20260629,4-4,1-1,2.0,0
Germany vs Paraguay,2026-06-29T20:30:00Z,2026-06-29T11:14:18+00:00,screenshot-germany-paraguay-20260629,1-3,1-1,0.0,0
Germany vs Paraguay,2026-06-29T20:30:00Z,2026-06-29T11:14:18+00:00,screenshot-germany-paraguay-20260629,3-2,1-1,2.0,0
Germany vs Paraguay,2026-06-29T20:30:00Z,2026-06-29T11:14:18+00:00,screenshot-germany-paraguay-20260629,2-3,1-1,0.0,0
Germany vs Paraguay,2026-06-29T20:30:00Z,2026-06-29T11:14:18+00:00,screenshot-germany-paraguay-20260629,4-0,1-1,5.0,0
Germany vs Paraguay,2026-06-29T20:30:00Z,2026-06-29T11:14:18+00:00,screenshot-germany-paraguay-20260629,0-4,1-1,1.0,0
Germany vs Paraguay,2026-06-29T20:30:00Z,2026-06-29T11:14:18+00:00,screenshot-germany-paraguay-20260629,4-1,1-1,5.0,0
Germany vs Paraguay,2026-06-29T20:30:00Z,2026-06-29T11:14:18+00:00,screenshot-germany-paraguay-20260629,1-4,1-1,1.0,0
Germany vs Paraguay,2026-06-29T20:30:00Z,2026-06-29T11:14:18+00:00,screenshot-germany-paraguay-20260629,4-2,1-1,4.0,0
Germany vs Paraguay,2026-06-29T20:30:00Z,2026-06-29T11:14:18+00:00,screenshot-germany-paraguay-20260629,2-4,1-1,0.0,0
Germany vs Paraguay,2026-06-29T20:30:00Z,2026-06-29T11:14:18+00:00,screenshot-germany-paraguay-20260629,4-3,1-1,2.0,0
Germany vs Paraguay,2026-06-29T20:30:00Z,2026-06-29T11:14:18+00:00,screenshot-germany-paraguay-20260629,3-4,1-1,0.0,0
Germany vs Paraguay,2026-06-29T20:30:00Z,2026-06-29T11:14:18+00:00,screenshot-germany-paraguay-20260629,5-0,1-1,4.0,0
Germany vs Paraguay,2026-06-29T20:30:00Z,2026-06-29T11:14:18+00:00,screenshot-germany-paraguay-20260629,0-5,1-1,1.0,0
Germany vs Paraguay,2026-06-29T20:30:00Z,2026-06-29T11:14:18+00:00,screenshot-germany-paraguay-20260629,5-1,1-1,4.0,0
Germany vs Paraguay,2026-06-29T20:30:00Z,2026-06-29T11:14:18+00:00,screenshot-germany-paraguay-20260629,1-5,1-1,1.0,0
Germany vs Paraguay,2026-06-29T20:30:00Z,2026-06-29T11:14:18+00:00,screenshot-germany-paraguay-20260629,5-2,1-1,6.0,0
Germany vs Paraguay,2026-06-29T20:30:00Z,2026-06-29T11:14:18+00:00,screenshot-germany-paraguay-20260629,2-5,1-1,0.0,0
Germany vs Paraguay,2026-06-29T20:30:00Z,2026-06-29T11:14:18+00:00,screenshot-germany-paraguay-20260629,5-3,1-1,2.0,0
Germany vs Paraguay,2026-06-29T20:30:00Z,2026-06-29T11:14:18+00:00,screenshot-germany-paraguay-20260629,3-5,1-1,0.0,0
Germany vs Paraguay,2026-06-29T20:30:00Z,2026-06-29T11:14:18+00:00,screenshot-germany-paraguay-20260629,5-4,1-1,2.0,0
Germany vs Paraguay,2026-06-29T20:30:00Z,2026-06-29T11:14:18+00:00,screenshot-germany-paraguay-20260629,4-5,1-1,1.0,0
Germany vs Paraguay,2026-06-29T20:30:00Z,2026-06-29T11:14:18+00:00,screenshot-germany-paraguay-20260629,1-0,1-1,6.0,0
Germany vs Paraguay,2026-06-29T20:30:00Z,2026-06-29T11:14:18+00:00,screenshot-germany-paraguay-20260629,0-0,1-1,1.0,0
Germany vs Paraguay,2026-06-29T20:30:00Z,2026-06-29T11:14:18+00:00,screenshot-germany-paraguay-20260629,0-1,1-1,1.0,0
Germany vs Paraguay,2026-06-29T20:30:00Z,2026-06-29T11:14:18+00:00,screenshot-germany-paraguay-20260629,2-0,1-1,12.0,0
Germany vs Paraguay,2026-06-29T20:30:00Z,2026-06-29T11:14:18+00:00,screenshot-germany-paraguay-20260629,1-1,1-1,4.0,1
Germany vs Paraguay,2026-06-29T20:30:00Z,2026-06-29T11:14:18+00:00,screenshot-germany-paraguay-20260629,0-2,1-1,0.0,0
Germany vs Paraguay,2026-06-29T20:30:00Z,2026-06-29T11:14:18+00:00,screenshot-germany-paraguay-20260629,2-1,1-1,8.0,0
Germany vs Paraguay,2026-06-29T20:30:00Z,2026-06-29T11:14:18+00:00,screenshot-germany-paraguay-20260629,2-2,1-1,3.0,0
Germany vs Paraguay,2026-06-29T20:30:00Z,2026-06-29T11:14:18+00:00,screenshot-germany-paraguay-20260629,1-2,1-1,0.0,0
Germany vs Paraguay,2026-06-29T20:30:00Z,2026-06-29T11:14:18+00:00,screenshot-germany-paraguay-20260629,3-0,1-1,9.0,0
Germany vs Paraguay,2026-06-29T20:30:00Z,2026-06-29T11:14:18+00:00,screenshot-germany-paraguay-20260629,3-3,1-1,1.0,0
Germany vs Paraguay,2026-06-29T20:30:00Z,2026-06-29T11:14:18+00:00,screenshot-germany-paraguay-20260629,0-3,1-1,0.0,0
Germany vs Paraguay,2026-06-29T20:30:00Z,2026-06-29T11:14:18+00:00,screenshot-germany-paraguay-20260629,3-1,1-1,9.0,0
Germany vs Paraguay,2026-06-29T20:30:00Z,2026-06-29T11:14:18+00:00,screenshot-germany-paraguay-20260629,4-4,1-1,2.0,0
Germany vs Paraguay,2026-06-29T20:30:00Z,2026-06-29T11:14:18+00:00,screenshot-germany-paraguay-20260629,1-3,1-1,0.0,0
Germany vs Paraguay,2026-06-29T20:30:00Z,2026-06-29T11:14:18+00:00,screenshot-germany-paraguay-20260629,3-2,1-1,2.0,0
Germany vs Paraguay,2026-06-29T20:30:00Z,2026-06-29T11:14:18+00:00,screenshot-germany-paraguay-20260629,2-3,1-1,0.0,0
Germany vs Paraguay,2026-06-29T20:30:00Z,2026-06-29T11:14:18+00:00,screenshot-germany-paraguay-20260629,4-0,1-1,5.0,0
Germany vs Paraguay,2026-06-29T20:30:00Z,2026-06-29T11:14:18+00:00,screenshot-germany-paraguay-20260629,0-4,1-1,1.0,0
Germany vs Paraguay,2026-06-29T20:30:00Z,2026-06-29T11:14:18+00:00,screenshot-germany-paraguay-20260629,4-1,1-1,5.0,0
Germany vs Paraguay,2026-06-29T20:30:00Z,2026-06-29T11:14:18+00:00,screenshot-germany-paraguay-20260629,1-4,1-1,1.0,0
Germany vs Paraguay,2026-06-29T20:30:00Z,2026-06-29T11:14:18+00:00,screenshot-germany-paraguay-20260629,4-2,1-1,4.0,0
Germany vs Paraguay,2026-06-29T20:30:00Z,2026-06-29T11:14:18+00:00,screenshot-germany-paraguay-20260629,2-4,1-1,0.0,0
Germany vs Paraguay,2026-06-29T20:30:00Z,2026-06-29T11:14:18+00:00,screenshot-germany-paraguay-20260629,4-3,1-1,2.0,0
Germany vs Paraguay,2026-06-29T20:30:00Z,2026-06-29T11:14:18+00:00,screenshot-germany-paraguay-20260629,3-4,1-1,0.0,0
Germany vs Paraguay,2026-06-29T20:30:00Z,2026-06-29T11:14:18+00:00,screenshot-germany-paraguay-20260629,5-0,1-1,4.0,0
Germany vs Paraguay,2026-06-29T20:30:00Z,2026-06-29T11:14:18+00:00,screenshot-germany-paraguay-20260629,0-5,1-1,1.0,0
Germany vs Paraguay,2026-06-29T20:30:00Z,2026-06-29T11:14:18+00:00,screenshot-germany-paraguay-20260629,5-1,1-1,4.0,0
Germany vs Paraguay,2026-06-29T20:30:00Z,2026-06-29T11:14:18+00:00,screenshot-germany-paraguay-20260629,1-5,1-1,1.0,0
Germany vs Paraguay,2026-06-29T20:30:00Z,2026-06-29T11:14:18+00:00,screenshot-germany-paraguay-20260629,5-2,1-1,6.0,0
Germany vs Paraguay,2026-06-29T20:30:00Z,2026-06-29T11:14:18+00:00,screenshot-germany-paraguay-20260629,2-5,1-1,0.0,0
Germany vs Paraguay,2026-06-29T20:30:00Z,2026-06-29T11:14:18+00:00,screenshot-germany-paraguay-20260629,5-3,1-1,2.0,0
Germany vs Paraguay,2026-06-29T20:30:00Z,2026-06-29T11:14:18+00:00,screenshot-germany-paraguay-20260629,3-5,1-1,0.0,0
Germany vs Paraguay,2026-06-29T20:30:00Z,2026-06-29T11:14:18+00:00,screenshot-germany-paraguay-20260629,5-4,1-1,2.0,0
Germany vs Paraguay,2026-06-29T20:30:00Z,2026-06-29T11:14:18+00:00,screenshot-germany-paraguay-20260629,4-5,1-1,1.0,0
Netherlands vs Morocco,2026-06-30T00:59:00Z,2026-06-29T11:12:53+00:00,screenshot-netherlands-morocco-20260629,1-0,1-1,5.0,0
Netherlands vs Morocco,2026-06-30T00:59:00Z,2026-06-29T11:12:53+00:00,screenshot-netherlands-morocco-20260629,0-0,1-1,1.0,0
Netherlands vs Morocco,2026-06-30T00:59:00Z,2026-06-29T11:12:53+00:00,screenshot-netherlands-morocco-20260629,0-1,1-1,7.0,0
Netherlands vs Morocco,2026-06-30T00:59:00Z,2026-06-29T11:12:53+00:00,screenshot-netherlands-morocco-20260629,2-0,1-1,5.0,0
Netherlands vs Morocco,2026-06-30T00:59:00Z,2026-06-29T11:12:53+00:00,screenshot-netherlands-morocco-20260629,1-1,1-1,10.0,1
Netherlands vs Morocco,2026-06-30T00:59:00Z,2026-06-29T11:12:53+00:00,screenshot-netherlands-morocco-20260629,0-2,1-1,3.0,0
Netherlands vs Morocco,2026-06-30T00:59:00Z,2026-06-29T11:12:53+00:00,screenshot-netherlands-morocco-20260629,2-1,1-1,10.0,0
Netherlands vs Morocco,2026-06-30T00:59:00Z,2026-06-29T11:12:53+00:00,screenshot-netherlands-morocco-20260629,2-2,1-1,8.0,0
Netherlands vs Morocco,2026-06-30T00:59:00Z,2026-06-29T11:12:53+00:00,screenshot-netherlands-morocco-20260629,1-2,1-1,7.0,0
Netherlands vs Morocco,2026-06-30T00:59:00Z,2026-06-29T11:12:53+00:00,screenshot-netherlands-morocco-20260629,3-0,1-1,1.0,0
Netherlands vs Morocco,2026-06-30T00:59:00Z,2026-06-29T11:12:53+00:00,screenshot-netherlands-morocco-20260629,3-3,1-1,3.0,0
Netherlands vs Morocco,2026-06-30T00:59:00Z,2026-06-29T11:12:53+00:00,screenshot-netherlands-morocco-20260629,0-3,1-1,0.0,0
Netherlands vs Morocco,2026-06-30T00:59:00Z,2026-06-29T11:12:53+00:00,screenshot-netherlands-morocco-20260629,3-1,1-1,3.0,0
Netherlands vs Morocco,2026-06-30T00:59:00Z,2026-06-29T11:12:53+00:00,screenshot-netherlands-morocco-20260629,4-4,1-1,1.0,0
Netherlands vs Morocco,2026-06-30T00:59:00Z,2026-06-29T11:12:53+00:00,screenshot-netherlands-morocco-20260629,1-3,1-1,3.0,0
Netherlands vs Morocco,2026-06-30T00:59:00Z,2026-06-29T11:12:53+00:00,screenshot-netherlands-morocco-20260629,3-2,1-1,4.0,0
Netherlands vs Morocco,2026-06-30T00:59:00Z,2026-06-29T11:12:53+00:00,screenshot-netherlands-morocco-20260629,2-3,1-1,5.0,0
Netherlands vs Morocco,2026-06-30T00:59:00Z,2026-06-29T11:12:53+00:00,screenshot-netherlands-morocco-20260629,4-0,1-1,1.0,0
Netherlands vs Morocco,2026-06-30T00:59:00Z,2026-06-29T11:12:53+00:00,screenshot-netherlands-morocco-20260629,0-4,1-1,0.0,0
Netherlands vs Morocco,2026-06-30T00:59:00Z,2026-06-29T11:12:53+00:00,screenshot-netherlands-morocco-20260629,4-1,1-1,4.0,0
Netherlands vs Morocco,2026-06-30T00:59:00Z,2026-06-29T11:12:53+00:00,screenshot-netherlands-morocco-20260629,1-4,1-1,4.0,0
Netherlands vs Morocco,2026-06-30T00:59:00Z,2026-06-29T11:12:53+00:00,screenshot-netherlands-morocco-20260629,4-2,1-1,4.0,0
Netherlands vs Morocco,2026-06-30T00:59:00Z,2026-06-29T11:12:53+00:00,screenshot-netherlands-morocco-20260629,2-4,1-1,3.0,0
Netherlands vs Morocco,2026-06-30T00:59:00Z,2026-06-29T11:12:53+00:00,screenshot-netherlands-morocco-20260629,4-3,1-1,0.0,0
Netherlands vs Morocco,2026-06-30T00:59:00Z,2026-06-29T11:12:53+00:00,screenshot-netherlands-morocco-20260629,3-4,1-1,0.0,0
Netherlands vs Morocco,2026-06-30T00:59:00Z,2026-06-29T11:12:53+00:00,screenshot-netherlands-morocco-20260629,5-0,1-1,0.0,0
Netherlands vs Morocco,2026-06-30T00:59:00Z,2026-06-29T11:12:53+00:00,screenshot-netherlands-morocco-20260629,0-5,1-1,0.0,0
Netherlands vs Morocco,2026-06-30T00:59:00Z,2026-06-29T11:12:53+00:00,screenshot-netherlands-morocco-20260629,5-1,1-1,2.0,0
Netherlands vs Morocco,2026-06-30T00:59:00Z,2026-06-29T11:12:53+00:00,screenshot-netherlands-morocco-20260629,1-5,1-1,0.0,0
Netherlands vs Morocco,2026-06-30T00:59:00Z,2026-06-29T11:12:53+00:00,screenshot-netherlands-morocco-20260629,5-2,1-1,2.0,0
Netherlands vs Morocco,2026-06-30T00:59:00Z,2026-06-29T11:12:53+00:00,screenshot-netherlands-morocco-20260629,2-5,1-1,2.0,0
Netherlands vs Morocco,2026-06-30T00:59:00Z,2026-06-29T11:12:53+00:00,screenshot-netherlands-morocco-20260629,5-3,1-1,0.0,0
Netherlands vs Morocco,2026-06-30T00:59:00Z,2026-06-29T11:12:53+00:00,screenshot-netherlands-morocco-20260629,3-5,1-1,0.0,0
Netherlands vs Morocco,2026-06-30T00:59:00Z,2026-06-29T11:12:53+00:00,screenshot-netherlands-morocco-20260629,5-4,1-1,0.0,0
Netherlands vs Morocco,2026-06-30T00:59:00Z,2026-06-29T11:12:53+00:00,screenshot-netherlands-morocco-20260629,4-5,1-1,1.0,0
Ivory Coast vs Norway,2026-06-30T17:00:00Z,2026-06-30T12:45:44+00:00,screenshot-ivory-coast-norway-20260630,1-0,1-2,4.0,0
Ivory Coast vs Norway,2026-06-30T17:00:00Z,2026-06-30T12:45:44+00:00,screenshot-ivory-coast-norway-20260630,0-0,1-2,4.0,0
Ivory Coast vs Norway,2026-06-30T17:00:00Z,2026-06-30T12:45:44+00:00,screenshot-ivory-coast-norway-20260630,0-1,1-2,7.0,0
Ivory Coast vs Norway,2026-06-30T17:00:00Z,2026-06-30T12:45:44+00:00,screenshot-ivory-coast-norway-20260630,2-0,1-2,1.0,0
Ivory Coast vs Norway,2026-06-30T17:00:00Z,2026-06-30T12:45:44+00:00,screenshot-ivory-coast-norway-20260630,1-1,1-2,10.0,0
Ivory Coast vs Norway,2026-06-30T17:00:00Z,2026-06-30T12:45:44+00:00,screenshot-ivory-coast-norway-20260630,0-2,1-2,5.0,0
Ivory Coast vs Norway,2026-06-30T17:00:00Z,2026-06-30T12:45:44+00:00,screenshot-ivory-coast-norway-20260630,2-1,1-2,8.0,0
Ivory Coast vs Norway,2026-06-30T17:00:00Z,2026-06-30T12:45:44+00:00,screenshot-ivory-coast-norway-20260630,2-2,1-2,7.0,0
Ivory Coast vs Norway,2026-06-30T17:00:00Z,2026-06-30T12:45:44+00:00,screenshot-ivory-coast-norway-20260630,1-2,1-2,21.0,1
Ivory Coast vs Norway,2026-06-30T17:00:00Z,2026-06-30T12:45:44+00:00,screenshot-ivory-coast-norway-20260630,3-0,1-2,1.0,0
Ivory Coast vs Norway,2026-06-30T17:00:00Z,2026-06-30T12:45:44+00:00,screenshot-ivory-coast-norway-20260630,3-3,1-2,1.0,0
Ivory Coast vs Norway,2026-06-30T17:00:00Z,2026-06-30T12:45:44+00:00,screenshot-ivory-coast-norway-20260630,0-3,1-2,5.0,0
Ivory Coast vs Norway,2026-06-30T17:00:00Z,2026-06-30T12:45:44+00:00,screenshot-ivory-coast-norway-20260630,3-1,1-2,1.0,0
Ivory Coast vs Norway,2026-06-30T17:00:00Z,2026-06-30T12:45:44+00:00,screenshot-ivory-coast-norway-20260630,4-4,1-2,1.0,0
Ivory Coast vs Norway,2026-06-30T17:00:00Z,2026-06-30T12:45:44+00:00,screenshot-ivory-coast-norway-20260630,1-3,1-2,7.0,0
Ivory Coast vs Norway,2026-06-30T17:00:00Z,2026-06-30T12:45:44+00:00,screenshot-ivory-coast-norway-20260630,3-2,1-2,1.0,0
Ivory Coast vs Norway,2026-06-30T17:00:00Z,2026-06-30T12:45:44+00:00,screenshot-ivory-coast-norway-20260630,2-3,1-2,6.0,0
Ivory Coast vs Norway,2026-06-30T17:00:00Z,2026-06-30T12:45:44+00:00,screenshot-ivory-coast-norway-20260630,4-0,1-2,0.0,0
Ivory Coast vs Norway,2026-06-30T17:00:00Z,2026-06-30T12:45:44+00:00,screenshot-ivory-coast-norway-20260630,0-4,1-2,2.0,0
Ivory Coast vs Norway,2026-06-30T17:00:00Z,2026-06-30T12:45:44+00:00,screenshot-ivory-coast-norway-20260630,4-1,1-2,0.0,0
Ivory Coast vs Norway,2026-06-30T17:00:00Z,2026-06-30T12:45:44+00:00,screenshot-ivory-coast-norway-20260630,1-4,1-2,3.0,0
Ivory Coast vs Norway,2026-06-30T17:00:00Z,2026-06-30T12:45:44+00:00,screenshot-ivory-coast-norway-20260630,4-2,1-2,0.0,0
Ivory Coast vs Norway,2026-06-30T17:00:00Z,2026-06-30T12:45:44+00:00,screenshot-ivory-coast-norway-20260630,2-4,1-2,2.0,0
Ivory Coast vs Norway,2026-06-30T17:00:00Z,2026-06-30T12:45:44+00:00,screenshot-ivory-coast-norway-20260630,4-3,1-2,0.0,0
Ivory Coast vs Norway,2026-06-30T17:00:00Z,2026-06-30T12:45:44+00:00,screenshot-ivory-coast-norway-20260630,3-4,1-2,1.0,0
Ivory Coast vs Norway,2026-06-30T17:00:00Z,2026-06-30T12:45:44+00:00,screenshot-ivory-coast-norway-20260630,5-0,1-2,0.0,0
Ivory Coast vs Norway,2026-06-30T17:00:00Z,2026-06-30T12:45:44+00:00,screenshot-ivory-coast-norway-20260630,0-5,1-2,0.0,0
Ivory Coast vs Norway,2026-06-30T17:00:00Z,2026-06-30T12:45:44+00:00,screenshot-ivory-coast-norway-20260630,5-1,1-2,0.0,0
Ivory Coast vs Norway,2026-06-30T17:00:00Z,2026-06-30T12:45:44+00:00,screenshot-ivory-coast-norway-20260630,1-5,1-2,0.0,0
Ivory Coast vs Norway,2026-06-30T17:00:00Z,2026-06-30T12:45:44+00:00,screenshot-ivory-coast-norway-20260630,5-2,1-2,0.0,0
Ivory Coast vs Norway,2026-06-30T17:00:00Z,2026-06-30T12:45:44+00:00,screenshot-ivory-coast-norway-20260630,2-5,1-2,0.0,0
Ivory Coast vs Norway,2026-06-30T17:00:00Z,2026-06-30T12:45:44+00:00,screenshot-ivory-coast-norway-20260630,5-3,1-2,0.0,0
Ivory Coast vs Norway,2026-06-30T17:00:00Z,2026-06-30T12:45:44+00:00,screenshot-ivory-coast-norway-20260630,3-5,1-2,0.0,0
Ivory Coast vs Norway,2026-06-30T17:00:00Z,2026-06-30T12:45:44+00:00,screenshot-ivory-coast-norway-20260630,5-4,1-2,0.0,0
Ivory Coast vs Norway,2026-06-30T17:00:00Z,2026-06-30T12:45:44+00:00,screenshot-ivory-coast-norway-20260630,4-5,1-2,1.0,0
France vs Sweden,2026-06-30T21:00:00Z,2026-06-30T12:47:32+00:00,screenshot-france-sweden-20260630,1-0,3-0,3.0,0
France vs Sweden,2026-06-30T21:00:00Z,2026-06-30T12:47:32+00:00,screenshot-france-sweden-20260630,0-0,3-0,1.0,0
France vs Sweden,2026-06-30T21:00:00Z,2026-06-30T12:47:32+00:00,screenshot-france-sweden-20260630,0-1,3-0,1.0,0
France vs Sweden,2026-06-30T21:00:00Z,2026-06-30T12:47:32+00:00,screenshot-france-sweden-20260630,2-0,3-0,8.0,0
France vs Sweden,2026-06-30T21:00:00Z,2026-06-30T12:47:32+00:00,screenshot-france-sweden-20260630,1-1,3-0,1.0,0
France vs Sweden,2026-06-30T21:00:00Z,2026-06-30T12:47:32+00:00,screenshot-france-sweden-20260630,0-2,3-0,0.0,0
France vs Sweden,2026-06-30T21:00:00Z,2026-06-30T12:47:32+00:00,screenshot-france-sweden-20260630,2-1,3-0,11.0,0
France vs Sweden,2026-06-30T21:00:00Z,2026-06-30T12:47:32+00:00,screenshot-france-sweden-20260630,2-2,3-0,1.0,0
France vs Sweden,2026-06-30T21:00:00Z,2026-06-30T12:47:32+00:00,screenshot-france-sweden-20260630,1-2,3-0,0.0,0
France vs Sweden,2026-06-30T21:00:00Z,2026-06-30T12:47:32+00:00,screenshot-france-sweden-20260630,3-0,3-0,10.0,1
France vs Sweden,2026-06-30T21:00:00Z,2026-06-30T12:47:32+00:00,screenshot-france-sweden-20260630,3-3,3-0,0.0,0
France vs Sweden,2026-06-30T21:00:00Z,2026-06-30T12:47:32+00:00,screenshot-france-sweden-20260630,0-3,3-0,0.0,0
France vs Sweden,2026-06-30T21:00:00Z,2026-06-30T12:47:32+00:00,screenshot-france-sweden-20260630,3-1,3-0,32.0,0
France vs Sweden,2026-06-30T21:00:00Z,2026-06-30T12:47:32+00:00,screenshot-france-sweden-20260630,4-4,3-0,0.0,0
France vs Sweden,2026-06-30T21:00:00Z,2026-06-30T12:47:32+00:00,screenshot-france-sweden-20260630,1-3,3-0,0.0,0
France vs Sweden,2026-06-30T21:00:00Z,2026-06-30T12:47:32+00:00,screenshot-france-sweden-20260630,3-2,3-0,7.0,0
France vs Sweden,2026-06-30T21:00:00Z,2026-06-30T12:47:32+00:00,screenshot-france-sweden-20260630,2-3,3-0,0.0,0
France vs Sweden,2026-06-30T21:00:00Z,2026-06-30T12:47:32+00:00,screenshot-france-sweden-20260630,4-0,3-0,6.0,0
France vs Sweden,2026-06-30T21:00:00Z,2026-06-30T12:47:32+00:00,screenshot-france-sweden-20260630,0-4,3-0,0.0,0
France vs Sweden,2026-06-30T21:00:00Z,2026-06-30T12:47:32+00:00,screenshot-france-sweden-20260630,4-1,3-0,12.0,0
France vs Sweden,2026-06-30T21:00:00Z,2026-06-30T12:47:32+00:00,screenshot-france-sweden-20260630,1-4,3-0,0.0,0
France vs Sweden,2026-06-30T21:00:00Z,2026-06-30T12:47:32+00:00,screenshot-france-sweden-20260630,4-2,3-0,4.0,0
France vs Sweden,2026-06-30T21:00:00Z,2026-06-30T12:47:32+00:00,screenshot-france-sweden-20260630,2-4,3-0,0.0,0
France vs Sweden,2026-06-30T21:00:00Z,2026-06-30T12:47:32+00:00,screenshot-france-sweden-20260630,4-3,3-0,0.0,0
France vs Sweden,2026-06-30T21:00:00Z,2026-06-30T12:47:32+00:00,screenshot-france-sweden-20260630,3-4,3-0,0.0,0
France vs Sweden,2026-06-30T21:00:00Z,2026-06-30T12:47:32+00:00,screenshot-france-sweden-20260630,5-0,3-0,1.0,0
France vs Sweden,2026-06-30T21:00:00Z,2026-06-30T12:47:32+00:00,screenshot-france-sweden-20260630,0-5,3-0,0.0,0
France vs Sweden,2026-06-30T21:00:00Z,2026-06-30T12:47:32+00:00,screenshot-france-sweden-20260630,5-1,3-0,2.0,0
France vs Sweden,2026-06-30T21:00:00Z,2026-06-30T12:47:32+00:00,screenshot-france-sweden-20260630,1-5,3-0,0.0,0
France vs Sweden,2026-06-30T21:00:00Z,2026-06-30T12:47:32+00:00,screenshot-france-sweden-20260630,5-2,3-0,1.0,0
France vs Sweden,2026-06-30T21:00:00Z,2026-06-30T12:47:32+00:00,screenshot-france-sweden-20260630,2-5,3-0,0.0,0
France vs Sweden,2026-06-30T21:00:00Z,2026-06-30T12:47:32+00:00,screenshot-france-sweden-20260630,5-3,3-0,0.0,0
France vs Sweden,2026-06-30T21:00:00Z,2026-06-30T12:47:32+00:00,screenshot-france-sweden-20260630,3-5,3-0,1.0,0
France vs Sweden,2026-06-30T21:00:00Z,2026-06-30T12:47:32+00:00,screenshot-france-sweden-20260630,5-4,3-0,1.0,0
France vs Sweden,2026-06-30T21:00:00Z,2026-06-30T12:47:32+00:00,screenshot-france-sweden-20260630,4-5,3-0,1.0,0
Mexico vs Ecuador,2026-07-01T02:00:00Z,2026-06-30T12:49:18+00:00,screenshot-mexico-ecuador-20260630,1-0,2-0,16.0,0
Mexico vs Ecuador,2026-07-01T02:00:00Z,2026-06-30T12:49:18+00:00,screenshot-mexico-ecuador-20260630,0-0,2-0,8.0,0
Mexico vs Ecuador,2026-07-01T02:00:00Z,2026-06-30T12:49:18+00:00,screenshot-mexico-ecuador-20260630,0-1,2-0,5.0,0
Mexico vs Ecuador,2026-07-01T02:00:00Z,2026-06-30T12:49:18+00:00,screenshot-mexico-ecuador-20260630,2-0,2-0,8.0,1
Mexico vs Ecuador,2026-07-01T02:00:00Z,2026-06-30T12:49:18+00:00,screenshot-mexico-ecuador-20260630,1-1,2-0,18.0,0
Mexico vs Ecuador,2026-07-01T02:00:00Z,2026-06-30T12:49:18+00:00,screenshot-mexico-ecuador-20260630,0-2,2-0,1.0,0
Mexico vs Ecuador,2026-07-01T02:00:00Z,2026-06-30T12:49:18+00:00,screenshot-mexico-ecuador-20260630,2-1,2-0,20.0,0
Mexico vs Ecuador,2026-07-01T02:00:00Z,2026-06-30T12:49:18+00:00,screenshot-mexico-ecuador-20260630,2-2,2-0,4.0,0
Mexico vs Ecuador,2026-07-01T02:00:00Z,2026-06-30T12:49:18+00:00,screenshot-mexico-ecuador-20260630,1-2,2-0,5.0,0
Mexico vs Ecuador,2026-07-01T02:00:00Z,2026-06-30T12:49:18+00:00,screenshot-mexico-ecuador-20260630,3-0,2-0,2.0,0
Mexico vs Ecuador,2026-07-01T02:00:00Z,2026-06-30T12:49:18+00:00,screenshot-mexico-ecuador-20260630,3-3,2-0,1.0,0
Mexico vs Ecuador,2026-07-01T02:00:00Z,2026-06-30T12:49:18+00:00,screenshot-mexico-ecuador-20260630,0-3,2-0,0.0,0
Mexico vs Ecuador,2026-07-01T02:00:00Z,2026-06-30T12:49:18+00:00,screenshot-mexico-ecuador-20260630,3-1,2-0,4.0,0
Mexico vs Ecuador,2026-07-01T02:00:00Z,2026-06-30T12:49:18+00:00,screenshot-mexico-ecuador-20260630,4-4,2-0,0.0,0
Mexico vs Ecuador,2026-07-01T02:00:00Z,2026-06-30T12:49:18+00:00,screenshot-mexico-ecuador-20260630,1-3,2-0,1.0,0
Mexico vs Ecuador,2026-07-01T02:00:00Z,2026-06-30T12:49:18+00:00,screenshot-mexico-ecuador-20260630,3-2,2-0,2.0,0
Mexico vs Ecuador,2026-07-01T02:00:00Z,2026-06-30T12:49:18+00:00,screenshot-mexico-ecuador-20260630,2-3,2-0,1.0,0
Mexico vs Ecuador,2026-07-01T02:00:00Z,2026-06-30T12:49:18+00:00,screenshot-mexico-ecuador-20260630,4-0,2-0,1.0,0
Mexico vs Ecuador,2026-07-01T02:00:00Z,2026-06-30T12:49:18+00:00,screenshot-mexico-ecuador-20260630,0-4,2-0,0.0,0
Mexico vs Ecuador,2026-07-01T02:00:00Z,2026-06-30T12:49:18+00:00,screenshot-mexico-ecuador-20260630,4-1,2-0,1.0,0
Mexico vs Ecuador,2026-07-01T02:00:00Z,2026-06-30T12:49:18+00:00,screenshot-mexico-ecuador-20260630,1-4,2-0,0.0,0
Mexico vs Ecuador,2026-07-01T02:00:00Z,2026-06-30T12:49:18+00:00,screenshot-mexico-ecuador-20260630,4-2,2-0,1.0,0
Mexico vs Ecuador,2026-07-01T02:00:00Z,2026-06-30T12:49:18+00:00,screenshot-mexico-ecuador-20260630,2-4,2-0,0.0,0
Mexico vs Ecuador,2026-07-01T02:00:00Z,2026-06-30T12:49:18+00:00,screenshot-mexico-ecuador-20260630,4-3,2-0,0.0,0
Mexico vs Ecuador,2026-07-01T02:00:00Z,2026-06-30T12:49:18+00:00,screenshot-mexico-ecuador-20260630,3-4,2-0,0.0,0
Mexico vs Ecuador,2026-07-01T02:00:00Z,2026-06-30T12:49:18+00:00,screenshot-mexico-ecuador-20260630,5-0,2-0,0.0,0
Mexico vs Ecuador,2026-07-01T02:00:00Z,2026-06-30T12:49:18+00:00,screenshot-mexico-ecuador-20260630,0-5,2-0,0.0,0
Mexico vs Ecuador,2026-07-01T02:00:00Z,2026-06-30T12:49:18+00:00,screenshot-mexico-ecuador-20260630,5-1,2-0,0.0,0
Mexico vs Ecuador,2026-07-01T02:00:00Z,2026-06-30T12:49:18+00:00,screenshot-mexico-ecuador-20260630,1-5,2-0,0.0,0
Mexico vs Ecuador,2026-07-01T02:00:00Z,2026-06-30T12:49:18+00:00,screenshot-mexico-ecuador-20260630,5-2,2-0,0.0,0
Mexico vs Ecuador,2026-07-01T02:00:00Z,2026-06-30T12:49:18+00:00,screenshot-mexico-ecuador-20260630,2-5,2-0,0.0,0
Mexico vs Ecuador,2026-07-01T02:00:00Z,2026-06-30T12:49:18+00:00,screenshot-mexico-ecuador-20260630,5-3,2-0,0.0,0
Mexico vs Ecuador,2026-07-01T02:00:00Z,2026-06-30T12:49:18+00:00,screenshot-mexico-ecuador-20260630,3-5,2-0,0.0,0
Mexico vs Ecuador,2026-07-01T02:00:00Z,2026-06-30T12:49:18+00:00,screenshot-mexico-ecuador-20260630,5-4,2-0,0.0,0
Mexico vs Ecuador,2026-07-01T02:00:00Z,2026-06-30T12:49:18+00:00,screenshot-mexico-ecuador-20260630,4-5,2-0,0.0,0
England vs DR Congo,2026-07-01T16:00:00Z,2026-07-01T11:52:52+00:00,screenshot-england-dr-congo-20260701,1-0,2-1,8.0,0
England vs DR Congo,2026-07-01T16:00:00Z,2026-07-01T11:52:52+00:00,screenshot-england-dr-congo-20260701,0-0,2-1,2.0,0
England vs DR Congo,2026-07-01T16:00:00Z,2026-07-01T11:52:52+00:00,screenshot-england-dr-congo-20260701,0-1,2-1,7.0,0
England vs DR Congo,2026-07-01T16:00:00Z,2026-07-01T11:52:52+00:00,screenshot-england-dr-congo-20260701,2-0,2-1,26.0,0
England vs DR Congo,2026-07-01T16:00:00Z,2026-07-01T11:52:52+00:00,screenshot-england-dr-congo-20260701,1-1,2-1,3.0,0
England vs DR Congo,2026-07-01T16:00:00Z,2026-07-01T11:52:52+00:00,screenshot-england-dr-congo-20260701,0-2,2-1,1.0,0
England vs DR Congo,2026-07-01T16:00:00Z,2026-07-01T11:52:52+00:00,screenshot-england-dr-congo-20260701,2-1,2-1,13.0,1
England vs DR Congo,2026-07-01T16:00:00Z,2026-07-01T11:52:52+00:00,screenshot-england-dr-congo-20260701,2-2,2-1,2.0,0
England vs DR Congo,2026-07-01T16:00:00Z,2026-07-01T11:52:52+00:00,screenshot-england-dr-congo-20260701,1-2,2-1,2.0,0
England vs DR Congo,2026-07-01T16:00:00Z,2026-07-01T11:52:52+00:00,screenshot-england-dr-congo-20260701,3-0,2-1,12.0,0
England vs DR Congo,2026-07-01T16:00:00Z,2026-07-01T11:52:52+00:00,screenshot-england-dr-congo-20260701,3-3,2-1,0.0,0
England vs DR Congo,2026-07-01T16:00:00Z,2026-07-01T11:52:52+00:00,screenshot-england-dr-congo-20260701,0-3,2-1,1.0,0
England vs DR Congo,2026-07-01T16:00:00Z,2026-07-01T11:52:52+00:00,screenshot-england-dr-congo-20260701,3-1,2-1,11.0,0
England vs DR Congo,2026-07-01T16:00:00Z,2026-07-01T11:52:52+00:00,screenshot-england-dr-congo-20260701,4-4,2-1,0.0,0
England vs DR Congo,2026-07-01T16:00:00Z,2026-07-01T11:52:52+00:00,screenshot-england-dr-congo-20260701,1-3,2-1,1.0,0
England vs DR Congo,2026-07-01T16:00:00Z,2026-07-01T11:52:52+00:00,screenshot-england-dr-congo-20260701,3-2,2-1,1.0,0
England vs DR Congo,2026-07-01T16:00:00Z,2026-07-01T11:52:52+00:00,screenshot-england-dr-congo-20260701,2-3,2-1,1.0,0
England vs DR Congo,2026-07-01T16:00:00Z,2026-07-01T11:52:52+00:00,screenshot-england-dr-congo-20260701,4-0,2-1,4.0,0
England vs DR Congo,2026-07-01T16:00:00Z,2026-07-01T11:52:52+00:00,screenshot-england-dr-congo-20260701,0-4,2-1,0.0,0
England vs DR Congo,2026-07-01T16:00:00Z,2026-07-01T11:52:52+00:00,screenshot-england-dr-congo-20260701,4-1,2-1,3.0,0
England vs DR Congo,2026-07-01T16:00:00Z,2026-07-01T11:52:52+00:00,screenshot-england-dr-congo-20260701,1-4,2-1,0.0,0
England vs DR Congo,2026-07-01T16:00:00Z,2026-07-01T11:52:52+00:00,screenshot-england-dr-congo-20260701,4-2,2-1,1.0,0
England vs DR Congo,2026-07-01T16:00:00Z,2026-07-01T11:52:52+00:00,screenshot-england-dr-congo-20260701,2-4,2-1,0.0,0
England vs DR Congo,2026-07-01T16:00:00Z,2026-07-01T11:52:52+00:00,screenshot-england-dr-congo-20260701,4-3,2-1,0.0,0
England vs DR Congo,2026-07-01T16:00:00Z,2026-07-01T11:52:52+00:00,screenshot-england-dr-congo-20260701,3-4,2-1,0.0,0
England vs DR Congo,2026-07-01T16:00:00Z,2026-07-01T11:52:52+00:00,screenshot-england-dr-congo-20260701,5-0,2-1,1.0,0
England vs DR Congo,2026-07-01T16:00:00Z,2026-07-01T11:52:52+00:00,screenshot-england-dr-congo-20260701,0-5,2-1,0.0,0
England vs DR Congo,2026-07-01T16:00:00Z,2026-07-01T11:52:52+00:00,screenshot-england-dr-congo-20260701,5-1,2-1,1.0,0
England vs DR Congo,2026-07-01T16:00:00Z,2026-07-01T11:52:52+00:00,screenshot-england-dr-congo-20260701,1-5,2-1,0.0,0
England vs DR Congo,2026-07-01T16:00:00Z,2026-07-01T11:52:52+00:00,screenshot-england-dr-congo-20260701,5-2,2-1,1.0,0
England vs DR Congo,2026-07-01T16:00:00Z,2026-07-01T11:52:52+00:00,screenshot-england-dr-congo-20260701,2-5,2-1,0.0,0
England vs DR Congo,2026-07-01T16:00:00Z,2026-07-01T11:52:52+00:00,screenshot-england-dr-congo-20260701,5-3,2-1,1.0,0
England vs DR Congo,2026-07-01T16:00:00Z,2026-07-01T11:52:52+00:00,screenshot-england-dr-congo-20260701,3-5,2-1,0.0,0
England vs DR Congo,2026-07-01T16:00:00Z,2026-07-01T11:52:52+00:00,screenshot-england-dr-congo-20260701,5-4,2-1,1.0,0
England vs DR Congo,2026-07-01T16:00:00Z,2026-07-01T11:52:52+00:00,screenshot-england-dr-congo-20260701,4-5,2-1,1.0,0
Belgium vs Senegal,2026-07-01T20:00:00Z,2026-07-01T11:56:44+00:00,screenshot-belgium-senegal-20260701,1-0,3-2,5.0,0
Belgium vs Senegal,2026-07-01T20:00:00Z,2026-07-01T11:56:44+00:00,screenshot-belgium-senegal-20260701,0-0,3-2,3.0,0
Belgium vs Senegal,2026-07-01T20:00:00Z,2026-07-01T11:56:44+00:00,screenshot-belgium-senegal-20260701,0-1,3-2,5.0,0
Belgium vs Senegal,2026-07-01T20:00:00Z,2026-07-01T11:56:44+00:00,screenshot-belgium-senegal-20260701,2-0,3-2,3.0,0
Belgium vs Senegal,2026-07-01T20:00:00Z,2026-07-01T11:56:44+00:00,screenshot-belgium-senegal-20260701,1-1,3-2,18.0,0
Belgium vs Senegal,2026-07-01T20:00:00Z,2026-07-01T11:56:44+00:00,screenshot-belgium-senegal-20260701,0-2,3-2,2.0,0
Belgium vs Senegal,2026-07-01T20:00:00Z,2026-07-01T11:56:44+00:00,screenshot-belgium-senegal-20260701,2-1,3-2,22.0,0
Belgium vs Senegal,2026-07-01T20:00:00Z,2026-07-01T11:56:44+00:00,screenshot-belgium-senegal-20260701,2-2,3-2,6.0,0
Belgium vs Senegal,2026-07-01T20:00:00Z,2026-07-01T11:56:44+00:00,screenshot-belgium-senegal-20260701,1-2,3-2,17.0,0
Belgium vs Senegal,2026-07-01T20:00:00Z,2026-07-01T11:56:44+00:00,screenshot-belgium-senegal-20260701,3-0,3-2,2.0,0
Belgium vs Senegal,2026-07-01T20:00:00Z,2026-07-01T11:56:44+00:00,screenshot-belgium-senegal-20260701,3-3,3-2,1.0,0
Belgium vs Senegal,2026-07-01T20:00:00Z,2026-07-01T11:56:44+00:00,screenshot-belgium-senegal-20260701,0-3,3-2,1.0,0
Belgium vs Senegal,2026-07-01T20:00:00Z,2026-07-01T11:56:44+00:00,screenshot-belgium-senegal-20260701,3-1,3-2,4.0,0
Belgium vs Senegal,2026-07-01T20:00:00Z,2026-07-01T11:56:44+00:00,screenshot-belgium-senegal-20260701,4-4,3-2,0.0,0
Belgium vs Senegal,2026-07-01T20:00:00Z,2026-07-01T11:56:44+00:00,screenshot-belgium-senegal-20260701,1-3,3-2,2.0,0
Belgium vs Senegal,2026-07-01T20:00:00Z,2026-07-01T11:56:44+00:00,screenshot-belgium-senegal-20260701,3-2,3-2,1.0,1
Belgium vs Senegal,2026-07-01T20:00:00Z,2026-07-01T11:56:44+00:00,screenshot-belgium-senegal-20260701,2-3,3-2,2.0,0
Belgium vs Senegal,2026-07-01T20:00:00Z,2026-07-01T11:56:44+00:00,screenshot-belgium-senegal-20260701,4-0,3-2,1.0,0
Belgium vs Senegal,2026-07-01T20:00:00Z,2026-07-01T11:56:44+00:00,screenshot-belgium-senegal-20260701,0-4,3-2,0.0,0
Belgium vs Senegal,2026-07-01T20:00:00Z,2026-07-01T11:56:44+00:00,screenshot-belgium-senegal-20260701,4-1,3-2,0.0,0
Belgium vs Senegal,2026-07-01T20:00:00Z,2026-07-01T11:56:44+00:00,screenshot-belgium-senegal-20260701,1-4,3-2,0.0,0
Belgium vs Senegal,2026-07-01T20:00:00Z,2026-07-01T11:56:44+00:00,screenshot-belgium-senegal-20260701,4-2,3-2,0.0,0
Belgium vs Senegal,2026-07-01T20:00:00Z,2026-07-01T11:56:44+00:00,screenshot-belgium-senegal-20260701,2-4,3-2,0.0,0
Belgium vs Senegal,2026-07-01T20:00:00Z,2026-07-01T11:56:44+00:00,screenshot-belgium-senegal-20260701,4-3,3-2,0.0,0
Belgium vs Senegal,2026-07-01T20:00:00Z,2026-07-01T11:56:44+00:00,screenshot-belgium-senegal-20260701,3-4,3-2,0.0,0
Belgium vs Senegal,2026-07-01T20:00:00Z,2026-07-01T11:56:44+00:00,screenshot-belgium-senegal-20260701,5-0,3-2,1.0,0
Belgium vs Senegal,2026-07-01T20:00:00Z,2026-07-01T11:56:44+00:00,screenshot-belgium-senegal-20260701,0-5,3-2,0.0,0
Belgium vs Senegal,2026-07-01T20:00:00Z,2026-07-01T11:56:44+00:00,screenshot-belgium-senegal-20260701,5-1,3-2,0.0,0
Belgium vs Senegal,2026-07-01T20:00:00Z,2026-07-01T11:56:44+00:00,screenshot-belgium-senegal-20260701,1-5,3-2,0.0,0
Belgium vs Senegal,2026-07-01T20:00:00Z,2026-07-01T11:56:44+00:00,screenshot-belgium-senegal-20260701,5-2,3-2,0.0,0
Belgium vs Senegal,2026-07-01T20:00:00Z,2026-07-01T11:56:44+00:00,screenshot-belgium-senegal-20260701,2-5,3-2,0.0,0
Belgium vs Senegal,2026-07-01T20:00:00Z,2026-07-01T11:56:44+00:00,screenshot-belgium-senegal-20260701,5-3,3-2,1.0,0
Belgium vs Senegal,2026-07-01T20:00:00Z,2026-07-01T11:56:44+00:00,screenshot-belgium-senegal-20260701,3-5,3-2,0.0,0
Belgium vs Senegal,2026-07-01T20:00:00Z,2026-07-01T11:56:44+00:00,screenshot-belgium-senegal-20260701,5-4,3-2,1.0,0
Belgium vs Senegal,2026-07-01T20:00:00Z,2026-07-01T11:56:44+00:00,screenshot-belgium-senegal-20260701,4-5,3-2,1.0,0
USA vs Bosnia & Herzegovina,2026-07-02T00:00:00Z,2026-07-01T12:00:10+00:00,screenshot-usa-bosnia-20260701,1-0,2-0,8.0,0
USA vs Bosnia & Herzegovina,2026-07-02T00:00:00Z,2026-07-01T12:00:10+00:00,screenshot-usa-bosnia-20260701,0-0,2-0,2.0,0
USA vs Bosnia & Herzegovina,2026-07-02T00:00:00Z,2026-07-01T12:00:10+00:00,screenshot-usa-bosnia-20260701,0-1,2-0,1.0,0
USA vs Bosnia & Herzegovina,2026-07-02T00:00:00Z,2026-07-01T12:00:10+00:00,screenshot-usa-bosnia-20260701,2-0,2-0,16.0,1
USA vs Bosnia & Herzegovina,2026-07-02T00:00:00Z,2026-07-01T12:00:10+00:00,screenshot-usa-bosnia-20260701,1-1,2-0,5.0,0
USA vs Bosnia & Herzegovina,2026-07-02T00:00:00Z,2026-07-01T12:00:10+00:00,screenshot-usa-bosnia-20260701,0-2,2-0,1.0,0
USA vs Bosnia & Herzegovina,2026-07-02T00:00:00Z,2026-07-01T12:00:10+00:00,screenshot-usa-bosnia-20260701,2-1,2-0,29.0,0
USA vs Bosnia & Herzegovina,2026-07-02T00:00:00Z,2026-07-01T12:00:10+00:00,screenshot-usa-bosnia-20260701,2-2,2-0,1.0,0
USA vs Bosnia & Herzegovina,2026-07-02T00:00:00Z,2026-07-01T12:00:10+00:00,screenshot-usa-bosnia-20260701,1-2,2-0,3.0,0
USA vs Bosnia & Herzegovina,2026-07-02T00:00:00Z,2026-07-01T12:00:10+00:00,screenshot-usa-bosnia-20260701,3-0,2-0,5.0,0
USA vs Bosnia & Herzegovina,2026-07-02T00:00:00Z,2026-07-01T12:00:10+00:00,screenshot-usa-bosnia-20260701,3-3,2-0,0.0,0
USA vs Bosnia & Herzegovina,2026-07-02T00:00:00Z,2026-07-01T12:00:10+00:00,screenshot-usa-bosnia-20260701,0-3,2-0,0.0,0
USA vs Bosnia & Herzegovina,2026-07-02T00:00:00Z,2026-07-01T12:00:10+00:00,screenshot-usa-bosnia-20260701,3-1,2-0,14.0,0
USA vs Bosnia & Herzegovina,2026-07-02T00:00:00Z,2026-07-01T12:00:10+00:00,screenshot-usa-bosnia-20260701,4-4,2-0,0.0,0
USA vs Bosnia & Herzegovina,2026-07-02T00:00:00Z,2026-07-01T12:00:10+00:00,screenshot-usa-bosnia-20260701,1-3,2-0,1.0,0
USA vs Bosnia & Herzegovina,2026-07-02T00:00:00Z,2026-07-01T12:00:10+00:00,screenshot-usa-bosnia-20260701,3-2,2-0,1.0,0
USA vs Bosnia & Herzegovina,2026-07-02T00:00:00Z,2026-07-01T12:00:10+00:00,screenshot-usa-bosnia-20260701,2-3,2-0,0.0,0
USA vs Bosnia & Herzegovina,2026-07-02T00:00:00Z,2026-07-01T12:00:10+00:00,screenshot-usa-bosnia-20260701,4-0,2-0,1.0,0
USA vs Bosnia & Herzegovina,2026-07-02T00:00:00Z,2026-07-01T12:00:10+00:00,screenshot-usa-bosnia-20260701,0-4,2-0,0.0,0
USA vs Bosnia & Herzegovina,2026-07-02T00:00:00Z,2026-07-01T12:00:10+00:00,screenshot-usa-bosnia-20260701,4-1,2-0,2.0,0
USA vs Bosnia & Herzegovina,2026-07-02T00:00:00Z,2026-07-01T12:00:10+00:00,screenshot-usa-bosnia-20260701,1-4,2-0,0.0,0
USA vs Bosnia & Herzegovina,2026-07-02T00:00:00Z,2026-07-01T12:00:10+00:00,screenshot-usa-bosnia-20260701,4-2,2-0,1.0,0
USA vs Bosnia & Herzegovina,2026-07-02T00:00:00Z,2026-07-01T12:00:10+00:00,screenshot-usa-bosnia-20260701,2-4,2-0,0.0,0
USA vs Bosnia & Herzegovina,2026-07-02T00:00:00Z,2026-07-01T12:00:10+00:00,screenshot-usa-bosnia-20260701,4-3,2-0,0.0,0
USA vs Bosnia & Herzegovina,2026-07-02T00:00:00Z,2026-07-01T12:00:10+00:00,screenshot-usa-bosnia-20260701,3-4,2-0,0.0,0
USA vs Bosnia & Herzegovina,2026-07-02T00:00:00Z,2026-07-01T12:00:10+00:00,screenshot-usa-bosnia-20260701,5-0,2-0,1.0,0
USA vs Bosnia & Herzegovina,2026-07-02T00:00:00Z,2026-07-01T12:00:10+00:00,screenshot-usa-bosnia-20260701,0-5,2-0,0.0,0
USA vs Bosnia & Herzegovina,2026-07-02T00:00:00Z,2026-07-01T12:00:10+00:00,screenshot-usa-bosnia-20260701,5-1,2-0,1.0,0
USA vs Bosnia & Herzegovina,2026-07-02T00:00:00Z,2026-07-01T12:00:10+00:00,screenshot-usa-bosnia-20260701,1-5,2-0,0.0,0
USA vs Bosnia & Herzegovina,2026-07-02T00:00:00Z,2026-07-01T12:00:10+00:00,screenshot-usa-bosnia-20260701,5-2,2-0,0.0,0
USA vs Bosnia & Herzegovina,2026-07-02T00:00:00Z,2026-07-01T12:00:10+00:00,screenshot-usa-bosnia-20260701,2-5,2-0,0.0,0
USA vs Bosnia & Herzegovina,2026-07-02T00:00:00Z,2026-07-01T12:00:10+00:00,screenshot-usa-bosnia-20260701,5-3,2-0,3.0,0
USA vs Bosnia & Herzegovina,2026-07-02T00:00:00Z,2026-07-01T12:00:10+00:00,screenshot-usa-bosnia-20260701,3-5,2-0,0.0,0
USA vs Bosnia & Herzegovina,2026-07-02T00:00:00Z,2026-07-01T12:00:10+00:00,screenshot-usa-bosnia-20260701,5-4,2-0,2.0,0
USA vs Bosnia & Herzegovina,2026-07-02T00:00:00Z,2026-07-01T12:00:10+00:00,screenshot-usa-bosnia-20260701,4-5,2-0,1.0,0
