metric,value
2026_poisson_vs_2022_actual_tv,0.29826289272700895
2026_calibrated_vs_2022_actual_tv,0.22076415346247705
2022_h2h_poisson_vs_2022_actual_tv,0.262237189799266
